job_id,skill_id
0,0
0,1
66,1
76,0
76,1
81,1
106,1
116,0
116,2
134,0
139,3
139,1
145,4
148,0
148,5
148,1
167,0
167,6
167,1
177,2
177,1
205,0
205,7
205,186
205,8
217,9
217,10
217,11
217,0
220,1
220,4
220,0
220,12
248,1
248,4
248,2
276,0
284,0
284,1
284,13
284,14
284,3
359,6
359,1
411,2
411,0
411,1
411,9
436,1
477,1
477,15
484,1
484,5
484,0
490,0
490,16
490,1
491,0
491,1
492,1
524,1
524,0
534,8
534,16
534,1
534,0
554,14
554,17
593,0
609,0
669,1
685,1
691,0
691,1
705,4
707,1
707,4
707,3
715,0
715,1
763,4
763,1
763,2
787,1
787,5
804,1
804,0
804,3
804,4
804,2
804,18
804,62
804,6
811,4
811,3
811,1
811,8
811,19
811,0
811,2
836,0
836,1
868,0
868,1
868,5
870,0
870,20
870,1
886,7
886,186
886,0
886,1
931,1
931,0
964,0
1007,0
1007,5
1007,1
1061,1
1061,0
1061,2
1061,12
1098,0
1098,6
1098,21
1098,22
1098,2
1098,18
1098,62
1107,1
1107,0
1160,1
1175,0
1183,0
1183,5
1183,1
1211,1
1211,0
1211,8
1276,0
1317,1
1337,0
1348,0
1348,1
1356,7
1356,186
1357,1
1357,0
1357,22
1413,0
1413,3
1413,1
1413,2
1427,1
1462,0
1552,0
1552,1
1577,1
1594,4
1594,1
1594,0
1607,0
1607,1
1607,5
1609,1
1609,0
1613,1
1613,0
1623,1
1636,1
1646,0
1646,23
1654,14
1654,13
1654,4
1654,1
1675,1
1675,3
1675,4
1723,1
1723,21
1723,5
1750,0
1762,0
1777,5
1777,1
1783,1
1783,2
1783,24
1785,0
1785,10
1785,9
1785,12
1785,5
1785,1
1785,25
1788,0
1788,1
1788,5
1809,1
1828,1
1828,0
1828,2
1851,1
1878,26
1878,1
1878,4
1878,0
1883,1
1883,0
1900,1
1900,5
1900,0
1902,1
1902,6
1904,0
1937,1
1937,0
1959,0
1960,9
1960,17
1960,11
1970,1
1984,0
1985,0
1985,2
1985,12
1985,1
2000,1
2000,7
2000,186
2000,0
2000,5
2062,0
2062,24
2062,1
2089,1
2089,0
2089,8
2142,1
2142,3
2142,5
2152,1
2152,0
2280,1
2280,4
2281,4
2281,1
2281,3
2281,0
2293,1
2293,0
2293,26
2293,3
2293,4
2296,26
2296,13
2296,1
2301,0
2320,26
2320,13
2326,1
2326,5
2326,0
2326,7
2326,186
2331,0
2377,8
2377,0
2377,1
2414,0
2414,1
2514,0
2523,13
2523,1
2523,27
2523,8
2523,9
2523,14
2530,3
2530,2
2562,0
2562,1
2562,28
2568,1
2570,1
2570,0
2594,1
2594,0
2594,2
2604,0
2604,1
2629,1
2629,5
2629,26
2629,13
2629,0
2629,18
2629,62
2645,1
2645,3
2645,2
2651,1
2700,22
2700,1
2700,0
2728,1
2728,0
2728,2
2835,1
2835,29
2835,5
2850,0
2850,1
2850,5
2850,15
2866,7
2866,186
2866,0
2866,1
2866,14
2866,18
2866,62
2866,28
2878,1
2878,0
2878,16
2905,1
2905,30
2905,144
2911,3
2911,2
2911,18
2911,62
2911,24
2911,4
2911,1
2911,31
2911,9
2911,6
2911,0
2915,0
2915,1
2915,5
2923,0
2923,1
2923,5
2928,1
2928,4
2928,3
2935,3
2935,0
2935,1
2935,30
2935,144
2935,8
2942,0
2954,1
2954,0
3019,1
3019,5
3019,15
3019,0
3019,2
3049,0
3142,2
3142,24
3142,1
3196,0
3213,1
3213,5
3213,0
3273,26
3273,22
3273,0
3282,0
3282,1
3282,31
3290,7
3290,186
3290,5
3336,0
3336,1
3336,5
3336,4
3386,0
3386,5
3386,1
3386,7
3386,186
3400,1
3400,4
3400,3
3400,5
3400,7
3400,186
3402,0
3402,1
3402,5
3402,3
3402,20
3402,4
3402,8
3423,3
3451,0
3451,1
3465,1
3474,1
3474,0
3492,7
3492,186
3492,0
3492,1
3498,0
3510,0
3510,1
3540,0
3569,0
3569,1
3578,0
3578,12
3632,0
3632,1
3748,1
3799,1
3825,0
3825,1
3825,5
3865,1
3868,1
3868,0
3885,32
3942,6
3942,16
3942,0
3978,0
3978,2
3978,4
3978,27
3993,0
3993,5
3993,1
4029,0
4029,4
4029,5
4038,32
4038,20
4038,1
4123,1
4123,0
4146,8
4146,27
4146,4
4176,8
4195,0
4240,0
4240,1
4240,3
4240,14
4240,5
4283,0
4300,1
4300,12
4300,31
4331,14
4331,10
4331,11
4364,0
4375,1
4388,0
4451,26
4451,0
4451,1
4451,4
4451,3
4454,1
4454,5
4454,7
4454,186
4461,1
4461,0
4461,2
4462,0
4464,0
4469,5
4469,26
4472,0
4472,29
4483,1
4483,0
4544,1
4544,0
4544,2
4550,4
4550,1
4554,16
4554,0
4554,7
4554,186
4621,1
4621,5
4621,0
4621,26
4650,3
4650,1
4650,4
4668,8
4668,0
4730,0
4730,2
4730,18
4730,62
4734,0
4734,1
4753,1
4768,0
4768,23
4768,4
4768,25
4768,33
4768,14
4768,34
4768,1
4797,1
4797,8
4807,0
4807,1
4807,5
4836,1
4859,0
4859,4
4859,1
4876,0
4951,0
4951,7
4951,186
4951,23
4951,1
4951,5
4967,0
4967,5
4967,1
4974,1
4974,5
4974,0
4974,7
4974,186
5006,14
5006,0
5020,1
5020,6
5027,7
5027,186
5027,15
5030,0
5030,1
5030,8
5042,5
5050,1
5068,1
5155,5
5187,1
5196,0
5217,0
5217,1
5217,5
5299,0
5309,5
5309,1
5402,1
5402,4
5402,3
5402,0
5429,0
5485,0
5485,5
5485,7
5485,186
5485,1
5485,4
5488,26
5532,1
5532,4
5532,3
5532,0
5532,2
5532,18
5532,62
5602,4
5602,13
5602,3
5602,0
5602,1
5620,1
5620,5
5620,3
5620,0
5635,1
5635,0
5646,1
5646,0
5699,1
5699,35
5701,0
5701,1
5701,4
5783,3
5783,1
5783,5
5783,0
5783,15
5796,0
5796,1
5796,4
5815,0
5815,7
5815,186
5815,16
5888,0
5888,1
5888,4
5888,30
5888,144
5898,1
5898,5
5898,0
5898,12
5920,1
5920,0
5943,1
5973,0
5975,16
5975,0
5987,0
5987,1
5987,5
5987,15
5999,0
6018,1
6018,5
6036,3
6036,1
6036,4
6066,0
6075,1
6075,5
6075,0
6129,0
6129,6
6129,4
6129,1
6129,3
6156,1
6156,0
6160,0
6160,1
6160,4
6160,6
6204,1
6218,1
6226,1
6226,0
6226,8
6238,1
6246,3
6246,4
6246,1
6246,0
6295,0
6308,0
6308,1
6327,0
6327,1
6333,1
6336,0
6336,1
6360,1
6360,0
6361,0
6406,1
6406,3
6417,3
6419,5
6419,1
6419,7
6419,186
6443,12
6443,1
6443,4
6479,7
6479,186
6479,1
6479,0
6483,0
6483,1
6491,1
6518,1
6518,0
6612,0
6612,22
6616,0
6616,1
6721,1
6727,0
6727,1
6741,1
6741,5
6741,0
6803,8
6803,1
6810,1
6810,0
6810,4
6810,12
6810,6
6813,0
6813,1
6813,28
6827,0
6827,2
6827,18
6827,62
6877,1
6877,5
6877,0
6944,0
6944,1
6966,2
6966,1
6966,4
6966,3
6966,5
6966,0
6966,16
6975,1
6975,0
7013,1
7013,0
7040,0
7040,1
7046,0
7049,0
7055,0
7057,0
7057,1
7057,5
7057,4
7057,13
7091,1
7104,8
7113,0
7113,1
7120,0
7120,1
7154,1
7154,3
7154,0
7162,0
7171,9
7171,30
7171,144
7171,1
7201,23
7201,0
7204,1
7204,5
7204,22
7204,0
7204,4
7224,1
7224,0
7224,4
7224,12
7224,6
7281,1
7281,22
7340,8
7340,1
7389,1
7402,0
7402,2
7402,1
7402,5
7402,4
7402,13
7402,3
7435,8
7533,2
7533,0
7551,0
7551,5
7551,1
7551,3
7551,4
7551,13
7551,7
7551,186
7554,0
7554,8
7565,0
7569,1
7573,0
7573,1
7573,8
7585,4
7585,1
7585,3
7585,0
7611,17
7611,1
7614,1
7614,5
7616,1
7616,4
7616,9
7616,25
7616,30
7616,144
7616,5
7616,0
7616,18
7616,62
7618,0
7675,0
7696,1
7782,0
7782,26
7806,0
7809,0
7809,1
7809,5
7821,1
7904,0
7939,4
7939,3
7939,1
7939,2
7939,0
7939,24
7939,6
7953,0
7953,2
7953,8
7964,1
7964,0
7964,3
7964,4
8027,6
8027,0
8027,1
8027,3
8027,4
8109,1
8109,5
8129,1
8129,0
8149,9
8149,6
8149,1
8149,4
8165,1
8165,4
8180,5
8180,7
8180,186
8180,15
8180,0
8180,1
8180,4
8189,1
8189,0
8189,3
8189,5
8247,0
8247,5
8247,1
8247,14
8247,9
8256,10
8261,0
8261,1
8285,0
8285,1
8318,0
8318,1
8348,7
8348,186
8348,0
8348,5
8352,0
8352,1
8352,4
8352,3
8358,1
8393,1
8393,0
8393,4
8401,0
8401,1
8402,0
8402,5
8402,1
8403,4
8403,3
8403,1
8403,8
8403,0
8470,0
8470,1
8494,0
8518,0
8542,26
8542,0
8587,8
8587,0
8618,1
8618,0
8642,16
8642,0
8642,1
8645,0
8659,0
8659,1
8715,1
8757,0
8757,1
8765,5
8765,7
8765,186
8765,1
8765,15
8765,0
8769,1
8769,5
8769,0
8771,0
8771,1
8771,5
8771,7
8771,186
8771,6
8771,8
8779,4
8779,3
8779,1
8779,2
8779,0
8779,24
8779,6
8903,8
8903,0
8903,1
8958,1
8958,0
8958,26
8962,1
8962,0
8962,6
8974,16
8974,1
8974,0
8989,5
8989,6
8989,31
8989,1
8989,25
9004,8
9004,0
9004,5
9004,1
9025,11
9092,1
9092,3
9193,30
9193,144
9193,26
9193,18
9193,62
9198,0
9198,2
9198,14
9198,4
9198,1
9219,0
9219,1
9219,9
9240,1
9240,5
9257,1
9257,5
9257,0
9257,2
9257,9
9262,0
9262,1
9262,5
9359,36
9359,5
9359,1
9359,7
9359,186
9359,15
9359,8
9359,14
9359,4
9403,8
9403,0
9412,0
9412,4
9412,26
9412,13
9412,5
9412,1
9435,5
9435,1
9435,7
9435,186
9440,0
9440,1
9440,5
9440,4
9444,8
9503,1
9558,3
9558,1
9558,4
9642,0
9642,4
9654,0
9654,1
9654,5
9688,1
9688,4
9715,0
9715,7
9715,186
9777,1
9777,0
9777,9
9801,0
9801,1
9807,0
9854,0
9854,1
9854,20
9856,0
9856,1
9883,0
10022,0
10022,1
10022,4
10022,6
10031,0
10031,1
10041,1
10096,0
10096,1
10096,5
10121,0
10128,1
10133,0
10135,1
10135,2
10135,10
10135,11
10135,9
10135,4
10135,14
10189,0
10197,0
10197,1
10197,5
10204,0
10204,1
10204,5
10210,0
10210,3
10210,4
10216,0
10216,1
10259,1
10259,0
10259,5
10259,4
10259,15
10276,0
10276,1
10276,4
10276,3
10276,17
10276,2
10300,0
10300,1
10300,5
10339,1
10352,0
10352,2
10352,1
10361,1
10361,0
10402,1
10436,1
10436,4
10436,3
10436,0
10436,2
10436,18
10436,62
10453,1
10453,0
10467,1
10467,4
10467,3
10486,0
10490,1
10490,0
10549,5
10549,1
10588,1
10588,0
10604,0
10604,1
10659,0
10716,1
10716,0
10718,0
10718,1
10718,4
10718,26
10746,1
10842,2
10842,6
10842,0
10842,3
10842,4
10842,1
10870,0
10877,0
10877,5
10877,1
10877,20
10900,0
10900,6
10900,28
10909,0
10914,7
10914,186
10914,5
10914,0
10919,1
10919,4
10919,5
10919,29
10919,15
10919,3
10919,0
10919,18
10919,62
10919,14
10919,9
10929,8
10974,1
10974,0
10974,5
11007,3
11007,1
11007,0
11007,8
11040,22
11040,0
11046,0
11088,0
11088,2
11088,6
11090,0
11122,0
11122,1
11134,5
11134,1
11214,0
11214,1
11214,3
11214,4
11214,21
11232,1
11232,5
11232,4
11232,9
11232,0
11232,18
11232,62
11254,1
11254,3
11254,4
11262,0
11315,0
11315,1
11315,5
11315,9
11326,37
11326,1
11326,5
11326,7
11326,186
11326,0
11358,21
11359,8
11359,1
11359,6
11359,0
11373,1
11373,0
11373,7
11373,186
11373,6
11373,8
11419,0
11465,0
11476,0
11476,1
11477,6
11477,1
11477,0
11477,38
11519,0
11519,1
11525,7
11525,186
11538,8
11538,5
11538,1
11538,38
11543,8
11543,0
11543,5
11543,7
11543,186
11543,1
11580,0
11596,1
11596,4
11596,3
11596,26
11625,1
11634,9
11680,0
11680,1
11680,5
11710,0
11710,18
11710,62
11710,1
11710,5
11719,0
11719,8
11831,0
11831,1
11831,5
11853,1
11853,18
11853,62
11853,28
11895,0
11895,1
11925,0
11925,1
11925,5
11936,13
11936,4
11936,1
11936,2
11936,18
11936,62
11936,6
11936,0
11936,3
11984,0
11996,1
11996,5
11996,0
12000,1
12000,4
12000,3
12000,2
12000,18
12000,62
12002,1
12002,0
12002,5
12002,9
12014,2
12014,6
12014,0
12014,18
12014,62
12039,30
12039,144
12039,4
12068,0
12068,1
12068,4
12068,3
12080,1
12080,3
12080,5
12087,0
12094,5
12094,1
12094,0
12122,0
12137,5
12137,1
12162,4
12162,1
12162,0
12162,6
12174,0
12174,1
12174,4
12179,1
12224,0
12224,7
12224,186
12249,1
12249,5
12275,1
12285,0
12285,1
12297,0
12312,1
12312,13
12312,29
12312,8
12312,5
12386,0
12386,2
12386,1
12386,3
12386,4
12391,1
12391,25
12391,9
12391,18
12391,62
12436,1
12436,0
12460,1
12460,3
12460,4
12460,0
12471,0
12474,1
12474,4
12474,3
12474,8
12506,1
12506,0
12528,1
12544,1
12544,0
12546,0
12546,1
12546,5
12546,8
12590,1
12600,1
12600,0
12621,0
12621,1
12621,5
12646,1
12646,0
12646,5
12646,7
12646,186
12727,1
12727,0
12733,1
12733,0
12744,0
12744,1
12750,4
12750,3
12750,1
12766,5
12766,4
12766,14
12766,13
12766,8
12768,4
12805,0
12805,5
12805,1
12819,1
12819,0
12819,2
12824,5
12824,1
12824,3
12824,0
12824,6
12824,2
12824,18
12824,62
12833,0
12853,5
12853,1
12853,4
12853,13
12853,15
12853,22
12853,0
12952,1
12952,9
12952,10
12952,11
12971,0
12971,1
12971,4
12971,3
12971,26
13030,0
13030,5
13030,1
13068,0
13068,2
13068,1
13068,4
13068,3
13101,4
13101,1
13157,0
13193,9
13195,1
13195,5
13195,15
13195,0
13197,4
13197,1
13242,0
13242,20
13242,1
13368,1
13368,5
13368,0
13368,7
13368,186
13409,4
13409,1
13409,0
13429,1
13486,1
13486,5
13486,0
13492,1
13500,1
13500,6
13500,0
13517,10
13595,0
13595,1
13617,1
13617,39
13617,8
13617,31
13622,4
13622,3
13622,12
13622,0
13622,1
13653,1
13653,4
13655,0
13655,1
13655,30
13655,144
13655,4
13735,0
13761,5
13761,3
13761,1
13761,0
13765,0
13767,26
13767,8
13805,0
13808,1
13808,5
13808,4
13808,9
13808,13
13808,0
13808,2
13825,1
13825,4
13825,0
13825,2
13910,4
13910,1
13910,0
13923,1
13923,0
13942,1
13942,4
13942,0
13949,3
13949,0
13949,1
13949,5
13949,8
13967,4
13967,1
13967,0
14026,0
14027,0
14027,1
14032,1
14032,4
14032,0
14038,0
14050,1
14050,4
14050,26
14050,6
14152,0
14152,21
14152,7
14152,186
14166,1
14166,0
14198,0
14198,1
14198,5
14198,25
14232,1
14235,0
14235,1
14244,1
14244,0
14246,0
14246,1
14246,5
14252,7
14252,186
14252,5
14252,0
14255,0
14274,1
14274,4
14274,3
14274,0
14274,2
14274,24
14274,6
14275,0
14275,1
14275,5
14275,7
14275,186
14275,15
14302,2
14302,0
14302,1
14302,5
14302,7
14302,186
14302,15
14351,7
14351,186
14351,1
14359,1
14409,4
14409,1
14409,3
14461,0
14461,16
14469,2
14469,0
14469,1
14469,3
14475,0
14475,1
14475,14
14478,14
14478,0
14485,1
14485,0
14485,3
14485,5
14490,0
14526,0
14537,0
14617,0
14617,1
14617,5
14617,3
14617,4
14617,12
14655,8
14655,1
14655,4
14655,0
14655,12
14655,6
14666,0
14666,1
14666,5
14668,1
14668,5
14668,0
14670,1
14672,0
14672,1
14672,3
14672,14
14742,1
14742,0
14742,2
14757,1
14757,5
14757,0
14760,7
14760,186
14760,5
14760,0
14760,22
14760,1
14819,4
14819,3
14819,1
14819,6
14819,0
14864,1
14864,5
14868,22
14868,1
14868,5
14868,31
14868,13
14868,0
14872,1
14872,0
14901,0
14901,1
14901,4
14908,5
14908,1
14908,8
14951,0
14951,1
14997,1
15029,1
15029,9
15066,0
15071,0
15071,1
15071,5
15071,4
15071,13
15075,4
15075,3
15075,1
15075,2
15075,0
15075,24
15075,6
15103,0
15103,5
15103,25
15103,4
15103,30
15103,144
15103,40
15103,15
15117,1
15127,0
15225,0
15225,1
15225,26
15235,1
15235,0
15272,0
15272,4
15355,7
15355,186
15355,5
15355,0
15355,26
15376,0
15376,4
15376,13
15376,1
15376,8
15376,9
15431,1
15431,26
15474,0
15474,22
15474,5
15474,4
15474,3
15474,7
15474,186
15474,1
15474,31
15500,2
15500,9
15500,0
15523,8
15523,1
15537,1
15537,4
15537,5
15537,0
15537,31
15544,1
15544,13
15641,0
15641,3
15641,4
15700,0
15700,1
15711,1
15711,0
15711,7
15711,186
15711,5
15723,5
15723,1
15752,0
15753,1
15823,5
15826,0
15826,14
15845,0
15845,5
15858,13
15858,14
15858,4
15858,1
15858,15
15866,5
15866,1
15866,0
15887,1
15887,2
15887,0
15887,18
15887,62
15917,22
15917,0
15920,1
15920,4
15920,8
15971,13
15971,1
16007,1
16007,5
16007,0
16068,0
16068,1
16068,4
16078,1
16078,0
16195,0
16195,4
16195,1
16232,0
16232,1
16249,0
16249,2
16249,4
16249,3
16256,8
16256,6
16256,1
16279,1
16283,0
16283,1
16283,31
16283,6
16300,0
16332,1
16332,5
16332,0
16357,2
16357,6
16357,0
16357,3
16357,4
16357,1
16399,0
16399,1
16403,8
16455,0
16455,1
16455,6
16460,1
16460,4
16474,1
16474,5
16474,15
16474,0
16481,0
16509,0
16512,0
16512,7
16512,186
16512,5
16512,1
16518,1
16518,5
16518,0
16594,1
16594,9
16614,0
16614,1
16616,1
16620,0
16623,0
16623,1
16623,3
16623,2
16623,4
16635,0
16674,13
16674,4
16674,1
16674,0
16674,3
16674,2
16674,18
16674,62
16674,6
16678,7
16678,186
16678,0
16678,1
16678,5
16688,1
16688,0
16710,0
16710,1
16710,5
16721,1
16765,0
16766,1
16831,7
16831,186
16831,5
16831,15
16837,0
16837,1
16894,0
16894,2
16894,1
16894,5
16894,4
16894,13
16894,3
16898,1
16898,0
16904,14
16904,13
16904,1
16910,0
16910,1
16927,1
16927,0
16927,3
16939,0
16939,5
16948,1
16948,0
16972,1
16972,0
16976,0
16976,5
16979,1
16979,5
17168,0
17168,2
17168,18
17168,62
17168,1
17168,4
17227,0
17333,36
17333,15
17333,1
17333,8
17343,0
17463,1
17463,4
17463,3
17463,2
17468,1
17468,0
17468,10
17468,11
17475,0
17475,1
17482,0
17482,18
17482,62
17515,0
17515,5
17515,1
17541,0
17541,5
17541,1
17541,4
17541,20
17541,10
17541,11
17541,9
17596,0
17605,1
17605,0
17644,1
17662,13
17733,1
17733,0
17741,13
17741,4
17741,1
17741,0
17741,3
17741,2
17741,18
17741,62
17741,6
17743,22
17743,0
17786,3
17786,13
17786,5
17786,1
17789,8
17796,30
17796,144
17796,1
17796,4
17796,13
17796,3
17796,0
17796,2
17818,1
17818,20
17827,1
17827,13
17827,10
17850,0
17869,1
17871,0
17876,1
17876,4
17876,0
17882,0
17882,22
17922,1
17924,0
17939,7
17939,186
17939,0
17964,0
17964,1
17964,5
18018,0
18018,1
18018,4
18023,1
18056,5
18056,0
18082,2
18082,1
18082,7
18082,186
18082,0
18092,0
18092,1
18108,0
18108,2
18108,1
18125,0
18150,1
18150,5
18150,0
18150,2
18165,0
18165,2
18165,1
18187,7
18187,186
18187,1
18218,7
18218,186
18218,5
18218,1
18218,15
18218,18
18218,62
18243,0
18243,20
18243,1
18304,4
18304,1
18308,0
18308,8
18341,1
18341,3
18341,8
18341,0
18341,5
18378,18
18378,62
18378,2
18378,3
18378,24
18378,4
18379,39
18379,1
18379,0
18379,2
18379,10
18381,1
18381,14
18381,0
18381,2
18443,4
18443,3
18443,1
18443,2
18443,0
18443,24
18443,6
18453,4
18453,13
18453,1
18453,5
18453,0
18454,0
18522,7
18522,186
18522,22
18527,0
18527,1
18572,0
18626,0
18626,24
18663,1
18663,3
18663,6
18663,2
18666,2
18666,0
18688,7
18688,186
18688,0
18688,1
18688,5
18709,1
18709,5
18709,0
18709,2
18742,5
18742,0
18745,36
18745,4
18745,1
18745,9
18745,8
18745,19
18768,0
18798,1
18798,13
18837,0
18841,8
18841,9
18841,17
18856,5
18856,7
18856,186
18951,0
18951,14
18951,1
18951,3
18995,26
18995,18
18995,62
19036,1
19036,0
19036,5
19045,22
19045,0
19046,8
19049,0
19049,24
19049,1
19049,9
19069,1
19078,1
19088,0
19088,1
19116,1
19116,0
19122,1
19122,0
19130,4
19130,3
19130,1
19130,2
19130,24
19130,6
19163,3
19182,1
19182,3
19182,4
19182,9
19182,13
19182,0
19182,2
19194,0
19194,5
19194,1
19194,22
19256,1
19256,5
19272,1
19285,1
19341,1
19341,0
19346,6
19346,0
19346,1
19346,4
19346,3
19387,0
19387,1
19387,5
19387,7
19387,186
19419,7
19419,186
19521,1
19521,5
19528,0
19528,7
19528,186
19532,1
19532,5
19532,3
19595,0
19595,4
19595,1
19618,1
19618,0
19626,1
19626,0
19691,18
19691,62
19691,0
19691,1
19740,0
19792,0
19792,4
19792,1
19792,5
19792,14
19792,20
19833,1
19833,5
19833,0
19843,1
19912,1
19928,1
19956,0
19956,2
19956,1
19956,18
19956,62
19976,1
19976,5
19976,0
20039,0
20039,2
20053,1
20053,4
20053,27
20071,0
20071,1
20071,5
20071,2
20098,0
20098,1
20101,0
20156,1
20162,0
20162,16
20208,25
20208,14
20208,4
20208,0
20227,0
20227,1
20241,1
20255,1
20255,0
20262,0
20262,1
20307,0
20346,1
20346,9
20347,1
20347,0
20364,5
20368,1
20368,0
20368,5
20368,7
20368,186
20392,0
20411,0
20411,1
20411,9
20411,2
20411,4
20501,8
20501,0
20501,1
20554,1
20554,5
20554,0
20571,1
20571,0
20571,6
20592,0
20604,1
20609,1
20609,0
20625,0
20625,2
20652,26
20652,5
20652,1
20652,0
20652,4
20652,13
20656,1
20656,4
20656,5
20656,0
20656,2
20854,8
20864,23
20864,1
20864,4
20864,3
20864,2
20864,18
20864,62
20888,1
20888,0
20889,0
20889,1
20951,1
20961,1
20961,18
20961,62
20961,9
20961,2
20976,0
20976,2
20976,1
20976,6
20998,1
21039,1
21072,0
21072,1
21072,4
21072,3
21072,2
21113,1
21113,5
21113,0
21145,8
21145,7
21145,186
21145,5
21239,4
21239,1
21239,0
21264,1
21264,0
21264,28
21264,5
21302,4
21334,0
21334,1
21334,5
21415,0
21415,4
21415,1
21415,6
21431,0
21431,1
21453,1
21453,0
21453,5
21453,3
21453,4
21453,8
21486,1
21486,5
21486,0
21486,9
21514,1
21514,5
21514,0
21578,5
21578,1
21578,0
21580,0
21580,1
21638,2
21641,0
21641,1
21660,0
21660,1
21660,3
21660,4
21660,2
21669,0
21669,1
21678,1
21678,0
21678,4
21729,1
21729,0
21770,0
21878,3
21878,1
21887,1
21887,0
21887,26
21888,4
21913,0
21913,5
21913,1
21928,1
21928,5
21928,0
21932,4
21932,3
21932,1
21932,2
21932,0
21932,6
21933,1
21933,0
21954,0
21958,1
21958,3
21958,4
21958,2
21964,0
21999,1
21999,4
21999,0
21999,3
22013,5
22013,0
22013,1
22013,4
22013,15
22069,1
22069,22
22069,0
22139,1
22139,0
22139,26
22139,13
22139,4
22145,1
22145,0
22145,7
22145,186
22158,1
22158,0
22204,1
22204,0
22204,2
22209,27
22209,1
22262,0
22275,0
22275,1
22275,20
22275,14
22340,0
22340,1
22349,0
22349,1
22349,4
22372,0
22452,5
22452,1
22452,0
22453,1
22453,5
22453,4
22477,1
22477,0
22495,22
22558,0
22558,5
22558,1
22610,0
22610,2
22610,4
22610,3
22610,1
22674,1
22729,0
22729,7
22729,186
22729,5
22729,1
22729,2
22729,9
22756,8
22756,5
22791,0
22808,1
22808,4
22808,5
22808,0
22817,4
22817,9
22817,10
22817,11
22817,0
22851,22
22851,4
22851,0
22950,1
22950,0
22967,0
22967,1
22967,2
22967,8
22974,8
22974,39
22974,13
22974,27
23001,9
23001,17
23044,1
23110,1
23110,0
23110,5
23139,0
23139,1
23139,2
23209,0
23209,22
23209,21
23211,0
23225,1
23225,2
23225,4
23267,0
23267,1
23303,0
23303,5
23311,0
23311,5
23311,1
23336,5
23336,7
23336,186
23348,0
23364,1
23374,10
23374,11
23374,9
23374,0
23386,0
23431,4
23431,1
23452,1
23452,12
23452,20
23452,0
23498,4
23498,1
23508,9
23508,11
23524,1
23524,0
23547,0
23611,0
23611,37
23632,1
23633,0
23633,1
23633,5
23633,26
23634,0
23634,2
23634,1
23634,4
23634,13
23634,3
23670,1
23677,0
23677,1
23693,1
23693,0
23717,16
23717,4
23717,1
23717,0
23717,14
23743,1
23743,5
23743,8
23770,22
23770,1
23770,5
23770,31
23770,13
23770,0
23780,3
23780,0
23780,2
23852,1
23852,0
23884,1
23884,27
23884,9
23970,5
23970,1
23970,0
23971,4
23971,26
23971,36
23971,5
23971,1
23971,7
23971,186
23971,15
23996,4
23996,1
23996,3
23999,4
23999,3
23999,1
24016,1
24016,5
24016,3
24016,4
24016,13
24016,8
24113,0
24113,5
24113,1
24113,8
24175,1
24201,1
24201,5
24201,0
24221,1
24221,0
24221,3
24221,26
24221,13
24221,4
24240,0
24250,5
24250,1
24250,4
24250,13
24250,15
24250,22
24269,1
24282,0
24282,2
24282,1
24289,1
24289,2
24289,0
24291,0
24291,14
24322,0
24385,2
24385,0
24385,4
24385,13
24385,1
24385,5
24394,2
24394,1
24394,4
24394,3
24394,27
24394,5
24394,0
24394,28
24445,30
24445,144
24445,9
24445,1
24459,0
24525,4
24525,0
24525,1
24561,1
24561,14
24561,8
24595,1
24595,4
24595,17
24633,0
24821,4
24821,1
24838,0
24851,23
24887,1
24887,5
24929,1
24962,0
24962,5
24962,1
24989,0
25044,8
25044,1
25044,0
25044,22
25051,3
25051,0
25051,26
25052,3
25052,1
25054,14
25054,1
25054,3
25054,4
25054,0
25118,1
25118,0
25126,1
25126,5
25126,0
25126,13
25147,1
25152,0
25152,1
25167,0
25167,1
25167,9
25179,1
25197,0
25197,1
25197,5
25202,20
25217,1
25228,1
25228,0
25228,14
25233,0
25246,1
25246,5
25248,1
25248,0
25248,4
25248,2
25298,26
25298,0
25298,1
25298,8
25352,0
25352,5
25352,1
25354,0
25354,1
25363,1
25363,0
25375,1
25375,0
25397,0
25397,1
25398,0
25398,1
25398,31
25405,1
25405,4
25405,0
25416,1
25491,0
25507,4
25507,3
25517,0
25528,1
25528,4
25535,1
25535,0
25545,0
25545,1
25588,0
25588,5
25588,1
25605,0
25605,1
25605,6
25621,0
25630,1
25630,5
25630,0
25630,2
25653,1
25653,0
25653,16
25685,1
25712,7
25712,186
25712,0
25712,1
25712,5
25735,5
25735,1
25772,5
25772,1
25772,0
25804,0
25804,8
25814,0
25814,1
25814,3
25838,8
25874,0
25874,1
25874,22
25889,1
25889,0
25898,0
25898,1
25920,0
25920,2
25920,1
25937,1
25937,0
25937,4
25937,13
25960,0
25960,1
25995,0
26004,1
26004,0
26021,1
26021,8
26021,4
26021,13
26032,1
26032,5
26032,3
26032,0
26040,8
26045,1
26045,4
26045,3
26049,5
26049,7
26049,186
26169,1
26169,5
26229,0
26277,0
26277,2
26277,1
26277,12
26277,6
26305,0
26305,32
26305,4
26305,1
26314,1
26314,0
26322,1
26322,0
26336,0
26336,7
26336,186
26372,0
26372,1
26406,1
26406,0
26417,0
26450,0
26450,1
26450,4
26458,1
26458,4
26458,0
26482,1
26482,9
26482,5
26482,0
26489,0
26489,1
26489,5
26560,1
26560,0
26566,7
26566,186
26566,0
26583,1
26583,0
26602,0
26631,4
26631,1
26631,25
26631,0
26631,6
26652,7
26652,186
26652,0
26694,1
26695,2
26695,0
26695,9
26695,1
26709,4
26709,0
26765,1
26765,14
26765,0
26765,2
26765,18
26765,62
26798,0
26798,1
26835,0
26835,5
26851,14
26851,0
26889,0
26958,0
26965,1
26990,3
26990,1
26990,4
26994,0
26994,2
26994,18
26994,62
26994,1
26994,4
27036,5
27036,1
27176,15
27176,1
27187,0
27187,1
27214,1
27242,26
27242,1
27242,0
27242,5
27242,4
27242,12
27242,8
27251,0
27268,1
27268,0
27275,7
27275,186
27275,0
27275,1
27278,0
27278,1
27278,5
27303,5
27304,0
27304,1
27304,16
27325,1
27333,0
27333,1
27333,3
27333,8
27333,5
27364,0
27386,0
27387,1
27387,0
27395,0
27395,23
27412,2
27412,1
27412,0
27428,1
27428,0
27433,0
27436,5
27436,7
27436,186
27436,1
27436,0
27448,2
27448,0
27448,1
27448,4
27448,3
27458,0
27458,2
27458,18
27458,62
27501,1
27504,0
27544,0
27544,1
27544,17
27649,7
27649,186
27649,1
27649,5
27649,3
27649,0
27706,1
27831,1
27845,1
27901,8
27901,5
27901,0
27963,0
27963,7
27963,186
27963,1
27963,5
27971,4
27987,0
27988,1
27988,6
28000,0
28000,1
28033,1
28033,3
28033,4
28033,0
28033,7
28033,186
28033,5
28033,6
28040,0
28040,1
28073,1
28117,0
28117,1
28204,1
28204,0
28204,26
28204,13
28204,4
28216,0
28249,15
28249,1
28255,1
28255,0
28255,5
28287,1
28304,1
28304,5
28304,14
28304,13
28311,0
28311,1
28317,4
28317,0
28375,1
28375,5
28375,4
28375,13
28392,0
28392,1
28392,6
28427,1
28427,10
28427,0
28427,28
28474,0
28474,1
28474,5
28474,15
28477,0
28477,16
28483,0
28485,0
28485,1
28556,0
28556,1
28556,3
28568,5
28568,1
28629,0
28629,1
28641,0
28735,0
28756,8
28756,1
28756,4
28756,31
28756,13
28768,1
28768,8
28768,4
28768,13
28768,0
28771,1
28771,5
28771,29
28771,0
28776,0
28776,4
28776,14
28776,1
28776,5
28799,0
28799,1
28799,26
28812,1
28812,26
28840,1
28873,1
28873,5
28873,2
28873,18
28873,62
28873,0
28884,1
28884,4
28884,0
28886,4
28886,3
28886,1
28886,2
28886,0
28886,24
28886,6
28903,0
28903,1
28913,0
28913,5
28916,5
28932,0
28932,10
28935,4
28935,11
28935,9
28935,14
28935,1
28935,18
28935,62
28935,20
28944,1
28944,0
28944,2
28944,18
28944,62
28944,4
28944,3
28958,0
28979,0
29027,0
29027,1
29048,1
29048,4
29048,5
29057,0
29057,1
29096,1
29096,7
29096,186
29096,5
29096,0
29125,1
29125,4
29125,2
29134,1
29178,1
29178,0
29194,0
29206,1
29206,5
29206,0
29241,0
29241,1
29241,14
29249,1
29249,0
29254,0
29254,1
29288,1
29288,0
29346,17
29346,39
29346,0
29346,1
29361,0
29375,0
29426,1
29426,3
29426,0
29433,22
29433,1
29439,8
29439,1
29439,15
29439,5
29439,0
29473,0
29483,7
29483,186
29483,1
29483,5
29483,0
29489,15
29489,1
29510,8
29628,0
29628,1
29628,9
29631,5
29631,1
29631,7
29631,186
29631,0
29639,0
29639,1
29639,8
29648,4
29648,13
29648,14
29648,1
29648,9
29648,17
29690,3
29690,1
29690,4
29690,0
29703,0
29721,1
29763,1
29763,4
29763,14
29763,0
29791,0
29835,1
29835,0
29835,4
29884,1
29884,5
29884,0
29888,0
29914,0
29933,0
29935,22
29935,1
29935,5
29935,15
29947,8
29947,1
29947,0
29956,0
29975,0
29975,1
29975,5
29975,26
30059,1
30059,0
30105,1
30105,0
30131,0
30131,2
30145,14
30145,0
30145,9
30145,11
30164,1
30164,0
30166,3
30166,0
30166,1
30166,6
30178,0
30178,1
30203,1
30203,5
30203,2
30203,12
30241,1
30241,0
30268,0
30345,0
30345,1
30345,3
30361,0
30361,1
30361,5
30417,5
30417,1
30417,0
30430,1
30430,4
30430,18
30430,62
30444,1
30444,27
30444,3
30444,0
30460,0
30479,1
30479,5
30479,7
30479,186
30479,0
30480,1
30491,0
30546,0
30546,7
30546,186
30560,0
30560,1
30560,8
30576,1
30576,0
30711,8
30711,1
30726,0
30733,0
30733,7
30733,186
30740,1
30740,5
30740,4
30740,0
30751,1
30751,8
30751,12
30751,27
30751,0
30793,1
30793,0
30898,1
30898,0
30914,14
30914,9
30914,0
30931,0
30970,1
30975,0
31006,0
31020,0
31020,1
31020,2
31020,38
31049,0
31049,1
31049,2
31049,18
31049,62
31057,1
31057,0
31057,5
31057,7
31057,186
31073,0
31073,1
31076,0
31098,26
31098,0
31098,16
31098,5
31098,1
31102,0
31102,5
31102,7
31102,186
31102,1
31126,6
31126,1
31130,1
31130,3
31130,5
31151,4
31151,1
31151,6
31151,0
31160,5
31160,1
31160,0
31160,7
31160,186
31169,1
31169,13
31169,29
31169,8
31169,5
31295,5
31297,0
31297,1
31297,4
31297,3
31328,4
31328,14
31328,0
31328,1
31328,9
31341,1
31341,0
31384,0
31384,1
31424,0
31428,1
31428,4
31428,5
31435,3
31435,41
31435,4
31435,8
31435,13
31435,10
31435,11
31435,9
31435,17
31435,30
31435,144
31435,2
31475,1
31550,5
31550,1
31550,0
31616,15
31616,1
31616,0
31642,0
31642,8
31658,1
31658,5
31687,0
31687,1
31739,1
31739,4
31739,26
31739,13
31763,7
31763,186
31763,0
31763,1
31763,5
31774,0
31774,1
31774,3
31774,5
31834,1
31859,0
31859,18
31859,62
31859,1
31859,22
31859,4
31880,1
31883,0
31920,0
31920,1
31920,30
31920,144
31920,4
31963,5
31963,7
31963,186
31963,1
31963,4
31963,3
31963,0
32030,6
32030,4
32034,1
32040,0
32042,0
32042,1
32042,5
32042,6
32042,9
32042,25
32122,1
32122,0
32122,18
32122,62
32122,6
32158,26
32158,0
32158,1
32158,5
32173,0
32177,18
32177,62
32177,1
32177,4
32191,1
32238,0
32242,1
32242,3
32279,0
32279,1
32279,2
32307,0
32307,1
32332,1
32352,0
32352,22
32430,5
32430,1
32430,0
32430,7
32430,186
32439,0
32512,0
32550,0
32550,5
32550,1
32550,4
32550,19
32550,15
32550,2
32592,12
32592,6
32592,0
32592,28
32592,18
32592,62
32592,9
32592,1
32592,14
32612,1
32612,0
32616,1
32616,5
32616,0
32652,4
32652,1
32652,0
32688,1
32688,0
32689,1
32689,0
32689,2
32693,0
32693,1
32693,5
32713,0
32713,1
32713,5
32713,4
32713,13
32751,3
32751,1
32751,0
32763,0
32763,1
32763,5
32763,3
32929,0
32929,2
32929,4
32929,3
32929,1
32990,6
32990,1
32990,0
33034,9
33034,10
33034,11
33061,8
33117,7
33117,186
33131,5
33147,0
33198,4
33198,3
33198,1
33198,18
33198,62
33260,1
33260,6
33287,1
33341,0
33381,0
33381,17
33381,9
33381,1
33381,18
33381,62
33389,1
33389,0
33413,0
33414,6
33414,2
33414,18
33414,62
33427,0
33480,0
33480,14
33496,1
33496,0
33497,0
33497,1
33497,7
33497,186
33503,0
33503,8
33531,0
33531,1
33572,0
33676,4
33704,1
33704,3
33704,0
33704,24
33793,8
33793,2
33793,1
33793,3
33831,0
33831,1
33976,4
33976,3
33976,1
33976,2
33976,0
33976,24
33976,6
33999,1
33999,0
33999,24
33999,4
33999,3
33999,2
34016,1
34016,0
34021,0
34021,1
34021,12
34021,5
34125,1
34125,0
34148,1
34148,0
34165,12
34176,5
34176,1
34176,8
34218,5
34218,1
34223,1
34236,1
34236,0
34236,9
34236,18
34236,62
34238,0
34325,0
34325,1
34325,5
34325,4
34325,6
34331,0
34331,16
34331,1
34331,14
34351,8
34351,5
34351,1
34351,0
34351,15
34351,26
34358,22
34358,0
34399,1
34399,5
34399,0
34399,8
34416,1
34416,0
34441,1
34441,0
34441,8
34477,0
34477,1
34477,5
34571,1
34571,4
34571,13
34571,3
34571,0
34571,2
34616,1
34616,5
34616,0
34662,1
34698,0
34705,0
34705,6
34747,1
34747,0
34747,32
34747,3
34747,18
34747,62
34764,0
34764,16
34768,0
34768,1
34806,31
34806,4
34806,1
34806,2
34806,3
34806,5
34806,0
34806,6
34813,0
34813,5
34813,1
34841,0
34841,1
34843,6
34884,1
34884,4
34884,0
34890,1
34896,4
34896,1
34896,12
34896,9
34896,17
34896,10
34896,11
34922,1
34924,5
34924,18
34924,62
34924,1
35028,0
35028,5
35028,1
35028,7
35028,186
35051,1
35051,29
35062,1
35062,4
35062,14
35062,0
35075,8
35102,0
35224,8
35229,1
35229,0
35255,4
35266,0
35266,16
35266,2
35266,1
35322,2
35322,0
35402,3
35459,0
35459,4
35459,1
35513,0
35527,7
35527,186
35527,0
35527,1
35527,5
35545,0
35617,0
35617,1
35617,5
35617,7
35617,186
35617,4
35617,9
35617,3
35665,1
35665,0
35665,2
35667,4
35667,3
35667,1
35667,2
35667,0
35667,24
35667,6
35672,1
35672,26
35672,0
35672,2
35672,18
35672,62
35681,3
35681,4
35681,1
35681,0
35681,8
35752,1
35752,5
35752,0
35769,4
35769,1
35802,0
35844,0
35844,1
35844,5
35931,0
35931,1
35931,16
35949,0
35949,2
35970,0
35977,0
36048,0
36048,24
36048,20
36077,4
36089,7
36089,186
36089,0
36089,5
36089,1
36101,1
36101,4
36101,0
36101,7
36101,186
36151,0
36151,1
36151,5
36151,4
36151,9
36221,1
36221,5
36221,3
36221,0
36273,4
36273,1
36318,1
36318,3
36318,8
36318,13
36342,0
36377,5
36377,31
36377,1
36377,7
36377,186
36377,4
36377,13
36377,14
36435,0
36435,1
36488,0
36488,1
36488,5
36488,7
36488,186
36488,8
36499,30
36499,144
36499,1
36499,4
36507,0
36507,1
36507,5
36507,4
36516,1
36615,1
36615,0
36624,0
36624,1
36624,5
36644,0
36644,14
36644,18
36644,62
36648,0
36648,1
36649,0
36649,7
36649,186
36649,1
36649,5
36649,12
36655,1
36655,0
36655,7
36655,186
36655,5
36674,1
36674,8
36685,0
36685,1
36697,0
36716,4
36716,26
36755,5
36755,7
36755,186
36846,32
36846,1
36846,0
36928,0
36928,1
36928,3
36959,0
36986,0
36986,18
36986,62
36986,1
37044,0
37044,1
37091,15
37091,5
37091,1
37128,0
37128,1
37128,5
37128,8
37242,0
37242,21
37242,1
37245,4
37245,3
37245,1
37245,2
37245,24
37245,6
37249,0
37249,1
37256,1
37258,1
37290,1
37290,5
37290,13
37310,1
37318,1
37318,0
37324,1
37324,0
37324,2
37324,12
37346,0
37454,5
37454,7
37454,186
37454,0
37454,9
37469,0
37484,0
37505,1
37518,0
37518,1
37521,8
37521,0
37521,1
37580,4
37580,13
37580,14
37580,0
37580,2
37580,18
37580,62
37580,1
37580,20
37580,5
37590,1
37590,5
37590,3
37590,0
37606,0
37606,7
37606,186
37606,1
37606,5
37606,16
37614,1
37614,0
37617,1
37617,5
37617,0
37617,15
37617,7
37617,186
37657,0
37669,5
37669,1
37669,0
37669,6
37715,0
37739,1
37739,5
37753,26
37753,1
37753,5
37753,7
37753,186
37753,0
37787,0
37805,0
37805,5
37805,8
37814,1
37814,0
37814,8
37864,1
37865,1
37865,13
37865,4
37865,5
37865,26
37865,3
37890,5
37890,1
37890,0
37890,4
37890,9
37890,26
37890,13
37890,19
37901,0
37930,1
37930,3
37930,0
37934,35
37934,0
37990,0
37990,1
37990,6
38036,8
38036,1
38036,5
38045,1
38045,5
38045,0
38045,4
38059,4
38059,1
38059,42
38192,22
38204,32
38204,1
38266,1
38266,5
38272,4
38272,3
38272,1
38272,8
38287,0
38298,5
38298,1
38298,0
38366,0
38366,1
38369,0
38369,5
38369,1
38407,1
38407,4
38407,3
38407,5
38407,0
38412,0
38436,1
38436,0
38436,28
38437,0
38437,5
38437,1
38463,0
38463,1
38636,0
38650,8
38650,0
38650,2
38650,1
38650,4
38677,0
38677,1
38677,20
38712,8
38713,1
38713,0
38755,1
38755,0
38831,0
38831,1
38878,1
38894,1
38894,3
38903,0
38903,1
38903,5
38903,7
38903,186
38928,3
38928,6
38930,0
38937,1
38967,1
38967,5
39019,0
39019,1
39038,1
39038,0
39052,0
39144,26
39144,13
39144,1
39156,0
39156,1
39291,4
39291,3
39291,1
39291,0
39291,2
39341,0
39341,2
39349,1
39349,4
39364,0
39403,1
39403,0
39460,26
39460,1
39460,5
39460,0
39506,1
39506,7
39506,186
39506,0
39506,5
39506,9
39519,1
39540,1
39540,0
39540,2
39541,0
39541,14
39541,1
39591,0
39634,0
39634,5
39634,1
39670,7
39670,186
39670,5
39670,0
39681,1
39681,0
39718,3
39718,1
39718,5
39718,0
39718,15
39733,1
39733,7
39733,186
39733,0
39745,1
39745,4
39745,3
39745,2
39745,0
39745,24
39745,6
39764,5
39764,1
39764,0
39826,0
39937,0
39937,1
39951,1
39964,3
39964,18
39964,62
39964,0
39964,2
39993,1
39993,0
40041,1
40041,0
40041,4
40079,0
40079,1
40120,0
40120,5
40120,1
40229,0
40229,1
40229,20
40229,12
40358,0
40358,1
40443,5
40443,4
40443,1
40475,3
40475,1
40475,0
40475,2
40488,18
40488,62
40488,0
40504,1
40504,5
40504,0
40573,0
40573,5
40573,7
40573,186
40573,1
40603,1
40603,0
40617,5
40617,1
40617,13
40671,0
40671,1
40690,22
40690,0
40690,5
40719,0
40719,12
40719,1
40719,20
40719,6
40741,1
40741,5
40750,4
40750,22
40750,1
40750,0
40773,1
40785,1
40785,5
40785,3
40822,0
40822,2
40822,26
40822,14
40822,1
40822,4
40822,5
40822,3
40822,30
40822,144
40822,31
40836,5
40836,1
40836,7
40836,186
40836,15
40836,0
40849,1
40849,3
40849,2
40849,0
40874,1
40874,4
40874,3
40925,0
40925,2
40925,1
40925,31
40925,6
40944,0
40944,10
40944,11
40944,9
40944,8
40957,3
40957,1
40957,0
41003,1
41064,1
41064,0
41112,0
41112,1
41112,5
41112,8
41112,13
41121,14
41121,1
41129,0
41129,22
41137,1
41145,0
41145,5
41145,1
41176,0
41176,1
41186,0
41261,5
41261,1
41261,0
41311,1
41311,0
41364,1
41364,0
41364,5
41432,1
41432,4
41432,9
41471,0
41471,5
41484,0
41484,1
41484,4
41484,5
41505,6
41505,1
41554,20
41554,0
41554,14
41607,1
41607,5
41627,1
41627,5
41627,4
41647,2
41647,0
41647,1
41647,5
41647,12
41652,0
41652,1
41675,38
41693,0
41759,8
41759,1
41759,5
41759,0
41782,0
41784,0
41784,3
41784,1
41784,6
41805,1
41805,9
41805,3
41864,0
41864,1
41886,5
41886,1
41886,3
41886,4
41886,0
41886,6
41887,1
41887,0
41887,2
41887,18
41887,62
41929,0
41929,2
42007,0
42007,9
42035,1
42039,1
42061,5
42061,1
42061,0
42145,0
42145,1
42145,5
42145,4
42145,3
42145,25
42145,9
42150,0
42150,1
42237,8
42245,1
42245,8
42265,1
42265,5
42265,3
42265,0
42269,0
42269,16
42269,1
42287,1
42287,0
42287,5
42287,7
42287,186
42317,15
42327,0
42327,1
42327,25
42327,31
42327,3
42327,16
42327,2
42327,18
42327,62
42350,0
42351,6
42351,1
42353,0
42353,1
42475,4
42475,0
42475,1
42478,1
42522,1
42522,5
42522,3
42522,0
42634,1
42706,1
42757,0
42757,8
42758,0
42758,1
42763,0
42763,5
42763,1
42763,4
42791,8
42791,1
42795,1
42795,0
42870,0
42952,0
42968,32
42968,0
42972,0
42972,1
42972,5
42972,15
42998,0
42998,7
42998,186
43037,1
43037,0
43040,0
43085,0
43090,0
43105,0
43106,0
43106,1
43106,5
43106,7
43106,186
43158,8
43158,20
43158,1
43210,0
43257,16
43257,9
43257,1
43257,0
43259,0
43261,1
43261,5
43261,4
43261,0
43283,0
43283,1
43329,2
43330,0
43330,14
43341,1
43341,0
43371,0
43371,18
43371,62
43371,1
43371,31
43371,16
43383,1
43383,0
43443,0
43520,0
43520,1
43520,8
43520,4
43520,3
43553,0
43583,5
43583,1
43671,1
43697,1
43706,1
43719,6
43719,1
43734,1
43734,0
43832,0
43832,1
43848,1
43848,5
43869,0
43879,0
43879,1
43897,8
43897,0
43897,5
43897,3
43897,4
43903,1
43903,0
43903,26
43945,1
43970,0
44005,1
44005,5
44043,0
44043,1
44043,5
44077,0
44077,1
44077,5
44155,1
44155,3
44155,5
44155,4
44178,0
44187,0
44200,0
44270,0
44270,1
44293,0
44322,1
44322,0
44322,5
44322,29
44322,2
44322,18
44322,62
44336,1
44336,4
44336,0
44340,0
44340,1
44340,2
44369,1
44369,5
44369,0
44377,1
44377,4
44377,3
44377,0
44422,5
44422,1
44422,13
44422,9
44422,8
44425,0
44425,1
44425,16
44439,0
44439,1
44522,1
44522,0
44539,4
44539,14
44539,13
44539,3
44539,5
44539,1
44539,0
44558,26
44558,5
44558,1
44600,1
44600,4
44600,3
44600,0
44600,2
44600,18
44600,62
44608,0
44608,22
44608,1
44608,5
44610,0
44610,5
44610,1
44641,9
44697,1
44697,0
44719,1
44719,0
44765,0
44776,24
44776,0
44776,2
44776,1
44815,1
44895,0
44895,1
44908,1
44908,0
44919,1
44938,0
44970,1
44970,0
44994,5
44994,1
44994,7
44994,186
45010,1
45069,0
45074,5
45074,1
45074,0
45090,1
45090,5
45090,0
45090,2
45090,3
45090,4
45107,0
45107,1
45109,0
45109,16
45186,1
45189,0
45189,14
45189,4
45189,9
45189,30
45189,144
45212,1
45309,1
45309,5
45309,0
45311,7
45311,186
45311,0
45334,0
45334,2
45334,1
45334,4
45334,13
45344,0
45344,1
45580,15
45580,5
45580,1
45592,1
45685,1
45685,5
45685,29
45706,9
45706,17
45706,11
45714,0
45721,1
45730,9
45741,8
45741,1
45744,1
45744,0
45758,5
45788,1
45788,4
45788,0
45796,26
45796,0
45796,1
45796,5
45816,1
45816,5
45816,2
45816,0
45816,4
45816,3
45828,0
45840,0
45847,1
45847,0
45847,4
45864,1
45864,5
45884,1
45884,0
45972,5
45984,1
45984,2
45984,0
46011,0
46013,22
46022,0
46022,7
46022,186
46022,5
46031,0
46059,0
46059,1
46071,0
46084,1
46084,0
46118,1
46118,4
46118,3
46118,0
46122,1
46122,17
46122,0
46122,5
46124,1
46124,0
46124,5
46124,4
46124,6
46193,0
46222,1
46222,0
46222,5
46239,0
46239,1
46239,5
46239,8
46254,0
46255,0
46255,1
46271,0
46310,1
46310,0
46343,0
46343,1
46343,4
46399,1
46399,0
46399,2
46399,4
46402,1
46417,5
46417,1
46417,7
46417,186
46417,0
46417,9
46460,1
46460,0
46474,1
46484,7
46484,186
46492,0
46492,1
46492,5
46562,0
46569,0
46571,0
46604,22
46604,0
46625,1
46625,0
46708,0
46708,1
46865,1
46865,3
46865,4
46865,0
46960,7
46960,186
46960,0
46976,6
46976,31
46976,4
46976,1
46976,3
46976,13
46976,0
46987,0
47002,1
47003,1
47003,0
47009,0
47009,1
47009,5
47009,2
47009,18
47009,62
47028,14
47028,13
47028,1
47028,5
47028,4
47030,0
47030,18
47030,62
47030,10
47030,9
47151,0
47151,1
47230,1
47232,1
47232,5
47232,0
47235,2
47235,18
47235,62
47235,0
47235,1
47301,0
47301,25
47301,30
47301,144
47301,9
47301,10
47301,11
47301,1
47301,5
47385,1
47385,0
47409,26
47428,1
47428,0
47545,0
47545,5
47545,1
47597,7
47597,186
47597,5
47597,1
47597,13
47597,4
47658,1
47658,0
47667,1
47667,4
47694,1
47694,0
47721,0
47732,1
47732,24
47732,31
47732,0
47742,1
47742,6
47764,0
47764,1
47764,4
47764,6
47778,18
47778,62
47778,1
47778,5
47778,3
47788,0
47788,5
47788,1
47922,0
47966,8
47966,1
47990,1
47990,3
47990,0
47990,2
47990,18
47990,62
48004,0
48036,0
48045,1
48045,0
48062,0
48062,7
48062,186
48062,1
48107,3
48107,0
48111,1
48111,0
48131,0
48131,1
48131,5
48131,30
48131,144
48131,25
48131,9
48171,0
48200,26
48215,1
48215,5
48244,0
48244,1
48244,8
48254,1
48254,0
48278,4
48308,7
48308,186
48308,37
48309,0
48313,1
48313,0
48313,4
48357,0
48357,1
48358,3
48358,7
48358,186
48358,5
48358,1
48406,1
48406,4
48406,3
48413,9
48413,1
48413,18
48413,62
48413,0
48445,5
48445,1
48445,0
48445,7
48445,186
48448,0
48448,1
48448,4
48448,28
48448,26
48453,3
48453,1
48453,0
48464,0
48489,0
48489,5
48489,1
48517,0
48517,30
48517,144
48517,9
48523,0
48523,1
48550,1
48550,5
48776,1
48795,1
48795,0
48795,2
48797,1
48797,5
48797,2
48797,3
48798,0
48886,1
48886,26
48969,1
48969,0
49102,1
49102,0
49107,4
49154,7
49154,186
49154,1
49154,5
49162,1
49162,0
49162,5
49162,4
49162,26
49162,13
49162,39
49162,30
49162,144
49162,43
49162,9
49162,25
49162,11
49226,0
49226,1
49303,7
49303,186
49303,5
49303,0
49312,7
49312,186
49337,17
49337,1
49337,0
49363,1
49363,0
49366,1
49366,2
49419,0
49443,0
49443,1
49485,0
49485,1
49485,5
49485,14
49485,9
49485,10
49518,1
49518,0
49551,1
49553,0
49553,5
49553,1
49553,7
49553,186
49588,0
49602,0
49602,5
49602,1
49602,3
49629,1
49643,0
49643,1
49643,16
49643,20
49699,1
49699,3
49699,0
49708,1
49739,0
49739,16
49807,1
49807,5
49807,3
49807,15
49850,0
49850,10
49850,11
49850,25
49850,4
49850,14
49850,1
49958,3
49958,6
49958,0
50128,1
50128,0
50156,1
50156,4
50156,5
50156,15
50156,0
50156,7
50156,186
50170,2
50170,0
50195,5
50195,1
50224,7
50224,186
50256,1
50256,5
50256,4
50256,0
50333,0
50333,5
50333,1
50346,2
50346,3
50346,4
50401,8
50405,0
50405,1
50446,0
50489,0
50514,0
50514,7
50514,186
50537,0
50537,1
50554,0
50554,13
50554,42
50554,14
50554,23
50573,0
50576,8
50597,1
50597,4
50683,1
50683,20
50683,5
50683,4
50683,3
50683,0
50683,8
50690,2
50690,6
50690,0
50690,3
50690,4
50690,1
50690,8
50734,1
50734,0
50734,2
50734,5
50737,1
50737,0
50737,8
50740,1
50740,0
50740,18
50740,62
50761,1
50761,0
50761,7
50761,186
50788,1
50788,5
50788,0
50833,0
50833,1
50857,1
50983,1
50983,5
51003,1
51003,13
51003,4
51003,5
51003,3
51054,0
51122,5
51122,0
51122,1
51122,3
51122,4
51122,13
51122,8
51157,1
51157,3
51157,0
51182,0
51186,0
51187,0
51284,1
51284,0
51304,7
51304,186
51304,5
51304,1
51329,1
51329,5
51329,0
51329,3
51436,0
51436,1
51436,30
51436,144
51450,1
51451,0
51451,5
51451,1
51466,0
51466,1
51555,1
51555,4
51555,9
51555,0
51591,1
51591,5
51591,4
51611,0
51625,5
51625,1
51625,15
51625,0
51668,0
51668,1
51677,1
51677,5
51677,4
51677,9
51677,2
51691,31
51709,0
51709,1
51776,0
51776,1
51776,5
51807,1
51807,12
51858,1
51858,0
51880,0
51882,12
51882,1
51882,31
51882,13
51882,0
51882,2
51963,4
51963,1
51963,6
51963,26
51982,0
51994,5
51994,1
51994,0
51999,14
52049,0
52049,5
52049,1
52057,0
52075,0
52102,0
52108,0
52109,1
52109,30
52109,144
52109,0
52119,1
52119,0
52283,7
52283,186
52283,5
52283,1
52283,0
52296,14
52351,1
52351,4
52351,0
52351,2
52351,24
52378,2
52378,4
52443,14
52443,13
52443,1
52468,1
52484,1
52495,0
52495,3
52509,0
52509,4
52511,0
52511,5
52511,1
52546,1
52546,5
52554,7
52554,186
52554,0
52554,2
52554,21
52554,5
52554,1
52566,4
52566,3
52566,1
52629,26
52693,1
52693,0
52735,9
52762,5
52762,1
52916,8
52929,1
52929,0
52929,9
52929,18
52929,62
52953,38
52961,1
52993,23
52994,23
52994,1
53011,1
53011,5
53011,0
53054,5
53055,4
53055,3
53055,1
53055,0
53109,1
53138,4
53147,1
53147,0
53173,0
53173,8
53181,0
53181,7
53181,186
53211,0
53239,0
53241,1
53241,5
53331,5
53331,1
53331,0
53355,0
53355,1
53355,16
53389,26
53389,1
53389,4
53389,0
53393,1
53393,0
53407,5
53407,1
53407,0
53422,0
53477,1
53477,0
53477,3
53553,1
53553,4
53553,0
53665,1
53665,13
53665,29
53665,8
53665,5
53727,7
53727,186
53727,5
53727,1
53746,0
53759,1
53759,15
53769,0
53769,1
53783,0
53799,1
53799,0
53799,5
53828,0
53828,1
53828,25
53828,4
53828,14
53828,9
53828,10
53828,11
53921,0
53921,16
53921,5
53921,1
53991,1
53991,2
53994,1
53994,0
53994,2
54010,1
54010,0
54010,5
54043,1
54043,5
54053,1
54053,0
54065,0
54071,9
54077,1
54077,0
54082,0
54082,1
54082,5
54098,0
54123,0
54123,1
54182,5
54182,1
54182,0
54213,3
54213,1
54213,0
54410,1
54410,0
54411,1
54411,4
54411,0
54411,9
54411,10
54499,0
54499,2
54564,1
54564,5
54564,0
54573,2
54573,18
54573,62
54607,1
54607,0
54620,0
54699,4
54699,1
54699,3
54699,0
54719,0
54719,1
54719,4
54719,3
54730,0
54768,1
54768,5
54768,0
54768,15
54858,0
54926,1
54951,0
54951,5
54951,1
54958,0
54958,1
54958,5
55023,0
55023,1
55030,0
55030,1
55030,2
55034,3
55034,1
55034,4
55038,0
55052,0
55064,0
55091,14
55091,4
55091,27
55091,39
55160,5
55160,1
55160,0
55170,1
55170,6
55179,0
55179,7
55179,186
55179,5
55179,1
55209,1
55209,5
55212,7
55212,186
55212,5
55212,0
55223,0
55223,1
55251,1
55251,0
55268,1
55282,1
55282,5
55282,0
55315,1
55315,12
55350,8
55350,0
55350,1
55350,5
55350,6
55350,9
55414,1
55414,4
55414,12
55414,6
55414,2
55493,5
55493,1
55493,0
55493,4
55493,3
55493,13
55544,1
55544,0
55560,1
55560,2
55560,18
55560,62
55643,1
55643,0
55643,2
55643,13
55689,7
55689,186
55689,0
55689,5
55691,1
55691,0
55691,3
55704,0
55704,7
55704,186
55705,0
55711,1
55711,5
55711,0
55711,13
55717,1
55717,4
55717,0
55726,1
55779,0
55781,8
55781,4
55781,1
55815,0
55836,1
55836,3
55847,1
55857,1
55857,5
55857,0
55864,1
55946,1
55946,0
55946,2
55946,10
55946,11
55946,9
55989,4
55989,3
55989,1
55989,2
55989,0
55989,24
55989,6
55998,7
55998,186
55998,5
55998,15
55998,0
55998,2
56099,1
56099,3
56099,2
56123,0
56129,1
56129,8
56137,1
56137,5
56139,1
56139,0
56182,0
56190,0
56225,0
56225,1
56239,1
56284,0
56284,1
56284,18
56284,62
56325,4
56325,0
56344,0
56344,1
56344,4
56344,6
56344,3
56406,4
56406,0
56407,8
56426,1
56426,2
56439,0
56439,7
56439,186
56468,1
56530,0
56530,1
56530,24
56541,0
56561,0
56563,1
56563,5
56637,1
56637,5
56637,0
56637,7
56637,186
56643,0
56643,1
56668,0
56668,1
56668,5
56671,9
56671,25
56671,1
56680,1
56680,3
56680,0
56697,0
56697,1
56725,1
56790,1
56815,1
56815,0
56831,0
56837,0
56895,4
56895,3
56895,1
56895,2
56895,0
56895,24
56895,6
56933,1
56949,26
57067,1
57067,13
57087,0
57087,1
57100,0
57100,5
57100,1
57201,0
57201,1
57201,5
57223,0
57282,1
57407,1
57409,0
57409,7
57409,186
57460,0
57491,1
57491,0
57539,1
57539,5
57539,4
57539,26
57539,13
57539,14
57561,22
57570,1
57570,0
57570,3
57580,0
57580,1
57580,5
57654,0
57654,1
57654,5
57666,6
57666,4
57666,0
57692,1
57692,3
57692,4
57692,26
57733,0
57733,1
57736,1
57736,5
57736,0
57736,18
57736,62
57743,0
57745,1
57752,1
57776,1
57776,0
57801,1
57801,0
57801,5
57809,1
57829,1
57840,3
57840,18
57840,62
57840,2
57840,4
57840,9
57862,1
57862,4
57862,3
57875,0
57875,2
57875,1
57876,1
57876,5
57876,32
57885,1
57885,15
57902,0
57902,1
57902,4
57921,1
58024,35
58024,1
58024,4
58024,26
58024,13
58024,0
58024,11
58024,6
58024,9
58034,1
58034,3
58034,4
58034,13
58034,0
58057,4
58059,0
58064,22
58064,0
58084,0
58084,4
58084,1
58084,18
58084,62
58104,1
58104,13
58104,4
58234,0
58248,0
58257,1
58257,18
58257,62
58258,1
58258,31
58258,30
58258,144
58258,7
58258,186
58258,13
58258,0
58276,0
58276,1
58276,8
58277,0
58307,4
58321,0
58321,1
58321,8
58370,1
58424,1
58424,0
58472,1
58472,5
58472,0
58472,7
58472,186
58554,1
58554,33
58554,12
58557,1
58557,4
58557,13
58565,1
58565,5
58565,0
58565,2
58565,29
58581,7
58581,186
58649,1
58649,31
58677,1
58677,5
58677,15
58677,2
58677,0
58677,4
58677,3
58716,1
58716,0
58716,22
58774,0
58774,2
58774,18
58774,62
58798,0
58798,1
58830,1
58830,0
58830,3
58830,29
58830,26
58863,1
58863,0
58863,2
58898,0
58898,1
58898,4
58898,3
58935,0
58947,0
58947,2
59046,5
59046,7
59046,186
59046,1
59046,0
59046,26
59046,4
59046,9
59059,0
59059,1
59108,4
59108,2
59150,1
59193,1
59193,0
59245,1
59277,0
59277,1
59313,5
59313,1
59314,1
59314,5
59319,0
59343,0
59343,1
59343,5
59422,1
59422,5
59422,0
59445,0
59445,2
59445,1
59449,6
59449,5
59449,0
59464,5
59464,1
59479,13
59479,31
59479,1
59479,12
59610,12
59610,1
59610,4
59610,2
59658,0
59658,1
59658,5
59658,15
59668,18
59668,62
59668,1
59668,17
59728,26
59728,13
59728,1
59728,0
59732,0
59732,5
59732,1
59732,4
59732,3
59761,0
59761,1
59761,28
59766,1
59766,0
59805,0
59805,2
59805,4
59805,1
59805,26
59828,14
59828,4
59828,19
59828,3
59828,9
59844,0
59844,16
59844,23
59888,0
59888,1
59897,1
59897,5
59897,0
59917,4
59917,3
59917,1
59917,2
59917,0
59917,24
59917,6
59930,1
59930,5
59930,0
59930,4
59930,13
59948,0
59948,1
59948,29
59955,0
59955,26
59969,0
60022,1
60022,0
60032,1
60032,5
60032,0
60038,0
60038,1
60038,14
60104,5
60104,0
60104,1
60104,3
60104,4
60104,13
60116,1
60116,3
60116,0
60233,0
60240,1
60240,0
60240,2
60294,1
60294,0
60294,3
60327,1
60373,1
60380,0
60380,9
60380,7
60380,186
60452,0
60452,16
60472,0
60479,16
60479,0
60479,1
60479,18
60479,62
60503,0
60548,1
60548,0
60548,5
60553,1
60553,0
60553,6
60555,8
60555,0
60568,0
60584,0
60592,0
60594,14
60594,0
60621,1
60621,0
60624,0
60624,20
60624,30
60624,144
60624,12
60632,1
60632,0
60650,0
60650,1
60650,4
60679,0
60679,1
60679,3
60702,5
60702,1
60702,0
60709,20
60724,0
60724,1
60732,0
60732,1
60758,1
60758,2
60799,0
60825,0
60825,5
60825,1
60850,5
60850,4
60850,1
60879,0
60879,4
60879,1
60879,5
60930,1
60930,4
60930,0
60930,2
60989,1
60992,0
60998,0
61040,5
61040,1
61068,0
61068,1
61068,5
61068,3
61072,4
61072,3
61072,1
61072,2
61072,0
61072,24
61072,6
61119,1
61132,0
61132,5
61143,1
61143,0
61143,4
61143,14
61177,0
61177,7
61177,186
61177,1
61266,0
61285,0
61285,23
61396,1
61396,5
61428,8
61453,0
61453,1
61495,0
61495,1
61532,2
61532,0
61532,4
61532,13
61532,1
61556,0
61556,14
61556,1
61600,0
61602,7
61602,186
61602,1
61642,6
61642,0
61642,2
61642,18
61642,62
61642,12
61642,25
61642,4
61642,1
61684,0
61684,23
61728,0
61742,0
61777,1
61777,0
61792,3
61792,0
61792,1
61792,4
61883,0
61883,2
61883,1
61883,4
61883,6
61883,3
61893,1
61893,0
61901,5
61901,1
61901,0
61901,3
61901,4
61901,13
61901,22
61907,1
61907,0
61931,7
61931,186
61948,1
61948,0
62101,1
62101,3
62101,8
62101,0
62101,2
62109,0
62109,1
62109,5
62112,2
62112,4
62112,12
62112,1
62112,18
62112,62
62161,1
62161,7
62161,186
62161,0
62185,1
62185,0
62185,4
62185,2
62203,1
62203,4
62211,1
62211,26
62211,8
62213,0
62213,1
62213,5
62309,0
62309,14
62309,1
62360,1
62391,1
62391,3
62514,1
62514,0
62577,0
62577,1
62624,4
62624,1
62628,0
62628,1
62629,0
62682,5
62682,1
62682,0
62682,4
62691,0
62691,1
62691,4
62691,3
62691,8
62699,4
62699,1
62699,0
62699,2
62720,5
62720,1
62817,0
62859,1
62859,0
62900,0
62900,1
62900,4
62900,3
62900,26
62968,1
62977,1
63024,1
63024,0
63084,4
63084,1
63106,0
63108,3
63146,0
63146,1
63146,5
63154,9
63154,10
63154,11
63168,22
63168,0
63176,17
63176,0
63176,4
63303,0
63303,16
63303,14
63303,1
63303,5
63303,7
63303,186
63314,1
63314,0
63319,0
63336,4
63336,1
63336,7
63336,186
63352,0
63352,5
63352,1
63410,1
63410,0
63497,7
63497,186
63497,1
63510,0
63513,0
63513,1
63513,4
63547,26
63547,1
63634,0
63634,7
63634,186
63652,1
63652,4
63652,2
63652,0
63697,0
63711,0
63711,1
63711,4
63711,5
63711,18
63711,62
63738,1
63738,0
63832,1
63832,2
63873,0
63883,0
63944,0
63946,1
63946,7
63946,186
63946,5
63960,1
63960,5
63960,0
63960,4
63960,13
63960,14
63971,3
63980,0
63980,1
64056,0
64160,1
64184,0
64184,1
64233,0
64307,3
64307,1
64307,14
64349,0
64349,2
64349,1
64362,8
64362,1
64389,5
64389,1
64389,4
64389,0
64405,1
64405,0
64451,2
64460,0
64460,5
64488,0
64488,16
64488,14
64488,1
64488,4
64488,5
64488,20
64498,0
64498,5
64498,1
64567,1
64583,0
64635,8
64635,0
64635,7
64635,186
64778,7
64778,186
64778,5
64778,1
64849,1
64849,0
64849,18
64849,62
64849,4
64849,39
64977,1
64977,0
64984,0
64984,1
65007,0
65057,1
65098,1
65098,5
65152,0
65152,5
65178,0
65178,1
65179,8
65196,8
65196,0
65203,5
65203,1
65240,1
65240,0
65240,6
65240,2
65243,3
65296,0
65316,0
65341,8
65341,1
65341,0
65357,28
65405,0
65405,5
65405,1
65464,1
65464,5
65464,0
65464,4
65464,26
65464,31
65464,30
65464,144
65501,1
65501,2
65512,7
65512,186
65512,0
65512,5
65512,1
65533,1
65533,4
65544,0
65544,1
65544,6
65600,0
65600,1
65600,5
65617,0
65617,3
65617,1
65629,1
65629,5
65629,4
65753,5
65753,1
65753,0
65754,7
65754,186
65754,23
65761,0
65774,1
65774,9
65774,4
65774,2
65816,1
65826,7
65826,186
65826,15
65839,0
65914,1
65914,4
65993,8
66022,0
66046,0
66046,1
66054,3
66054,1
66054,4
66054,0
66103,0
66103,5
66103,1
66147,4
66147,3
66147,1
66147,2
66147,0
66147,24
66147,6
66166,0
66166,1
66166,5
66166,9
66178,9
66178,8
66208,0
66208,1
66208,5
66254,0
66264,1
66264,0
66378,1
66378,0
66456,0
66483,1
66483,5
66537,0
66537,1
66537,7
66537,186
66537,5
66537,12
66603,1
66603,5
66603,0
66630,1
66630,3
66630,4
66630,6
66630,2
66630,18
66630,62
66648,1
66648,0
66648,2
66665,4
66665,3
66665,1
66665,2
66665,0
66665,24
66665,6
66753,0
66786,1
66844,0
66844,2
66912,2
66912,0
66912,1
66950,0
66950,1
66951,0
66951,1
66951,8
67066,4
67066,3
67066,1
67066,8
67066,0
67084,3
67107,32
67130,1
67130,0
67130,3
67168,0
67168,8
67176,0
67176,1
67294,26
67294,0
67294,1
67294,5
67308,0
67362,1
67362,7
67362,186
67362,5
67362,0
67362,14
67362,4
67362,13
67362,10
67404,0
67404,1
67414,0
67439,0
67507,0
67507,1
67507,5
67507,3
67509,1
67509,13
67509,4
67509,5
67519,0
67519,1
67575,0
67601,2
67605,0
67605,16
67605,1
67615,1
67615,0
67636,0
67636,2
67636,14
67636,5
67636,1
67641,3
67641,1
67643,0
67713,1
67718,3
67718,4
67718,1
67718,6
67718,0
67718,18
67718,62
67719,4
67719,3
67719,1
67719,2
67719,0
67719,24
67719,6
67724,32
67724,1
67724,0
67795,1
67795,0
67898,0
67898,1
67898,5
67956,5
67956,0
67956,1
67956,3
67956,4
67956,13
67960,0
67988,1
67988,0
68038,1
68038,0
68088,7
68088,186
68088,5
68088,1
68096,0
68118,0
68120,0
68125,1
68125,5
68125,0
68146,4
68146,3
68146,1
68146,0
68147,1
68147,0
68184,8
68249,0
68343,2
68343,1
68343,4
68343,14
68364,0
68407,0
68407,1
68412,1
68428,3
68428,0
68428,4
68506,0
68506,23
68550,1
68550,0
68593,0
68660,0
68660,1
68660,5
68660,22
68660,42
68660,14
68715,3
68715,0
68736,0
68736,5
68736,1
68756,1
68758,1
68758,10
68758,11
68758,9
68758,0
68758,2
68763,0
68763,1
68766,1
68766,0
68766,6
68766,4
68778,1
68778,6
68790,0
68839,1
68839,5
68839,3
68842,1
68842,20
68842,0
68842,5
68842,6
68842,30
68842,144
68845,1
68845,4
68845,3
68845,0
68865,1
68865,0
68865,4
68865,3
68865,32
68866,1
68892,1
68892,0
68933,5
68933,1
68933,7
68933,186
68955,8
68955,1
68955,5
68955,0
68991,5
69025,2
69025,1
69037,0
69037,1
69037,5
69037,2
69065,4
69065,0
69067,1
69088,8
69109,0
69109,4
69109,9
69131,0
69131,1
69131,6
69131,8
69194,0
69194,1
69194,5
69195,6
69195,5
69195,1
69195,26
69195,31
69220,0
69220,1
69262,7
69262,186
69345,8
69357,0
69376,3
69376,1
69418,12
69418,1
69418,8
69431,1
69431,0
69463,1
69463,3
69463,0
69476,0
69476,26
69501,1
69501,38
69566,26
69579,1
69579,0
69742,1
69759,1
69795,0
69795,1
69795,5
69795,11
69795,10
69840,0
69840,1
69840,5
69869,4
69869,1
69886,1
69932,1
69932,6
69932,5
69932,0
69932,7
69932,186
70066,4
70066,3
70066,1
70078,0
70133,1
70133,10
70133,11
70133,9
70142,15
70142,1
70142,5
70142,7
70142,186
70188,0
70188,1
70188,3
70244,0
70244,1
70244,4
70244,16
70302,4
70302,1
70302,0
70332,5
70332,1
70332,0
70354,1
70354,5
70354,0
70428,0
70428,5
70428,7
70428,186
70428,1
70457,15
70457,7
70457,186
70457,1
70457,9
70457,5
70457,13
70457,0
70468,0
70468,7
70468,186
70468,1
70468,5
70568,1
70568,0
70568,6
70625,7
70625,186
70625,0
70639,1
70639,4
70639,2
70668,0
70668,3
70668,4
70669,1
70703,1
70708,0
70708,1
70711,1
70711,0
70711,18
70711,62
70766,8
70766,0
70776,1
70776,5
70776,0
70792,0
70843,1
70858,1
70858,13
70858,12
70859,1
70859,44
70859,5
70859,29
70859,8
70877,1
70889,0
70889,5
70889,1
70889,4
70889,10
70892,0
70909,0
70909,1
70945,0
70951,4
70951,9
70951,10
71018,1
71018,5
71077,4
71099,1
71223,4
71223,3
71223,1
71223,2
71223,0
71223,24
71223,6
71249,1
71249,6
71296,0
71296,5
71296,1
71300,1
71306,8
71306,2
71322,0
71387,1
71387,3
71387,0
71390,4
71390,18
71390,62
71390,0
71391,0
71391,2
71434,5
71434,1
71440,0
71440,23
71440,1
71448,1
71448,0
71448,5
71502,1
71508,0
71526,0
71526,1
71555,1
71555,0
71568,1
71658,26
71659,1
71659,0
71659,3
71659,4
71659,6
71659,2
71659,18
71659,62
71670,0
71670,1
71678,0
71678,1
71744,1
71744,0
71749,0
71779,8
71796,0
71817,0
71833,0
71842,1
71842,0
71865,0
71865,2
71865,1
71865,5
71865,4
71865,13
71865,3
71865,8
71890,6
71891,0
71904,1
71904,3
71904,4
71904,30
71904,144
71904,8
71984,0
71984,1
72087,0
72087,1
72090,0
72090,1
72140,0
72140,5
72140,1
72336,0
72416,16
72416,0
72429,32
72429,10
72429,9
72429,0
72495,0
72495,1
72513,1
72698,5
72698,1
72698,15
72704,4
72704,16
72704,0
72734,5
72734,1
72734,4
72734,3
72734,7
72734,186
72734,15
72785,0
72790,5
72790,1
72794,0
72813,5
72813,0
72813,7
72813,186
72816,0
72816,1
72846,2
72846,12
72846,1
72852,0
72868,1
72868,0
72868,2
72926,0
72926,1
72926,5
72971,1
72971,4
72971,13
72971,3
72971,0
72979,0
72980,1
73003,0
73003,1
73311,0
73311,20
73311,5
73311,1
73326,5
73326,1
73326,15
73347,0
73347,1
73347,4
73371,1
73371,6
73371,0
73371,18
73371,62
73392,0
73392,1
73447,1
73447,5
73491,0
73491,1
73491,9
73496,0
73496,22
73496,10
73496,9
73496,1
73497,0
73517,1
73517,4
73517,7
73517,186
73542,0
73603,0
73603,16
73603,1
73605,0
73605,16
73658,1
73658,4
73658,7
73658,186
73658,5
73796,0
73796,1
73809,0
73820,1
73820,0
73912,18
73912,62
73913,0
73913,1
73913,4
73913,14
73916,4
73916,3
73916,1
73916,2
73916,0
73916,6
74048,0
74048,28
74048,18
74048,62
74048,20
74048,1
74048,2
74052,1
74052,18
74052,62
74052,8
74091,5
74091,1
74098,1
74221,1
74221,4
74221,0
74221,8
74243,1
74243,13
74255,7
74255,186
74385,0
74385,1
74387,0
74387,2
74387,1
74387,5
74387,8
74387,4
74387,13
74387,3
74423,1
74423,8
74423,0
74453,8
74453,0
74453,2
74453,1
74453,4
74453,13
74461,0
74461,1
74461,3
74473,1
74473,4
74473,3
74473,0
74473,2
74473,18
74473,62
74486,0
74515,1
74537,4
74537,9
74537,13
74537,7
74537,186
74537,1
74547,0
74547,2
74616,5
74616,1
74616,0
74616,28
74621,0
74621,1
74621,5
74691,1
74691,8
74708,0
74711,1
74711,25
74738,5
74738,1
74738,0
74752,0
74787,0
74787,1
74868,8
74888,0
74888,1
74888,2
74933,1
74933,0
74986,0
74986,5
74986,1
75082,7
75082,186
75091,0
75102,14
75102,1
75135,5
75135,1
75136,0
75136,5
75145,1
75145,5
75146,1
75152,1
75152,39
75152,8
75152,4
75169,0
75169,1
75209,5
75209,1
75209,0
75223,1
75223,5
75223,0
75223,13
75250,7
75250,186
75250,0
75250,5
75250,4
75250,13
75250,1
75287,0
75287,1
75287,5
75287,7
75287,186
75321,0
75352,16
75352,0
75352,1
75354,1
75354,3
75361,8
75361,1
75361,0
75361,19
75362,1
75362,0
75362,2
75362,10
75362,14
75398,0
75398,1
75398,5
75456,0
75460,0
75564,0
75564,5
75564,1
75575,4
75575,1
75575,0
75583,1
75583,5
75589,1
75589,39
75597,0
75597,8
75791,0
75791,1
75791,20
75857,0
75873,1
75962,11
76004,1
76004,5
76004,4
76004,0
76036,1
76036,0
76036,8
76052,0
76052,6
76052,1
76104,23
76123,0
76123,1
76123,4
76123,9
76261,1
76261,0
76288,9
76288,14
76288,4
76288,1
76288,25
76288,0
76288,18
76288,62
76288,44
76288,5
76315,36
76315,1
76315,15
76315,8
76315,37
76330,1
76330,0
76394,5
76394,1
76394,0
76394,2
76455,1
76455,5
76455,0
76455,4
76455,3
76458,1
76464,1
76589,4
76589,1
76611,1
76611,5
76649,0
76701,0
76701,5
76701,1
76717,0
76727,8
76727,0
76744,2
76864,1
76864,5
76864,0
76903,2
76903,0
76903,3
76903,1
76903,8
76906,1
76906,5
76906,0
76906,7
76906,186
76961,1
76961,6
77012,0
77016,1
77025,0
77028,1
77053,0
77080,36
77087,0
77087,1
77097,1
77103,0
77226,4
77226,1
77226,0
77237,1
77319,7
77319,186
77319,5
77319,1
77345,0
77345,1
77360,1
77360,3
77368,1
77368,3
77368,0
77405,0
77410,1
77410,0
77436,0
77436,1
77443,1
77443,0
77464,1
77464,5
77464,0
77469,3
77469,0
77517,0
77517,1
77517,5
77524,0
77530,1
77530,4
77530,3
77530,14
77530,7
77530,186
77530,0
77530,5
77530,18
77530,62
77609,0
77609,2
77617,0
77617,20
77642,5
77648,1
77648,5
77698,2
77698,0
77698,1
77698,4
77698,9
77698,3
77700,1
77700,4
77700,0
77700,3
77700,26
77700,13
77734,1
77734,0
77778,1
77792,1
77824,0
77852,1
77852,5
77852,8
77917,1
77917,0
77950,1
77966,0
77966,1
77967,45
77990,0
78018,14
78018,1
78018,4
78018,9
78022,4
78022,3
78022,1
78022,0
78022,8
78027,0
78044,0
78044,1
78044,2
78044,6
78046,1
78046,0
78070,7
78070,186
78070,5
78070,1
78111,0
78162,44
78162,1
78182,0
78182,1
78278,1
78278,0
78314,0
78314,1
78327,0
78365,1
78365,9
78365,11
78365,10
78365,16
78405,0
78405,1
78405,8
78439,0
78439,4
78439,1
78458,1
78496,1
78496,0
78496,18
78496,62
78542,1
78542,0
78542,2
78542,4
78586,0
78593,1
78606,1
78606,5
78606,0
78649,4
78649,1
78656,8
78656,1
78656,3
78711,1
78711,5
78712,0
78727,25
78727,9
78727,0
78727,35
78770,0
78786,1
78786,0
78786,5
78786,7
78786,186
78789,1
78789,5
78799,0
78799,14
78799,16
78799,1
78799,20
78819,0
78819,1
78835,16
78835,1
78835,0
78835,8
78853,0
78853,1
78864,3
78914,0
78914,1
78914,5
78941,1
78941,5
78941,4
78941,12
78941,3
78941,8
78941,2
78964,0
79060,1
79109,0
79109,5
79109,1
79114,0
79114,27
79172,0
79172,1
79384,7
79384,186
79384,0
79400,1
79400,0
79400,9
79413,8
79424,1
79424,0
79424,7
79424,186
79434,1
79472,0
79472,1
79472,3
79495,1
79495,5
79495,0
79495,22
79524,0
79550,0
79550,6
79590,0
79651,4
79651,30
79651,144
79651,1
79651,14
79651,13
79732,2
79756,35
79761,0
79788,1
79789,0
79812,1
79812,0
79821,0
79858,1
79858,0
79866,4
79866,3
79866,1
79866,2
79866,0
79866,24
79866,6
79967,0
79967,1
80058,1
80058,20
80097,1
80097,0
80183,0
80183,5
80183,1
80199,1
80199,5
80199,0
80273,5
80273,1
80273,0
80273,7
80273,186
80273,4
80293,8
80314,0
80378,0
80383,0
80383,1
80476,4
80476,13
80476,1
80588,14
80588,13
80588,1
80588,5
80588,4
80613,3
80613,1
80613,5
80613,0
80613,15
80666,26
80666,13
80666,0
80666,30
80666,144
80666,11
80666,1
80666,6
80684,8
80692,0
80703,1
80703,5
80703,30
80703,144
80703,0
80703,13
80703,4
80703,2
80703,18
80703,62
80722,26
80788,0
80804,1
80804,5
80804,4
80804,0
80804,2
80849,7
80849,186
80849,22
80855,7
80855,186
80855,0
80879,0
80879,7
80879,186
80879,1
80879,5
80879,3
80901,1
80901,0
80910,1
80910,0
80910,3
80910,5
80953,1
80953,20
80953,12
80957,4
80957,13
80957,1
80957,5
80966,1
80966,0
81133,4
81149,46
81159,0
81214,1
81214,7
81214,186
81246,2
81246,4
81246,3
81246,1
81251,0
81369,1
81369,0
81371,0
81371,1
81371,5
81398,0
81398,1
81398,5
81411,1
81411,4
81411,3
81411,0
81542,18
81542,62
81542,7
81542,186
81542,5
81542,1
81575,0
81575,22
81575,1
81589,5
81589,1
81609,0
81609,1
81622,0
81622,1
81641,1
81641,4
81641,0
81692,4
81692,1
81706,0
81706,2
81731,1
81731,0
81731,17
81731,9
81778,8
81778,5
81778,1
81778,0
81852,1
81852,5
81866,0
81866,1
81877,4
81877,1
81933,0
81940,1
81944,26
82005,1
82005,0
82015,0
82050,0
82050,7
82050,186
82050,5
82050,1
82101,1
82101,4
82101,0
82105,0
82128,0
82128,1
82128,4
82138,0
82150,1
82150,0
82150,6
82249,7
82249,186
82249,5
82249,1
82346,1
82346,5
82346,0
82409,1
82409,0
82426,7
82426,186
82426,1
82426,0
82496,5
82496,1
82496,0
82545,5
82545,1
82559,9
82559,10
82559,11
82664,1
82667,1
82670,1
82670,7
82670,186
82687,1
82687,0
82687,2
82713,1
82713,0
82713,3
82713,4
82779,0
82779,1
82786,0
82786,7
82786,186
82786,5
82786,1
82786,22
82787,1
82806,1
82910,8
82910,0
82918,0
82918,1
82960,7
82960,186
82960,5
82960,1
82995,1
82995,14
82995,16
82995,0
83065,1
83065,0
83100,0
83114,1
83114,0
83114,5
83114,3
83114,4
83114,8
83150,0
83155,4
83155,3
83155,1
83171,8
83171,0
83174,0
83174,8
83201,5
83201,1
83201,7
83201,186
83201,0
83224,1
83224,8
83224,39
83224,4
83227,1
83267,1
83267,8
83337,0
83337,16
83337,2
83348,0
83348,1
83348,13
83348,14
83348,3
83352,0
83493,0
83493,1
83493,3
83493,4
83499,35
83499,1
83499,4
83499,26
83499,13
83499,0
83499,11
83499,6
83499,9
83513,1
83513,0
83513,5
83513,4
83513,26
83513,6
83526,0
83526,1
83536,0
83579,16
83584,0
83683,0
83683,1
83683,3
83683,5
83692,0
83692,1
83711,0
83711,1
83746,8
83746,0
83746,4
83746,1
83783,5
83783,1
83783,3
83783,4
83783,0
83783,7
83783,186
83791,1
83803,1
83803,0
83804,0
83804,1
83804,5
83881,5
83881,0
83881,1
83884,4
83884,3
83884,1
83884,5
83905,0
83905,1
83905,5
83953,8
83953,1
83953,0
83971,0
84009,7
84009,186
84009,0
84019,0
84019,1
84030,7
84030,186
84121,7
84121,186
84121,5
84149,4
84149,3
84149,0
84252,1
84252,0
84252,5
84252,14
84278,1
84278,0
84278,4
84278,26
84278,42
84278,13
84371,5
84371,1
84371,0
84376,2
84376,0
84376,24
84376,1
84376,4
84376,12
84414,0
84414,1
84414,5
84445,1
84445,0
84445,9
84527,3
84638,1
84638,0
84682,5
84682,1
84682,4
84682,13
84682,3
84682,0
84682,18
84682,62
84703,6
84703,0
84703,5
84703,7
84703,186
84703,1
84706,0
84706,1
84710,30
84710,144
84710,0
84710,1
84710,3
84710,4
84710,2
84732,0
84732,1
84743,0
84783,0
84783,3
84783,1
84792,0
84792,23
84795,0
84795,1
84888,1
84888,8
84917,1
84917,27
84917,6
84917,4
84917,9
84917,10
84917,11
84917,0
84917,24
84944,1
84944,0
85004,1
85019,5
85019,1
85019,25
85019,15
85037,0
85037,5
85102,0
85153,0
85188,0
85188,1
85188,4
85188,3
85188,2
85199,4
85199,3
85199,1
85199,0
85224,1
85224,0
85231,1
85231,4
85231,0
85280,0
85280,1
85351,1
85351,4
85351,27
85367,1
85367,0
85381,1
85381,0
85404,5
85404,1
85450,1
85450,14
85459,0
85472,0
85472,1
85478,0
85478,5
85502,0
85513,18
85513,62
85513,1
85513,0
85525,1
85525,5
85553,0
85556,0
85556,3
85556,1
85617,0
85617,1
85617,5
85630,7
85630,186
85630,5
85630,1
85630,0
85662,0
85662,1
85722,3
85722,1
85845,0
85845,7
85845,186
85858,0
85858,1
85858,7
85858,186
85884,0
85908,0
85909,1
85909,5
85909,3
85909,4
85909,7
85909,186
85909,0
85909,6
85909,2
85909,18
85909,62
85920,1
85920,8
85957,4
85957,1
85957,30
85957,144
85970,8
86002,1
86002,5
86022,1
86022,0
86056,0
86056,1
86084,0
86137,4
86137,3
86137,1
86137,2
86138,0
86138,1
86169,8
86180,0
86204,1
86204,0
86223,3
86223,0
86274,16
86308,1
86372,5
86372,1
86382,0
86382,1
86456,5
86456,0
86456,1
86456,4
86462,0
86514,0
86514,1
86540,0
86559,0
86568,1
86609,0
86609,1
86639,0
86639,8
86675,8
86675,0
86675,1
86675,5
86675,6
86675,9
86696,0
86696,5
86696,1
86696,8
86697,5
86697,1
86697,22
86710,0
86734,0
86734,1
86751,4
86751,1
86751,3
86779,0
86790,1
86790,5
86790,7
86790,186
86790,0
86833,8
86849,17
86849,0
86849,1
86943,8
86964,9
86964,11
86964,47
86964,17
86972,4
86972,3
86972,1
86973,1
86973,3
86973,5
86975,1
86975,0
86978,1
86978,0
87012,5
87012,1
87012,0
87118,4
87118,13
87118,1
87118,5
87130,1
87149,5
87149,1
87149,4
87149,3
87149,13
87149,18
87149,62
87212,1
87212,0
87216,0
87216,1
87221,1
87221,0
87228,26
87246,1
87246,0
87263,0
87290,26
87290,1
87290,6
87342,0
87342,2
87344,3
87344,1
87344,0
87399,16
87399,1
87399,0
87412,0
87418,1
87418,0
87450,8
87450,1
87502,0
87502,1
87517,1
87517,5
87517,0
87542,1
87686,7
87686,186
87686,0
87697,1
87697,5
87710,1
87710,4
87710,9
87710,14
87776,0
87776,1
87776,9
87776,10
87792,4
87792,1
87792,0
87795,1
87795,18
87795,62
87795,0
87795,2
87795,17
87795,8
87811,4
87811,1
87811,5
87811,0
87811,3
87865,1
87880,1
87948,1
87951,0
87951,35
87951,8
87959,1
87959,4
87959,3
87959,0
87986,0
87986,1
87993,5
87993,1
88058,5
88058,1
88058,0
88138,0
88138,1
88215,1
88222,1
88222,0
88251,1
88251,2
88251,18
88251,62
88251,0
88251,9
88251,10
88251,11
88274,1
88274,0
88331,1
88331,0
88331,2
88331,5
88352,0
88352,2
88362,0
88362,1
88395,4
88395,0
88395,8
88413,1
88413,4
88413,3
88413,2
88413,0
88413,24
88413,6
88444,1
88444,0
88456,0
88477,5
88477,1
88477,3
88477,29
88481,1
88481,16
88488,8
88503,12
88503,1
88503,4
88503,13
88503,26
88549,1
88564,1
88564,26
88564,22
88580,1
88630,1
88630,0
88630,3
88630,26
88630,13
88630,4
88669,26
88669,0
88669,1
88747,8
88747,0
88747,1
88747,4
88808,0
88856,8
88856,1
88856,6
88856,0
88856,14
88856,24
88856,9
88856,11
88869,0
88875,5
88875,1
88875,0
88875,7
88875,186
88875,29
88907,0
88907,1
88909,0
89038,0
89038,1
89044,4
89044,1
89069,1
89069,0
89069,8
89086,0
89113,0
89113,6
89113,4
89113,2
89113,18
89113,62
89158,1
89158,5
89207,1
89207,4
89207,0
89235,26
89235,5
89235,1
89235,0
89235,7
89235,186
89242,1
89242,0
89333,7
89333,186
89354,0
89354,6
89354,1
89354,9
89380,1
89380,5
89380,3
89389,1
89389,0
89422,0
89430,1
89446,0
89450,1
89450,0
89450,2
89481,0
89481,1
89495,0
89495,3
89495,1
89495,27
89530,0
89530,1
89536,1
89536,4
89536,5
89536,0
89552,0
89552,1
89591,0
89591,1
89644,1
89644,4
89680,1
89680,4
89680,3
89680,0
89680,2
89680,18
89680,62
89691,0
89739,1
89739,14
89739,2
89739,0
89739,9
89739,20
89748,0
89748,1
89757,0
89757,1
89759,1
89828,8
89828,0
89828,1
89832,0
89832,6
89877,0
89905,5
89905,1
89905,48
89905,40
89905,3
89905,4
89905,31
89905,13
89905,26
90012,1
90012,4
90012,3
90012,0
90021,3
90021,1
90021,18
90021,62
90021,0
90021,4
90054,0
90059,1
90169,1
90169,0
90203,7
90203,186
90203,0
90203,1
90234,0
90245,0
90312,1
90312,0
90312,5
90325,0
90429,1
90429,5
90429,0
90515,1
90515,5
90515,4
90515,3
90515,0
90515,2
90515,18
90515,62
90515,12
90557,5
90557,0
90557,1
90571,1
90571,7
90571,186
90571,0
90571,6
90617,22
90618,0
90618,1
90701,5
90701,1
90709,0
90709,5
90712,0
90712,1
90712,4
90712,3
90721,8
90744,0
90744,3
90843,4
90843,1
90843,0
90844,0
90844,1
90898,0
90925,8
90940,0
90940,1
90940,4
90940,3
90940,26
90961,1
90961,5
90961,0
90966,1
90986,0
90999,3
91054,1
91054,0
91056,0
91056,1
91131,0
91131,22
91131,1
91131,5
91131,18
91131,62
91132,1
91132,0
91151,1
91151,0
91205,0
91262,9
91262,1
91262,0
91297,7
91297,186
91297,1
91297,5
91301,4
91301,1
91316,8
91316,0
91316,1
91346,0
91400,0
91400,22
91474,0
91474,1
91544,0
91544,7
91544,186
91544,5
91544,1
91549,0
91553,0
91553,1
91574,0
91655,1
91679,1
91679,0
91679,5
91715,2
91715,0
91720,1
91720,0
91721,0
91721,1
91721,4
91721,14
91753,1
91753,0
91816,4
91816,1
91816,3
91816,30
91816,144
91843,1
91851,5
91851,1
91917,1
91917,5
91917,4
91971,26
92058,0
92058,22
92074,1
92074,5
92074,0
92096,0
92096,1
92134,1
92134,5
92134,12
92134,20
92134,0
92134,2
92192,1
92192,5
92192,0
92215,1
92290,5
92290,1
92290,0
92290,7
92290,186
92299,0
92299,16
92299,1
92299,3
92299,5
92390,0
92435,17
92435,9
92435,0
92435,18
92435,62
92435,1
92499,22
92591,14
92591,13
92601,0
92603,0
92603,1
92603,4
92603,3
92603,2
92675,1
92675,0
92717,4
92717,1
92766,1
92860,1
92860,0
92880,26
92880,1
92880,4
92880,0
92880,24
92988,4
92988,3
92988,1
92988,2
92988,0
92988,6
93005,1
93026,0
93051,0
93063,0
93063,5
93063,1
93080,0
93080,20
93080,1
93088,4
93088,3
93088,1
93088,2
93088,0
93088,24
93088,6
93114,1
93165,1
93247,0
93314,1
93314,0
93423,5
93423,1
93423,8
93439,0
93439,3
93439,4
93459,0
93459,1
93471,1
93471,27
93471,0
93483,0
93493,35
93562,26
93605,0
93606,0
93606,2
93606,1
93606,4
93606,13
93606,3
93637,0
93643,7
93643,186
93643,0
93643,5
93643,1
93643,8
93675,1
93675,5
93675,0
93684,1
93708,0
93713,0
93713,20
93844,1
93893,24
93893,12
93893,1
93893,31
93922,0
93922,1
93923,1
93950,1
93950,0
93964,0
93964,1
93967,0
93967,9
93967,7
93967,186
93967,1
93967,5
93974,7
93974,186
93974,0
93985,0
93985,1
94005,1
94005,0
94005,26
94005,8
94007,1
94007,4
94007,5
94020,0
94020,7
94020,186
94032,1
94032,5
94032,0
94032,3
94032,15
94108,0
94108,8
94150,1
94150,0
94155,4
94281,0
94281,1
94281,5
94281,14
94281,9
94323,0
94323,4
94323,1
94323,5
94323,12
94391,1
94391,9
94413,0
94413,3
94413,1
94413,5
94670,1
94670,5
94670,0
94752,0
94752,1
94752,5
94812,1
94812,0
94812,26
94880,1
94880,5
94996,1
95022,1
95022,0
95029,1
95029,0
95055,1
95055,5
95070,0
95070,6
95103,0
95140,1
95140,7
95140,186
95140,5
95176,8
95249,5
95249,1
95249,15
95249,2
95249,4
95379,1
95379,5
95379,0
95460,0
95461,1
95461,5
95478,5
95478,1
95478,0
95486,4
95486,1
95528,0
95528,1
95528,2
95528,12
95528,6
95542,0
95542,1
95542,28
95542,18
95542,62
95549,1
95549,0
95563,1
95608,1
95608,26
95608,13
95617,1
95629,0
95629,5
95629,1
95650,5
95650,0
95733,0
95733,5
95753,1
95753,13
95801,0
95801,1
95857,1
95857,0
95869,1
95869,0
95908,1
95925,1
95963,0
95963,16
95979,0
96045,0
96045,1
96119,1
96119,0
96119,8
96131,1
96131,0
96144,8
96144,0
96144,7
96144,186
96180,0
96195,1
96256,1
96256,0
96262,0
96262,1
96270,8
96274,0
96274,1
96305,0
96305,2
96305,1
96348,1
96348,0
96392,0
96410,8
96467,1
96467,5
96467,0
96467,2
96468,8
96468,10
96468,11
96468,9
96546,1
96546,3
96588,0
96588,5
96588,1
96616,0
96620,5
96620,1
96620,15
96626,4
96695,1
96695,15
96695,8
96731,0
96731,1
96748,7
96748,186
96772,1
96772,5
96772,0
96781,0
96781,1
96781,5
96781,7
96781,186
96781,4
96781,14
96781,13
96781,2
96867,18
96867,62
96867,1
96882,1
96882,15
96882,5
96883,8
96883,0
96921,1
96921,5
96921,7
96921,186
96921,0
96933,1
96933,0
96957,1
96957,0
96957,22
96976,0
96995,1
96995,5
97051,4
97114,0
97114,1
97114,5
97114,2
97114,4
97148,6
97148,1
97148,0
97149,3
97149,5
97149,1
97149,8
97176,0
97176,1
97176,4
97177,0
97177,1
97261,0
97284,0
97284,1
97284,5
97284,7
97284,186
97294,3
97294,0
97294,5
97294,1
97310,5
97310,1
97310,22
97310,0
97318,1
97318,5
97318,3
97318,7
97318,186
97332,0
97337,1
97337,4
97337,5
97377,0
97377,1
97403,0
97403,5
97403,1
97446,0
97487,1
97529,4
97529,26
97529,13
97529,0
97529,11
97529,1
97529,6
97529,9
97606,0
97675,3
97675,43
97675,40
97675,19
97675,18
97675,62
97675,12
97704,1
97704,3
97704,4
97704,5
97857,0
97857,1
97857,5
97890,0
97890,5
97899,1
98147,1
98147,0
98172,1
98191,8
98215,8
98215,0
98245,0
98258,0
98322,5
98352,0
98362,4
98362,1
98384,1
98384,0
98384,5
98384,14
98394,4
98394,3
98416,1
98416,4
98416,3
98416,0
98450,7
98450,186
98496,17
98496,27
98496,18
98496,62
98545,1
98545,5
98545,0
98611,0
98611,9
98611,7
98611,186
98625,1
98692,0
98692,1
98707,1
98708,0
98708,4
98708,1
98708,18
98708,62
98717,1
98728,0
98728,7
98728,186
98728,12
98788,1
98788,0
98788,16
98860,1
98872,1
98891,2
98891,18
98891,62
98891,4
98891,1
98891,3
98911,0
98913,7
98913,186
98913,0
98913,1
98913,5
98965,1
98965,0
99003,1
99003,4
99003,3
99003,13
99003,5
99003,18
99003,62
99041,0
99041,1
99041,26
99065,0
99065,6
99065,2
99065,18
99065,62
99078,1
99078,9
99078,11
99078,20
99180,3
99180,0
99180,1
99180,2
99180,5
99180,47
99244,5
99244,0
99244,1
99244,3
99244,4
99244,13
99310,1
99310,4
99310,13
99310,14
99317,1
99317,4
99317,13
99317,5
99317,0
99348,1
99376,1
99376,4
99376,0
99393,1
99438,0
99438,8
99467,0
99467,1
99483,0
99525,0
99525,1
99541,0
99541,1
99542,1
99542,0
99605,7
99605,186
99680,1
99680,5
99680,0
99708,1
99708,5
99714,1
99714,0
99737,1
99750,5
99750,1
99750,3
99750,4
99750,0
99750,6
99867,1
99867,5
99915,4
99915,3
99915,1
99915,2
99915,0
99915,24
99915,6
99932,0
99932,1
99932,5
99972,1
99972,22
99972,15
100018,4
100018,3
100018,1
100018,2
100018,0
100018,24
100018,6
100043,1
100043,3
100043,5
100134,0
100134,1
100257,0
100257,1
100257,5
100257,8
100257,13
100265,27
100265,1
100265,5
100265,17
100298,1
100299,1
100299,0
100308,4
100308,1
100308,0
100317,35
100317,0
100318,1
100318,15
100374,4
100374,3
100374,27
100374,1
100374,2
100374,18
100374,62
100374,0
100390,1
100403,7
100403,186
100403,5
100403,15
100403,1
100493,1
100493,5
100493,0
100496,0
100496,1
100512,1
100512,0
100542,26
100542,13
100556,5
100556,1
100556,0
100587,0
100604,1
100604,5
100604,0
100613,1
100613,0
100710,0
100809,3
100809,0
100854,1
100854,0
100863,1
100863,5
100915,1
100915,0
100917,0
100923,1
100923,0
100923,5
100925,1
100925,5
100925,0
100925,8
100928,0
100928,16
100952,0
100952,1
100965,0
100976,5
101058,0
101058,14
101058,5
101058,1
101058,23
101058,20
101058,9
101097,0
101097,1
101099,0
101099,1
101099,18
101099,62
101099,9
101099,25
101099,5
101099,12
101126,0
101126,1
101132,23
101132,0
101132,1
101132,4
101160,1
101160,5
101160,26
101211,0
101211,1
101217,1
101217,5
101217,4
101217,26
101217,13
101217,14
101237,0
101237,5
101237,1
101337,1
101337,0
101337,5
101337,18
101337,62
101362,0
101362,4
101430,1
101430,0
101430,7
101430,186
101430,15
101458,1
101458,0
101467,0
101467,1
101467,7
101467,186
101482,0
101482,1
101522,0
101582,4
101582,0
101582,18
101582,62
101582,3
101582,12
101620,1
101635,0
101635,1
101635,5
101699,1
101699,0
101759,0
101759,14
101779,0
101801,0
101801,1
101801,9
101822,0
101822,7
101822,186
101850,1
101850,29
101850,5
101850,0
101851,0
101851,28
101851,24
101851,4
101851,19
101851,1
101851,3
101851,14
101851,9
101864,7
101864,186
101909,0
101909,22
101973,8
102028,20
102039,0
102263,1
102263,5
102263,0
102273,1
102273,0
102273,7
102273,186
102292,0
102292,1
102356,1
102356,8
102356,4
102443,1
102443,0
102488,5
102488,1
102488,4
102488,3
102488,25
102488,9
102488,26
102526,15
102526,1
102526,5
102533,1
102591,0
102610,0
102645,4
102645,3
102645,1
102645,2
102645,0
102645,24
102645,6
102684,7
102684,186
102684,5
102684,1
102717,0
102717,1
102786,7
102786,186
102786,5
102796,1
102811,1
102811,15
102811,5
102811,0
102811,2
102843,0
102843,5
102843,1
102891,1
102891,0
102895,0
102897,0
102897,5
102897,1
102916,0
102916,4
102916,1
102929,1
102938,0
102938,1
102948,0
102948,1
102989,1
103081,0
103081,1
103099,0
103099,1
103099,3
103099,5
103140,0
103140,1
103188,1
103188,0
103188,2
103209,0
103209,1
103209,16
103273,1
103273,5
103273,15
103273,0
103276,1
103276,0
103276,5
103284,1
103284,0
103328,4
103380,0
103380,15
103380,5
103390,12
103390,1
103408,0
103408,5
103408,2
103424,0
103424,1
103424,5
103463,1
103463,18
103463,62
103463,0
103467,0
103467,5
103467,1
103491,0
103491,4
103491,1
103491,6
103525,8
103525,1
103525,0
103597,1
103597,13
103597,20
103597,4
103597,31
103597,30
103597,144
103602,4
103602,8
103602,1
103602,2
103608,1
103608,0
103612,0
103612,1
103612,5
103613,0
103637,0
103638,1
103641,1
103641,3
103641,0
103641,16
103641,28
103659,32
103672,1
103672,0
103672,5
103715,0
103715,5
103715,1
103745,1
103745,4
103745,3
103745,0
103745,6
103767,0
103767,1
103768,1
103768,5
103768,0
103824,0
103824,7
103824,186
103837,1
103837,5
103837,4
103837,13
103837,3
103837,7
103837,186
103837,15
103837,0
103859,3
103859,19
103859,1
103892,0
104007,8
104007,1
104007,5
104007,9
104007,0
104018,1
104018,3
104018,14
104018,0
104018,5
104057,0
104108,0
104108,1
104118,0
104118,1
104161,1
104161,5
104161,0
104170,1
104170,3
104170,2
104170,0
104188,1
104188,0
104202,1
104202,0
104203,1
104203,3
104203,0
104204,9
104310,1
104310,0
104329,14
104329,13
104329,1
104329,5
104329,4
104369,1
104369,0
104428,0
104451,1
104451,0
104451,7
104451,186
104515,8
104515,5
104515,1
104515,0
104863,0
104891,0
104956,7
104956,186
105024,1
105024,5
105024,0
105033,1
105043,0
105061,0
105061,1
105061,4
105061,3
105061,27
105081,0
105106,6
105114,1
105123,0
105123,2
105123,4
105123,1
105123,8
105166,0
105178,4
105178,1
105178,0
105178,12
105201,0
105201,2
105201,1
105201,4
105251,18
105251,62
105330,22
105330,1
105330,0
105330,9
105330,5
105401,0
105401,1
105402,1
105402,0
105413,1
105413,0
105419,0
105432,1
105432,3
105432,0
105449,7
105449,186
105449,5
105456,0
105589,0
105589,5
105589,1
105626,0
105626,3
105627,2
105627,1
105686,0
105698,1
105698,0
105787,1
105787,5
105787,0
105883,0
105883,1
105961,0
105961,7
105961,186
105988,0
105988,1
105988,4
105988,3
106003,5
106003,7
106003,186
106090,7
106090,186
106132,5
106132,1
106132,4
106132,0
106132,2
106191,0
106191,1
106191,5
106191,13
106191,44
106310,0
106310,1
106404,5
106430,0
106430,1
106430,5
106474,1
106474,0
106504,3
106504,1
106504,4
106504,13
106504,0
106571,1
106588,0
106595,0
106595,1
106595,4
106595,3
106637,26
106637,13
106637,1
106637,8
106648,1
106648,17
106693,4
106693,10
106693,11
106693,9
106693,1
106693,2
106697,8
106697,0
106707,1
106707,0
106707,5
106707,18
106707,62
106755,1
106755,4
106755,5
106755,0
106755,2
106758,1
106758,13
106758,4
106758,5
106758,0
106758,8
106791,0
106794,0
106827,16
106908,0
106943,5
106943,15
106943,26
106943,1
106943,0
106981,4
106981,3
106981,1
106981,6
107002,8
107003,1
107003,3
107030,12
107081,0
107081,1
107081,5
107097,0
107097,16
107123,26
107123,1
107194,0
107194,5
107194,1
107203,0
107209,0
107209,7
107209,186
107221,5
107337,0
107418,0
107418,16
107418,5
107418,1
107422,3
107432,0
107432,1
107432,4
107495,1
107531,5
107531,1
107592,1
107592,20
107592,0
107592,4
107592,42
107606,0
107606,1
107606,5
107632,0
107632,1
107648,26
107648,0
107648,1
107648,4
107648,3
107702,24
107702,0
107774,0
107774,1
107774,3
107870,8
107870,1
107870,32
107870,0
107878,0
107989,1
107989,5
107989,0
107989,7
107989,186
108015,27
108015,2
108018,0
108031,7
108031,186
108049,1
108049,0
108055,1
108055,0
108061,10
108071,4
108071,0
108071,1
108075,1
108075,0
108101,1
108101,5
108101,4
108101,0
108101,17
108101,9
108101,10
108101,11
108123,0
108123,3
108123,4
108123,1
108134,1
108134,0
108145,0
108145,1
108145,5
108148,1
108148,27
108173,4
108173,5
108173,1
108173,3
108173,0
108174,0
108222,14
108222,0
108222,17
108222,9
108251,22
108251,0
108341,8
108341,0
108341,14
108341,4
108341,1
108386,0
108386,12
108386,6
108417,1
108417,5
108417,0
108418,0
108418,9
108420,5
108420,0
108453,1
108453,0
108453,2
108455,1
108459,0
108460,1
108460,0
108522,0
108522,1
108563,1
108563,3
108595,1
108595,26
108595,13
108607,1
108607,5
108607,0
108661,6
108661,31
108661,1
108661,0
108714,0
108729,1
108729,0
108740,0
108740,1
108740,8
108743,1
108758,7
108758,186
108758,0
108766,0
108766,1
108844,0
108844,5
108844,1
108847,0
108855,0
108872,1
108872,0
108939,4
108943,1
108943,8
108962,0
108962,5
108962,1
108962,7
108962,186
108966,5
108966,1
108966,26
109031,13
109031,26
109031,4
109031,1
109031,5
109031,15
109032,0
109156,1
109156,5
109156,15
109156,0
109156,2
109156,18
109156,62
109191,4
109191,2
109191,18
109191,62
109191,20
109196,1
109196,0
109196,4
109196,5
109227,20
109227,6
109227,1
109260,8
109291,1
109335,0
109422,1
109422,0
109443,1
109465,0
109465,1
109486,8
109486,0
109599,1
109648,0
109648,1
109648,5
109686,0
109686,1
109686,3
109686,4
109686,2
109686,18
109686,62
109713,1
109713,4
109713,3
109713,0
109744,0
109744,1
109747,1
109747,5
109747,0
109771,1
109771,3
109771,4
109771,0
109779,16
109779,0
109800,5
109800,7
109800,186
109800,1
109800,0
109826,1
109826,0
109826,2
109839,1
109839,0
109839,2
109885,0
109885,1
109885,6
109969,0
109969,1
110015,0
110061,0
110081,4
110081,0
110081,2
110116,5
110116,1
110129,1
110129,0
110168,1
110168,4
110168,8
110168,30
110168,144
110168,0
110229,0
110229,1
110229,5
110274,1
110274,4
110274,3
110274,39
110274,0
110285,0
110285,1
110285,4
110288,1
110298,5
110298,1
110408,0
110408,3
110420,5
110420,1
110450,4
110450,0
110450,2
110450,1
110450,27
110520,0
110520,1
110597,0
110629,4
110629,19
110654,1
110654,0
110670,1
110670,2
110670,18
110670,62
110686,9
110698,0
110698,6
110807,5
110807,1
110807,0
110807,15
110836,1
110836,0
110885,1
110885,5
110885,0
110901,4
110901,1
110994,1
110994,6
111005,1
111005,5
111017,1
111017,4
111017,3
111017,2
111017,0
111017,24
111017,6
111047,0
111047,1
111047,8
111051,1
111051,0
111051,5
111051,7
111051,186
111089,0
111089,1
111094,0
111094,1
111122,0
111122,1
111148,0
111148,16
111233,1
111233,31
111233,4
111233,0
111280,1
111280,5
111280,4
111316,0
111316,13
111316,14
111316,1
111323,1
111323,5
111346,0
111346,16
111346,14
111375,4
111375,25
111375,27
111375,0
111449,7
111449,186
111449,0
111520,7
111520,186
111520,1
111568,8
111591,1
111591,5
111591,29
111591,0
111637,4
111657,0
111675,1
111675,3
111691,1
111691,0
111693,1
111693,8
111693,39
111721,0
111721,7
111721,186
111721,1
111766,0
111766,1
111766,4
111809,0
111822,0
111899,16
111917,0
111917,1
111987,1
111987,0
111987,6
112060,0
112060,1
112085,0
112085,16
112085,2
112130,1
112168,5
112168,0
112168,1
112168,3
112168,4
112168,13
112169,1
112209,8
112213,8
112213,4
112213,3
112213,1
112213,0
112221,1
112221,4
112221,3
112248,0
112248,1
112273,0
112326,1
112354,0
112407,0
112407,1
112539,0
112539,1
112550,8
112550,0
112550,1
112550,4
112550,13
112574,0
112574,1
112606,5
112606,1
112606,4
112606,13
112613,1
112613,5
112613,3
112613,4
112672,5
112672,1
112672,7
112672,186
112716,5
112716,1
112716,0
112812,0
112812,1
112812,31
112827,1
112827,5
112827,0
112827,9
112883,1
112947,1
112947,0
112963,26
112963,0
112997,0
112997,1
113024,2
113024,0
113024,18
113024,62
113024,28
113031,1
113031,9
113031,17
113052,0
113074,1
113074,0
113074,2
113076,1
113076,18
113076,62
113084,25
113084,17
113160,4
113160,0
113239,1
113244,0
113244,5
113244,7
113244,186
113258,0
113258,1
113258,5
113277,1
113277,0
113308,0
113308,16
113308,9
113308,14
113370,4
113370,0
113388,1
113388,5
113388,0
113394,1
113394,5
113394,0
113394,2
113394,18
113394,62
113457,0
113457,16
113465,0
113486,0
113486,1
113486,5
113486,27
113493,0
113493,1
113494,0
113494,1
113494,40
113495,0
113495,5
113495,1
113514,1
113514,4
113514,0
113514,31
113530,0
113530,16
113560,0
113560,4
113560,26
113586,0
113619,0
113619,1
113645,6
113645,0
113682,1
113682,0
113682,4
113682,3
113786,5
113786,7
113786,186
113786,1
113786,0
113872,1
113872,0
113890,0
113890,1
113893,0
113911,1
113911,0
113926,0
113926,1
113926,5
113934,8
113934,4
113934,9
113934,13
113934,7
113934,186
113934,1
113958,0
113997,4
114049,1
114083,4
114083,3
114083,1
114083,2
114083,0
114083,24
114083,6
114170,1
114170,4
114170,3
114170,18
114170,62
114219,13
114219,1
114219,12
114219,6
114219,2
114219,0
114223,0
114315,14
114315,13
114348,0
114348,6
114433,4
114433,1
114508,2
114536,1
114536,0
114555,0
114565,0
114565,2
114565,4
114565,1
114565,14
114565,9
114738,1
114738,5
114738,0
114806,1
114930,0
114951,1
114951,3
114951,5
114951,0
114979,1
114991,1
114991,6
114991,4
114991,9
114991,2
115000,5
115000,1
115000,0
115026,1
115026,5
115104,1
115113,0
115123,1
115123,26
115123,0
115123,16
115123,3
115199,1
115199,2
115199,24
115200,1
115307,1
115307,0
115324,1
115324,7
115324,186
115324,0
115324,22
115471,1
115530,0
115530,23
115563,1
115563,3
115563,0
115563,2
115569,5
115569,1
115587,1
115587,0
115587,3
115650,1
115650,5
115650,0
115717,1
115717,7
115717,186
115717,0
115752,0
115757,0
115757,5
115757,1
115757,3
115866,0
115866,14
115878,1
115878,31
115878,12
115878,25
115878,9
115878,20
115878,0
115888,1
115888,5
115888,3
115888,0
115906,1
115917,0
115944,0
115944,14
115944,1
115965,0
115965,1
115965,5
115978,1
115978,0
115994,1
115998,2
115998,4
115998,1
115998,3
115998,8
116043,0
116043,4
116043,9
116170,5
116170,1
116170,0
116307,0
116307,1
116309,1
116385,1
116385,5
116387,0
116387,1
116429,3
116429,4
116429,0
116541,0
116542,8
116542,1
116542,0
116690,1
116690,15
116690,5
116696,1
116696,5
116697,1
116697,5
116810,4
116810,3
116810,1
116810,0
116810,2
116825,13
116825,14
116825,4
116825,1
116825,5
116825,0
116825,15
116849,8
116858,0
116858,1
116867,18
116867,62
116867,1
116867,8
116867,25
116875,0
116875,1
116938,1
116938,4
116938,3
116976,0
116976,1
117031,1
117031,0
117043,6
117043,4
117043,1
117043,14
117047,1
117047,0
117092,0
117092,1
117092,6
117110,0
117110,1
117110,4
117110,3
117121,1
117121,18
117121,62
117126,4
117126,3
117126,1
117126,0
117129,26
117129,13
117129,4
117129,6
117138,10
117138,11
117138,4
117138,1
117205,1
117232,1
117232,5
117232,3
117232,0
117233,8
117272,0
117272,1
117272,5
117281,0
117281,1
117330,0
117330,1
117330,4
117330,27
117330,6
117330,2
117330,18
117330,62
117339,1
117339,3
117489,1
117489,0
117517,1
117550,1
117550,5
117550,0
117550,26
117572,0
117572,46
117609,1
117609,5
117609,0
117669,3
117691,1
117691,5
117691,7
117691,186
117691,2
117691,0
117691,4
117702,1
117705,26
117705,8
117775,0
117775,1
117814,1
117814,0
117814,9
117837,1
117837,8
117837,3
117912,1
117912,0
117934,0
117934,1
117934,5
117945,1
117945,0
117952,1
117952,5
117966,5
117966,1
118003,1
118003,4
118003,0
118073,1
118073,0
118093,1
118093,3
118093,0
118136,8
118136,4
118136,7
118136,186
118136,1
118147,22
118147,0
118147,5
118147,1
118197,0
118197,1
118197,5
118210,1
118210,0
118226,22
118253,1
118253,4
118253,3
118253,0
118253,2
118290,0
118318,3
118318,1
118342,0
118342,5
118342,1
118363,1
118363,5
118481,1
118481,14
118481,5
118514,8
118514,1
118514,5
118514,0
118581,0
118581,1
118601,4
118601,9
118601,13
118601,7
118601,186
118601,1
118605,2
118605,0
118614,17
118614,9
118614,27
118614,3
118614,1
118614,13
118655,0
118730,1
118735,8
118767,7
118767,186
118790,1
118790,5
118794,0
118794,1
118794,22
118932,1
118979,0
118990,20
119003,1
119019,1
119047,0
119047,1
119047,4
119047,13
119047,3
119067,0
119067,8
119067,1
119067,4
119067,3
119067,5
119130,0
119177,1
119207,0
119207,1
119220,12
119220,1
119220,13
119220,4
119229,1
119312,0
119312,5
119329,0
119329,9
119351,5
119351,1
119351,7
119351,186
119434,1
119434,0
119434,2
119446,16
119453,1
119478,10
119478,11
119478,47
119478,9
119532,0
119554,1
119554,39
119604,1
119604,0
119630,1
119655,5
119655,7
119655,186
119655,1
119655,0
119683,0
119685,1
119685,0
119685,2
119697,5
119697,1
119697,31
119703,0
119703,1
119749,0
119749,1
119749,5
119749,2
119757,1
119892,0
119892,3
119892,2
119897,1
119897,0
119897,6
119911,1
119960,0
119960,1
119978,1
119978,5
119978,7
119978,186
119978,0
119998,21
119998,0
119998,22
119998,1
120033,1
120033,0
120043,5
120043,0
120056,8
120056,1
120056,5
120056,9
120056,0
120085,0
120085,1
120105,1
120105,8
120115,0
120158,1
120160,0
120160,1
120182,1
120182,0
120189,1
120189,0
120189,4
120189,25
120252,0
120293,1
120313,0
120313,1
120375,4
120375,1
120375,30
120375,144
120390,0
120390,2
120396,2
120396,0
120396,1
120396,4
120396,13
120396,3
120404,0
120404,1
120418,1
120418,5
120418,0
120465,0
120494,4
120494,2
120537,0
120577,17
120577,8
120581,5
120581,1
120614,22
120614,1
120614,0
120626,4
120626,8
120626,1
120626,3
120627,1
120627,4
120627,3
120627,2
120627,18
120627,62
120636,1
120636,4
120636,3
120636,0
120636,2
120641,0
120667,7
120667,186
120667,1
120667,5
120667,3
120811,1
120811,5
120834,14
120834,13
120834,1
120858,10
120858,11
120858,9
120858,17
120858,0
120874,0
120877,0
120877,16
120949,5
120949,1
120956,1
121004,18
121004,62
121045,0
121061,1
121107,1
121128,1
121138,1
121138,5
121138,15
121148,0
121148,2
121148,1
121148,4
121148,13
121185,1
121185,5
121185,2
121185,0
121200,1
121200,0
121213,0
121227,1
121227,2
121254,1
121254,5
121255,14
121255,13
121363,1
121363,5
121363,0
121363,28
121363,18
121363,62
121388,0
121388,16
121402,1
121402,2
121402,24
121485,8
121485,0
121570,0
121570,1
121570,8
121573,1
121605,0
121625,7
121625,186
121625,5
121625,1
121625,0
121674,1
121674,4
121674,9
121676,1
121676,0
121738,0
121738,1
121753,8
121753,1
121753,0
121756,0
121922,0
121922,8
121932,0
121932,1
121944,0
121944,1
121944,5
121944,4
121944,9
121958,0
121958,4
121958,1
121971,3
121971,1
121971,6
121971,0
121971,2
121988,1
121995,1
122036,1
122063,1
122063,8
122063,0
122063,35
122094,1
122094,5
122094,0
122104,0
122106,27
122127,4
122127,14
122127,1
122127,18
122127,62
122158,0
122215,3
122215,0
122215,1
122215,6
122249,0
122342,0
122342,1
122342,14
122342,20
122342,3
122355,1
122355,3
122355,0
122375,0
122387,8
122387,0
122387,1
122387,5
122425,0
122425,8
122466,0
122518,1
122548,35
122554,1
122554,0
122699,0
122699,1
122718,1
122737,1
122737,5
122737,0
122798,1
122798,0
122824,1
122824,5
122847,18
122847,62
122863,1
122863,5
122863,0
122863,6
122930,1
122930,0
122950,1
122950,4
122950,0
122950,2
122950,18
122950,62
122960,0
122987,0
123040,0
123043,1
123043,0
123043,8
123062,26
123092,1
123092,0
123150,1
123199,5
123199,1
123199,0
123240,1
123240,0
123253,1
123253,0
123253,18
123253,62
123253,4
123253,9
123254,0
123255,0
123255,23
123255,7
123255,186
123288,1
123288,5
123288,4
123288,0
123291,20
123301,3
123301,4
123301,1
123380,0
123380,1
123390,0
123390,1
123426,7
123426,186
123426,1
123426,5
123426,0
123426,26
123428,0
123428,5
123428,7
123428,186
123428,1
123438,5
123438,1
123438,3
123442,1
123442,0
123442,9
123457,0
123538,0
123538,1
123538,3
123538,9
123538,2
123540,0
123562,7
123562,186
123562,8
123667,0
123667,2
123667,1
123667,4
123667,13
123667,3
123678,4
123678,3
123678,30
123678,144
123678,25
123678,31
123678,1
123711,9
123711,1
123711,10
123711,11
123711,5
123711,0
123711,2
123715,1
123715,5
123715,3
123715,0
123715,7
123715,186
123716,1
123717,0
123717,2
123717,8
123745,0
123745,1
123783,0
123791,8
123833,0
123833,1
123833,5
123905,0
123905,1
123905,5
123925,0
123939,0
123960,0
123965,1
123965,0
123980,0
123991,0
123991,2
123991,18
123991,62
124034,1
124045,5
124045,1
124045,0
124045,7
124045,186
124095,0
124105,1
124105,0
124106,0
124106,1
124106,20
124113,0
124117,0
124159,1
124159,5
124159,7
124159,186
124159,3
124159,4
124159,0
124159,2
124171,0
124210,1
124216,1
124216,0
124287,8
124287,4
124287,9
124287,17
124308,0
124331,0
124331,8
124369,13
124369,5
124369,39
124369,1
124369,0
124372,0
124385,0
124391,0
124391,42
124453,1
124457,4
124457,18
124457,62
124457,33
124464,0
124464,1
124483,1
124483,0
124518,26
124581,0
124581,2
124581,1
124581,5
124604,1
124618,5
124621,15
124621,1
124709,1
124709,0
124746,8
124746,4
124746,1
124746,19
124746,14
124759,0
124759,1
124759,5
124793,0
124795,0
124795,4
124930,0
124930,1
124930,20
124930,8
125015,0
125087,0
125087,14
125097,0
125139,1
125139,0
125139,2
125139,5
125153,0
125153,1
125153,6
125153,12
125163,1
125163,4
125163,3
125163,0
125228,1
125228,0
125228,4
125228,5
125236,0
125262,4
125262,3
125262,1
125262,2
125262,0
125262,6
125279,0
125290,1
125290,0
125300,4
125300,1
125300,3
125300,0
125323,3
125323,0
125351,1
125351,14
125351,4
125351,9
125351,0
125355,0
125355,1
125399,7
125399,186
125399,1
125399,5
125402,1
125402,5
125402,3
125491,0
125491,22
125491,14
125546,1
125546,0
125551,1
125556,1
125556,0
125626,16
125626,0
125645,1
125658,8
125705,1
125705,0
125761,6
125780,31
125780,1
125780,4
125780,3
125780,7
125780,186
125780,5
125780,15
125780,0
125783,0
125783,1
125785,1
125809,0
125809,1
125814,0
125814,1
125814,4
125814,3
125855,5
125855,1
125855,22
125945,1
125945,0
125955,0
126025,1
126025,8
126025,4
126056,5
126056,1
126056,0
126064,0
126064,1
126064,5
126134,1
126241,8
126241,1
126488,0
126488,1
126488,5
126505,4
126505,9
126505,17
126513,5
126564,1
126564,5
126564,0
126564,15
126595,9
126678,1
126678,0
126678,7
126678,186
126780,0
126794,0
126794,1
126808,1
126808,0
126808,4
126808,2
126811,1
126811,0
126811,5
126811,7
126811,186
126908,0
126934,0
127016,1
127016,4
127016,3
127016,0
127016,2
127040,0
127160,0
127185,1
127189,1
127189,0
127189,22
127189,2
127269,0
127269,1
127306,1
127306,0
127306,9
127358,1
127358,0
127364,1
127364,5
127366,1
127367,4
127367,3
127367,1
127367,2
127367,0
127367,6
127375,0
127375,1
127375,20
127446,1
127446,0
127446,4
127446,14
127459,3
127461,1
127461,15
127471,1
127471,0
127471,2
127471,4
127471,13
127471,3
127475,0
127475,1
127502,3
127505,6
127505,7
127505,186
127505,1
127505,5
127505,15
127518,15
127518,1
127518,0
127524,22
127524,0
127526,0
127549,0
127549,1
127549,5
127549,8
127587,0
127587,1
127587,5
127598,1
127598,13
127607,1
127607,0
127621,1
127686,1
127686,9
127688,0
127688,1
127688,5
127689,0
127689,1
127689,4
127689,3
127705,8
127705,1
127705,4
127717,0
127717,1
127717,3
127753,0
127753,2
127753,14
127753,4
127807,0
127807,16
127807,4
127849,1
127849,15
127849,5
127865,5
127865,1
127865,0
127865,2
127865,18
127865,62
127876,15
127876,1
127915,1
127915,0
127934,0
127934,1
127954,1
127954,7
127954,186
127954,5
127954,0
127954,2
127988,0
127988,22
127988,1
127988,5
128003,0
128019,0
128019,1
128021,1
128021,0
128021,14
128107,5
128107,1
128107,7
128107,186
128107,15
128107,0
128115,5
128115,0
128115,1
128115,4
128115,9
128115,13
128182,5
128182,1
128182,7
128182,186
128189,22
128302,0
128302,1
128319,1
128319,3
128319,0
128319,4
128369,0
128379,26
128379,0
128382,0
128406,2
128406,0
128566,0
128566,1
128585,1
128585,4
128585,3
128590,4
128590,3
128600,0
128600,1
128642,0
128642,1
128642,22
128653,3
128653,1
128710,17
128710,9
128710,30
128710,144
128746,1
128746,0
128747,1
128747,0
128753,0
128753,2
128753,18
128753,62
128753,16
128753,14
128753,4
128769,1
128769,0
128794,1
128849,7
128849,186
128885,5
128885,1
129053,1
129053,6
129053,3
129063,1
129063,0
129099,1
129099,0
129194,0
129194,1
129194,26
129195,0
129195,2
129195,4
129195,1
129225,1
129271,0
129271,1
129281,5
129281,1
129281,0
129376,0
129376,1
129443,8
129443,1
129443,23
129481,0
129481,1
129494,46
129494,0
129520,4
129520,3
129520,1
129534,0
129603,5
129603,1
129603,0
129655,0
129655,1
129663,1
129663,4
129663,2
129675,0
129735,1
129758,1
129758,0
129763,0
129763,1
129769,0
129769,7
129769,186
129779,1
129779,0
129853,0
129870,1
129870,0
129882,1
129882,15
129914,1
129914,4
130013,0
130013,1
130013,7
130013,186
130014,1
130014,0
130133,1
130133,5
130133,0
130184,0
130243,9
130243,4
130243,0
130243,10
130252,4
130376,0
130376,14
130376,22
130419,0
130472,4
130472,3
130472,1
130518,0
130602,37
130602,9
130602,35
130602,19
130636,0
130651,0
130651,1
130651,3
130660,5
130660,1
130660,0
130671,1
130691,22
130691,0
130802,1
130802,5
130802,15
130807,0
130807,1
130834,0
130834,1
130885,0
130885,5
130885,1
130974,1
130978,1
130982,0
130982,1
131006,14
131006,0
131006,1
131029,1
131029,0
131029,2
131043,1
131059,0
131059,2
131059,1
131059,4
131060,1
131060,4
131060,3
131060,39
131060,0
131080,1
131080,7
131080,186
131080,0
131080,2
131092,1
131115,1
131115,4
131121,9
131168,1
131200,8
131200,1
131200,5
131200,3
131200,4
131295,4
131299,7
131299,186
131299,0
131316,1
131320,1
131320,0
131328,0
131328,1
131383,24
131420,1
131420,0
131420,5
131426,0
131455,0
131455,5
131455,1
131455,4
131459,1
131581,1
131581,0
131581,20
131581,12
131615,1
131631,7
131631,186
131631,5
131696,4
131733,1
131737,0
131758,10
131758,11
131758,0
131758,9
131763,0
131763,1
131763,16
131763,5
131784,0
131789,1
131793,4
131793,3
131793,1
131793,5
131793,0
131799,0
131867,22
131867,0
132030,1
132030,5
132030,0
132032,1
132032,0
132093,1
132093,5
132093,0
132104,1
132104,0
132104,3
132105,7
132105,186
132105,0
132242,14
132242,0
132242,1
132262,0
132264,0
132264,1
132296,0
132296,1
132296,5
132296,3
132355,0
132355,5
132355,1
132407,0
132465,0
132465,1
132466,0
132524,0
132524,1
132530,8
132530,1
132530,3
132530,4
132530,19
132564,0
132564,1
132564,5
132626,4
132626,1
132626,0
132626,8
132700,1
132700,0
132780,5
132780,1
132821,0
132821,1
132821,5
132843,0
132884,1
132884,5
132884,0
132889,0
132889,5
132997,5
133118,1
133118,3
133170,1
133200,1
133200,0
133217,0
133239,1
133239,5
133295,1
133295,4
133295,3
133295,0
133295,2
133295,18
133295,62
133315,13
133315,26
133315,14
133320,7
133320,186
133320,1
133363,1
133363,0
133372,0
133372,1
133380,0
133380,1
133380,5
133406,0
133413,1
133413,0
133471,0
133471,5
133471,1
133472,1
133472,3
133472,0
133472,14
133472,4
133472,8
133545,0
133545,1
133545,5
133621,1
133691,1
133691,0
133742,1
133742,27
133742,8
133744,0
133744,1
133836,32
133836,1
133836,0
133949,0
133949,7
133949,186
133949,5
133949,26
134000,5
134000,1
134027,0
134027,5
134027,1
134080,23
134080,18
134080,62
134080,1
134080,5
134129,1
134129,4
134129,3
134129,0
134129,2
134129,8
134152,8
134152,1
134152,0
134160,0
134178,1
134178,0
134178,4
134210,0
134210,1
134219,0
134219,1
134219,31
134219,4
134222,0
134243,4
134243,3
134243,1
134243,2
134243,0
134300,1
134324,0
134324,6
134324,1
134324,3
134368,1
134368,13
134375,4
134375,3
134375,1
134375,2
134375,18
134375,62
134375,0
134389,0
134389,1
134586,1
134599,1
134702,1
134702,5
134702,22
134702,0
134746,1
134746,38
134758,4
134758,9
134758,13
134758,7
134758,186
134758,1
134819,0
134819,1
134819,6
134875,0
134875,1
134926,1
134993,32
135016,1
135016,5
135016,0
135046,0
135046,1
135106,0
135106,6
135122,0
135122,1
135122,4
135122,3
135145,1
135145,5
135145,15
135145,8
135147,1
135148,0
135158,1
135158,3
135164,1
135164,0
135164,24
135218,4
135218,0
135255,0
135302,1
135302,0
135313,0
135313,1
135327,7
135327,186
135327,5
135372,1
135372,5
135372,13
135372,0
135390,0
135390,29
135404,5
135419,0
135419,1
135419,7
135419,186
135425,1
135435,0
135435,1
135436,0
135499,1
135615,4
135615,3
135615,1
135615,6
135655,1
135655,6
135655,4
135655,0
135659,1
135659,2
135677,5
135677,1
135677,0
135679,0
135679,1
135770,1
135770,0
135770,32
135807,0
135807,1
135807,4
135853,1
135853,0
135853,5
135853,4
135853,7
135853,186
135881,1
135881,5
135881,0
135887,1
135937,13
135937,0
135937,20
135937,12
135937,1
135941,17
135941,4
135966,0
135966,5
135966,7
135966,186
135966,1
135970,4
135970,14
135970,1
135970,0
135980,0
135980,1
135980,5
136011,4
136011,1
136011,14
136011,27
136136,7
136136,186
136136,5
136136,1
136242,1
136243,7
136243,186
136248,0
136248,1
136248,5
136277,4
136277,0
136299,0
136299,22
136299,1
136339,0
136339,1
136339,8
136356,1
136356,0
136357,4
136357,1
136357,0
136357,2
136363,0
136375,0
136375,1
136375,9
136384,3
136384,24
136384,7
136384,186
136384,5
136384,1
136447,4
136447,3
136447,1
136447,10
136447,11
136449,0
136449,18
136449,62
136449,4
136449,1
136449,28
136449,6
136454,7
136454,186
136454,1
136454,0
136466,5
136466,1
136466,12
136502,0
136502,5
136502,7
136502,186
136502,15
136502,22
136502,1
136502,25
136502,4
136658,0
136658,1
136658,4
136658,8
136740,0
136740,1
136740,4
136740,5
136740,14
136740,13
136740,26
136756,0
136783,1
136783,4
136783,3
136783,0
136804,6
136817,7
136817,186
136817,5
136824,0
136824,4
136824,14
136875,1
136875,5
136875,0
136945,1
136945,5
136945,8
136999,0
136999,1
136999,22
136999,2
136999,18
136999,62
137020,0
137020,1
137020,5
137020,4
137034,1
137034,14
137034,26
137034,4
137034,0
137034,18
137034,62
137047,1
137047,0
137120,2
137138,5
137138,0
137138,1
137138,4
137212,0
137241,1
137241,0
137244,0
137244,26
137305,1
137309,1
137309,5
137309,0
137322,0
137327,1
137327,0
137375,0
137391,1
137391,5
137391,0
137415,1
137439,0
137439,1
137472,1
137472,3
137472,5
137536,2
137536,0
137536,1
137564,0
137564,1
137564,5
137601,1
137601,6
137645,0
137645,7
137645,186
137677,8
137715,17
137715,14
137715,0
137715,9
137769,1
137769,5
137804,1
137804,5
137804,0
137804,4
137827,0
137827,1
137827,7
137827,186
137827,5
137868,0
137868,5
137868,1
137886,0
137886,16
137886,14
137886,1
137886,4
137886,5
137886,20
137931,0
137999,0
137999,4
138030,0
138030,8
138055,0
138146,21
138151,22
138156,0
138188,1
138188,0
138188,29
138192,1
138192,0
138192,5
138192,7
138192,186
138192,15
138215,1
138215,5
138256,7
138256,186
138340,1
138340,0
138351,1
138389,1
138389,0
138435,3
138435,4
138435,6
138435,2
138435,18
138435,62
138441,1
138441,0
138441,4
138467,1
138467,3
138467,2
138642,1
138642,3
138642,0
138674,1
138674,0
138674,2
138710,7
138710,186
138710,5
138733,0
138733,22
138733,1
138768,1
138768,4
138768,3
138804,5
138804,7
138804,186
138804,1
138807,0
138807,1
138882,0
138882,8
139013,1
139013,0
139022,4
139022,0
139022,9
139022,1
139025,0
139069,8
139164,22
139164,0
139164,1
139226,0
139230,1
139230,3
139230,5
139230,7
139230,186
139231,1
139260,1
139260,0
139320,0
139326,0
139358,6
139361,1
139361,4
139361,3
139361,2
139361,0
139361,24
139361,6
139368,0
139368,5
139368,1
139445,0
139454,0
139454,1
139454,5
139524,1
139549,2
139579,1
139579,5
139579,31
139670,1
139670,18
139670,62
139670,8
139697,0
139786,0
139786,1
139814,0
139814,2
139814,5
139814,1
139853,13
139853,1
139867,1
139867,0
139874,0
139874,1
139874,2
139968,1
139968,0
139992,1
140005,4
140005,14
140005,10
140005,11
140005,9
140014,1
140014,4
140014,19
140089,1
140089,0
140090,0
140090,2
140100,0
140140,1
140140,0
140206,0
140206,2
140206,18
140206,62
140206,1
140206,9
140206,13
140231,1
140262,1
140263,0
140265,5
140265,1
140267,26
140267,5
140267,4
140267,1
140305,0
140305,8
140314,1
140314,5
140314,0
140325,26
140325,1
140325,4
140352,0
140587,4
140587,26
140587,1
140621,1
140697,4
140697,9
140697,13
140697,7
140697,186
140697,1
140702,1
140702,25
140795,0
140827,1
140827,5
140827,0
140939,4
140939,1
140939,0
140952,4
140952,1
140998,5
140998,1
141012,0
141024,0
141024,5
141024,1
141070,0
141072,0
141145,1
141145,0
141200,7
141200,186
141200,5
141200,1
141305,0
141312,1
141316,1
141316,0
141316,5
141339,2
141339,0
141339,18
141339,62
141339,12
141339,27
141437,32
141440,0
141440,1
141440,3
141440,4
141555,1
141555,5
141558,1
141599,3
141600,0
141600,1
141623,0
141623,5
141623,1
141696,1
141696,0
141762,0
141762,1
141762,9
141763,0
141941,1
141941,5
141941,0
141941,3
141973,1
141973,4
141973,3
141973,0
141973,2
141973,18
141973,62
141975,1
141975,0
141975,3
142000,0
142000,2
142000,1
142004,1
142004,0
142004,5
142063,0
142063,1
142075,1
142075,3
142075,4
142075,0
142075,24
142119,7
142119,186
142119,5
142119,1
142140,1
142140,0
142186,1
142224,0
142224,1
142343,1
142343,0
142388,0
142388,1
142503,1
142503,0
142503,4
142503,2
142507,0
142507,2
142509,0
142509,2
142564,0
142564,5
142564,1
142564,4
142580,3
142580,0
142580,1
142580,6
142585,0
142630,0
142650,1
142650,0
142656,5
142656,4
142656,13
142656,0
142656,15
142679,31
142679,6
142704,5
142704,1
142710,1
142735,0
142735,1
142735,10
142748,0
142771,4
142771,9
142809,1
142809,0
142849,1
142849,5
142872,0
142891,0
142891,1
142938,0
143000,0
143000,1
143000,24
143000,4
143052,0
143082,0
143082,1
143087,1
143127,0
143127,20
143127,31
143127,12
143144,5
143144,1
143207,1
143225,1
143254,15
143254,5
143281,0
143281,1
143370,0
143402,0
143402,1
143422,12
143527,8
143527,4
143527,9
143527,13
143527,1
143542,0
143542,35
143542,1
143597,0
143597,2
143597,18
143597,62
143639,0
143639,5
143639,1
143639,3
143639,25
143639,30
143639,144
143677,1
143677,5
143677,4
143677,13
143677,3
143677,0
143677,2
143684,0
143700,0
143823,0
143826,0
143826,1
143826,5
143826,4
143885,0
143885,1
143919,5
143919,0
143955,1
143955,4
143976,0
143976,16
144056,8
144073,0
144073,1
144073,5
144209,7
144209,186
144209,5
144209,1
144209,0
144227,1
144234,14
144234,0
144317,16
144317,0
144324,7
144324,186
144340,0
144340,2
144344,4
144344,3
144344,1
144348,4
144348,3
144348,1
144348,2
144348,0
144348,24
144348,6
144412,1
144412,13
144412,9
144412,14
144511,0
144518,7
144518,186
144518,46
144527,0
144552,1
144552,5
144552,4
144585,0
144589,18
144589,62
144590,1
144713,0
144713,1
144720,5
144720,1
144720,0
144720,4
144720,9
144720,26
144720,13
144806,0
144806,1
144806,20
144806,31
144806,12
144806,28
144806,18
144806,62
144806,25
144818,0
144818,46
144835,0
144902,22
144902,1
145006,0
145016,1
145022,0
145036,0
145068,1
145068,0
145108,26
145108,6
145108,12
145108,1
145108,31
145127,1
145127,0
145146,1
145171,0
145171,1
145252,13
145256,0
145256,1
145261,5
145265,0
145285,0
145310,0
145355,0
145379,5
145379,1
145379,0
145438,14
145438,4
145485,0
145500,1
145500,13
145502,0
145632,1
145632,3
145632,0
145632,14
145632,4
145632,8
145653,1
145653,5
145653,3
145653,0
145669,0
145683,4
145683,0
145699,4
145699,1
145699,3
145783,1
145795,1
145798,5
145798,1
145848,0
145848,1
145885,0
145885,1
145955,5
145955,1
145994,0
145994,1
146036,5
146036,1
146036,31
146036,7
146036,186
146036,0
146036,2
146036,24
146144,1
146144,5
146155,1
146155,4
146194,1
146194,3
146194,4
146194,2
146199,1
146199,0
146199,6
146210,1
146210,4
146210,5
146210,15
146236,5
146236,1
146236,9
146250,1
146250,0
146252,1
146252,0
146275,1
146332,1
146332,3
146332,6
146333,1
146333,35
146341,0
146344,1
146344,4
146344,5
146344,15
146380,1
146380,9
146381,7
146381,186
146381,5
146437,1
146437,0
146477,1
146477,8
146477,4
146521,0
146521,22
146521,5
146521,1
146581,7
146581,186
146581,0
146586,0
146597,1
146603,0
146603,2
146603,5
146603,1
146603,3
146603,4
146603,26
146645,1
146645,0
146645,5
146645,4
146672,0
146672,5
146672,1
146672,22
146677,1
146677,5
146698,4
146698,0
146698,1
146760,0
146760,1
146782,1
146782,6
146846,14
146993,0
147004,1
147025,5
147025,1
147043,1
147043,0
147043,22
147043,5
147043,7
147043,186
147043,15
147067,0
147067,1
147067,5
147175,0
147199,0
147199,15
147199,1
147199,5
147199,3
147219,11
147219,1
147219,5
147219,3
147219,8
147339,0
147339,1
147345,1
147345,5
147372,0
147372,1
147412,5
147446,0
147446,2
147477,1
147490,0
147490,1
147516,3
147516,4
147516,1
147516,10
147516,11
147644,1
147644,17
147675,0
147704,5
147704,1
147708,3
147708,2
147708,1
147708,0
147708,4
147708,18
147708,62
147708,6
147729,0
147730,1
147730,0
147783,5
147783,1
147808,1
147808,0
147808,5
147957,1
147989,1
147989,5
147989,0
147989,26
148021,1
148021,26
148021,0
148021,4
148029,7
148029,186
148029,5
148029,1
148029,22
148029,0
148085,0
148146,1
148146,0
148148,1
148148,5
148148,0
148190,1
148190,5
148195,0
148211,5
148211,1
148211,13
148211,9
148211,8
148215,5
148215,1
148215,0
148215,7
148215,186
148225,1
148225,0
148225,4
148225,26
148261,0
148261,1
148261,4
148262,0
148293,1
148293,0
148343,0
148343,7
148343,186
148343,22
148343,31
148343,9
148360,0
148360,1
148360,26
148381,0
148410,0
148454,0
148454,1
148482,1
148564,5
148564,1
148564,0
148572,0
148572,1
148572,2
148572,20
148597,0
148630,3
148630,1
148630,4
148630,13
148630,0
148630,2
148718,1
148718,2
148718,18
148718,62
148757,0
148757,1
148783,0
148783,1
148783,4
148842,0
148842,5
148842,1
148842,15
148894,0
148894,1
148894,5
148951,0
148993,4
148993,0
148993,1
149061,1
149061,5
149061,0
149061,2
149093,0
149118,7
149118,186
149118,0
149118,13
149118,1
149186,0
149186,1
149318,1
149358,7
149358,186
149358,0
149358,22
149358,1
149375,20
149381,1
149403,0
149410,0
149410,2
149410,18
149410,62
149410,5
149410,1
149410,4
149414,0
149414,1
149414,9
149417,1
149417,26
149418,1
149418,5
149418,15
149418,0
149484,0
149484,1
149485,1
149485,0
149485,14
149485,10
149485,9
149530,4
149530,1
149561,16
149686,1
149686,0
149702,1
149702,18
149702,62
149744,33
149744,0
149744,18
149744,62
149748,1
149748,4
149748,0
149777,1
149777,0
149787,0
149825,1
149825,5
149825,0
149827,2
149827,18
149827,62
149866,7
149866,186
149866,5
149866,1
149866,0
149870,0
149931,0
149931,5
149931,1
149962,4
149962,1
149962,2
149962,0
150100,0
150100,2
150100,1
150100,27
150100,3
150103,0
150103,7
150103,186
150103,1
150103,5
150159,0
150159,1
150197,0
150308,0
150311,1
150311,2
150311,0
150385,1
150385,0
150485,0
150485,1
150485,5
150634,0
150634,1
150665,0
150665,1
150665,5
150681,4
150716,0
150743,0
150762,0
150885,0
150885,4
150885,1
150908,0
150923,1
150923,5
150923,8
150975,0
150975,1
150995,5
150995,1
151010,0
151010,1
151089,1
151089,4
151089,0
151089,2
151089,24
151089,3
151089,5
151110,1
151110,13
151110,5
151110,4
151110,12
151110,20
151110,0
151133,0
151133,2
151133,1
151133,18
151133,62
151155,3
151155,1
151155,0
151155,2
151342,1
151342,0
151403,0
151403,1
151403,4
151445,1
151445,0
151445,5
151504,0
151551,1
151551,0
151808,1
151808,0
151889,14
151889,13
151889,0
151904,4
151904,0
151904,1
151904,13
151904,3
151904,28
151959,1
151959,0
151996,0
151996,26
151996,1
151996,25
151996,13
151996,14
151996,4
151996,30
151996,144
151996,18
151996,62
151996,8
152041,0
152041,1
152041,5
152078,1
152078,4
152078,3
152078,0
152078,2
152078,18
152078,62
152180,0
152182,0
152182,1
152186,1
152186,13
152193,22
152193,0
152204,0
152204,13
152204,4
152204,1
152209,1
152209,0
152209,4
152209,13
152329,0
152329,1
152332,0
152332,6
152339,1
152339,3
152339,11
152339,10
152556,1
152556,4
152556,14
152556,13
152590,1
152590,0
152590,26
152622,1
152643,14
152650,0
152693,1
152693,0
152742,0
152752,1
152752,4
152785,0
152792,0
152792,1
152792,7
152792,186
152800,7
152800,186
152800,5
152855,1
152855,4
152857,0
152857,1
152857,5
152901,0
152901,21
152901,1
152905,0
152905,1
152905,6
152905,7
152905,186
152928,1
152928,4
152928,3
152928,0
152929,1
152929,4
152929,5
152946,1
152946,0
152946,5
152974,0
152974,4
152974,3
152974,1
153025,1
153025,2
153025,18
153025,62
153025,5
153025,4
153025,3
153025,10
153025,15
153025,0
153025,9
153025,13
153032,5
153032,1
153032,0
153032,4
153032,26
153072,1
153072,5
153093,5
153093,0
153093,7
153093,186
153110,4
153110,3
153119,3
153119,4
153119,0
153142,0
153156,0
153156,10
153156,1
153185,2
153185,3
153185,0
153185,18
153185,62
153185,1
153185,4
153185,13
153323,1
153362,1
153362,5
153362,0
153380,0
153383,1
153383,6
153432,1
153432,5
153432,0
153432,7
153432,186
153436,5
153436,1
153436,6
153436,4
153436,3
153445,9
153445,10
153575,0
153575,1
153580,1
153580,5
153580,13
153580,4
153580,0
153580,7
153580,186
153580,15
153592,4
153615,0
153615,1
153632,0
153632,5
153632,1
153702,1
153702,0
153702,9
153702,17
153739,6
153739,0
153739,1
153739,18
153739,62
153769,1
153775,0
153784,1
153800,0
153800,23
153806,5
153807,0
153845,22
153845,0
153845,5
153845,1
153862,1
153968,1
153968,0
154049,1
154049,6
154083,7
154083,186
154083,5
154127,4
154127,1
154127,5
154152,1
154152,5
154160,0
154182,0
154211,0
154211,1
154211,5
154240,1
154240,0
154240,2
154388,1
154424,1
154424,8
154424,30
154424,144
154454,0
154454,5
154454,1
154473,18
154473,62
154514,1
154552,1
154614,1
154690,4
154691,1
154691,0
154724,1
154730,8
154730,0
154758,2
154758,0
154758,1
154758,4
154758,3
154786,5
154806,1
154828,1
154828,0
154828,3
154828,2
154864,0
154898,1
154898,4
154898,8
154989,1
154989,5
154989,14
155010,8
155010,1
155010,0
155094,0
155094,2
155104,2
155165,1
155202,5
155202,1
155202,0
155203,1
155203,0
155220,0
155220,1
155220,5
155220,4
155220,3
155220,17
155248,14
155248,0
155248,9
155340,0
155347,0
155375,35
155485,0
155485,1
155485,3
155485,4
155487,0
155560,0
155560,1
155560,7
155560,186
155628,0
155628,7
155628,186
155628,1
155673,1
155723,0
155730,3
155730,1
155730,4
155808,0
155808,1
155843,1
155849,0
155849,7
155849,186
155849,1
155849,5
155903,1
155903,0
155903,5
155903,7
155903,186
155903,9
155906,0
155906,8
155978,1
155978,0
155978,12
156010,5
156010,1
156010,15
156010,0
156211,0
156211,1
156224,5
156224,18
156224,62
156242,1
156263,0
156263,8
156279,1
156279,5
156279,0
156337,1
156337,5
156337,2
156337,18
156337,62
156349,0
156349,1
156426,0
156426,1
156426,7
156426,186
156426,5
156447,0
156447,5
156447,1
156449,1
156503,1
156503,0
156503,2
156528,0
156528,1
156536,0
156536,1
156562,0
156567,1
156567,5
156618,3
156618,1
156670,1
156670,5
156670,7
156670,186
156670,0
156684,2
156753,3
156753,4
156753,6
156753,31
156753,1
156753,13
156799,1
156799,4
156799,3
156799,2
156799,18
156799,62
156843,0
156843,9
156843,17
156843,1
156843,5
156866,0
156866,1
156866,5
156884,1
156884,5
156886,0
156921,0
156921,24
156925,0
156953,1
156953,0
156953,8
156988,0
157006,0
157012,0
157012,1
157012,5
157012,9
157027,0
157027,2
157034,1
157034,4
157034,3
157048,0
157048,3
157059,4
157059,3
157059,1
157083,0
157123,1
157158,0
157158,2
157158,1
157210,1
157210,5
157210,3
157216,0
157216,1
157216,5
157216,8
157216,13
157227,1
157227,3
157227,2
157305,22
157305,0
157355,3
157355,1
157355,4
157355,5
157385,5
157385,1
157385,22
157487,0
157526,4
157526,1
157539,0
157539,1
157539,2
157613,1
157613,0
157678,1
157678,9
157678,33
157678,20
157678,12
157678,0
157752,1
157752,5
157752,7
157752,186
157752,15
157773,0
157773,1
157773,9
157773,5
157790,0
157790,2
157790,1
157855,1
157855,0
157956,0
157956,1
157989,3
157989,0
158015,1
158082,4
158082,1
158088,0
158153,0
158153,1
158176,1
158200,1
158200,5
158200,22
158200,0
158200,2
158254,0
158254,1
158254,5
158254,14
158254,9
158254,10
158309,0
158310,0
158310,1
158336,5
158336,1
158367,1
158367,27
158382,2
158382,0
158382,1
158382,4
158490,0
158517,5
158517,1
158563,8
158563,5
158563,22
158563,1
158603,0
158617,0
158617,2
158617,4
158617,1
158617,3
158654,1
158665,0
158665,26
158670,0
158670,22
158737,1
158822,0
158822,1
158850,8
158850,1
158912,0
158912,1
158912,5
159026,0
159130,1
159130,13
159130,4
159130,5
159130,0
159139,0
159155,1
159155,5
159221,8
159221,0
159221,1
159221,3
159221,4
159310,0
159310,1
159317,0
159388,1
159389,0
159406,0
159406,1
159417,1
159417,0
159442,1
159442,5
159442,26
159472,1
159472,0
159472,5
159472,9
159509,1
159510,26
159510,1
159555,0
159555,1
159559,0
159587,1
159663,1
159663,0
159742,1
159742,0
159763,1
159763,0
159763,22
159769,22
159769,0
159813,1
159813,5
159813,0
159813,4
159813,3
159815,0
159815,1
159815,14
159846,18
159846,62
159863,7
159863,186
159964,6
159986,1
160015,1
160037,1
160037,5
160037,7
160037,186
160104,3
160104,1
160104,4
160208,7
160208,186
160208,0
160208,22
160208,5
160208,1
160270,2
160270,7
160270,186
160270,5
160270,3
160270,1
160270,4
160275,1
160275,0
160275,17
160290,0
160290,2
160290,1
160290,6
160308,0
160308,30
160308,144
160308,1
160308,4
160308,8
160334,0
160334,1
160338,0
160338,1
160379,0
160390,0
160393,0
160437,4
160437,3
160437,0
160437,1
160438,8
160438,1
160438,0
160460,1
160460,4
160460,13
160463,18
160463,62
160463,1
160463,0
160535,1
160535,5
160607,1
160613,0
160613,1
160619,8
160634,1
160634,0
160634,5
160634,3
160634,4
160634,13
160654,1
160654,0
160694,0
160694,1
160694,25
160694,30
160694,144
160713,1
160739,0
160739,1
160801,1
160801,0
160801,4
160801,3
160890,0
160986,0
160986,1
161029,1
161029,0
161029,3
161029,4
161041,1
161041,0
161085,1
161085,4
161085,0
161087,4
161087,3
161087,1
161087,0
161087,2
161177,4
161177,3
161177,1
161177,2
161177,0
161177,24
161177,6
161200,0
161240,0
161258,1
161258,4
161258,3
161275,0
161275,1
161275,3
161275,4
161384,5
161384,1
161384,7
161384,186
161421,6
161421,1
161464,0
161464,4
161464,1
161464,3
161494,0
161494,4
161494,1
161494,7
161494,186
161512,1
161512,0
161512,5
161512,7
161512,186
161576,0
161601,0
161610,0
161629,0
161733,0
161733,1
161874,5
161874,1
161874,26
161897,8
161935,22
161935,0
161935,5
161980,1
161980,0
162011,4
162011,0
162011,17
162011,11
162143,0
162143,29
162146,1
162146,0
162146,5
162156,1
162156,5
162156,0
162165,0
162165,22
162271,1
162271,0
162280,0
162321,5
162321,1
162353,3
162353,0
162377,8
162451,0
162519,7
162519,186
162559,18
162559,62
162559,4
162580,0
162580,1
162595,1
162659,13
162659,5
162659,39
162659,1
162659,0
162662,0
162662,1
162662,5
162695,1
162695,0
162697,1
162776,0
162783,0
162783,1
162819,0
162819,14
162831,0
162831,1
162831,4
162831,30
162831,144
162831,31
162831,12
162862,0
162862,1
162862,5
162873,1
162873,0
162890,22
163034,22
163036,5
163036,1
163098,1
163098,0
163098,3
163114,1
163114,9
163125,2
163125,0
163150,6
163150,31
163150,1
163152,1
163180,0
163180,1
163200,5
163200,1
163201,4
163201,3
163201,1
163201,31
163201,0
163290,8
163290,10
163290,11
163290,9
163290,25
163319,0
163319,16
163319,23
163410,1
163410,0
163448,0
163508,1
163508,0
163518,5
163518,7
163518,186
163518,1
163518,4
163518,3
163518,0
163522,32
163522,5
163522,1
163653,1
163703,0
163713,0
163713,1
163713,2
163713,3
163713,7
163713,186
163723,0
163723,2
163723,1
163723,4
163723,13
163723,3
163724,0
163724,5
163724,1
163724,7
163724,186
163742,0
163768,0
163768,1
163785,1
163785,0
163795,0
163799,4
163799,3
163799,1
163799,0
163799,2
163826,1
163826,5
163844,0
163846,1
163846,0
163867,1
163978,7
163978,186
163978,1
164003,4
164003,1
164003,6
164017,0
164017,1
164062,0
164062,1
164062,5
164062,26
164062,4
164062,21
164099,1
164099,0
164125,0
164125,18
164125,62
164125,4
164125,14
164126,1
164140,8
164140,1
164189,1
164189,5
164189,0
164190,0
164190,1
164190,5
164196,0
164210,0
164214,1
164214,0
164261,1
164261,4
164261,0
164271,1
164397,5
164397,1
164397,0
164512,0
164523,1
164523,5
164523,7
164523,186
164627,0
164627,1
164627,5
164627,14
164627,22
164645,0
164670,1
164670,4
164670,27
164670,2
164707,12
164707,1
164707,4
164707,3
164762,12
164787,5
164787,1
164787,0
164788,0
164788,1
164818,1
164818,4
164834,0
164834,7
164834,186
164834,5
164834,1
164835,1
164835,5
164835,0
164836,5
164836,1
164836,0
164851,4
164851,0
164851,18
164851,62
164851,6
164874,1
164874,0
164876,1
164876,4
164876,0
164876,22
164918,0
164931,0
164931,1
164933,1
164933,4
164933,3
164933,2
164933,0
164952,5
165010,1
165031,1
165068,1
165068,0
165082,0
165095,0
165108,26
165108,0
165108,1
165108,2
165108,27
165108,4
165108,13
165108,3
165125,1
165125,0
165158,1
165158,0
165199,13
165394,0
165403,0
165403,1
165412,9
165413,1
165451,1
165451,5
165451,0
165454,1
165454,0
165475,0
165496,14
165496,13
165496,1
165521,1
165540,0
165540,5
165540,1
165564,5
165564,1
165564,0
165577,1
165577,5
165577,0
165584,0
165618,1
165664,5
165664,1
165664,4
165664,14
165664,0
165664,2
165678,0
165678,3
165678,1
165678,5
165720,1
165720,5
165720,7
165720,186
165720,0
165728,0
165728,2
165728,5
165728,1
165728,9
165756,8
165770,23
165770,0
165777,0
165781,16
165781,1
165781,0
165781,8
165786,1
165786,0
165821,0
165821,5
165821,1
165821,4
165821,10
165950,1
165950,0
165950,22
165967,0
166013,0
166048,4
166048,19
166057,1
166057,0
166079,1
166079,0
166099,0
166099,9
166099,7
166099,186
166140,0
166193,0
166193,2
166217,8
166217,1
166217,0
166242,0
166242,1
166352,8
166459,0
166459,6
166462,1
166470,15
166470,1
166470,26
166479,7
166479,186
166510,5
166522,5
166522,1
166522,7
166522,186
166522,15
166522,0
166522,21
166612,1
166612,5
166612,0
166658,1
166785,1
166818,28
166818,18
166818,62
166818,0
166818,1
166827,17
166827,18
166827,62
166827,1
166974,7
166974,186
166974,0
166974,5
166988,4
166988,1
166988,9
166988,0
166988,18
166988,62
166989,0
166992,26
167004,0
167004,5
167004,1
167043,0
167072,1
167072,12
167072,8
167123,4
167214,1
167214,0
167248,1
167248,0
167248,6
167375,1
167375,0
167388,1
167388,9
167419,7
167419,186
167479,4
167479,1
167479,0
167479,2
167530,1
167546,3
167546,4
167556,11
167622,1
167622,0
167622,2
167622,18
167622,62
167642,1
167642,5
167669,17
167704,1
167736,0
167736,1
167736,4
167736,3
167786,12
167786,1
167786,30
167786,144
167786,8
167934,25
167943,0
167943,1
167943,3
167944,0
168002,39
168002,1
168002,4
168002,3
168002,0
168097,1
168121,31
168121,0
168137,0
168137,9
168137,7
168137,186
168168,1
168168,0
168181,0
168247,0
168298,0
168298,1
168298,4
168298,3
168298,5
168345,5
168420,0
168478,1
168478,3
168478,5
168506,8
168506,5
168535,1
168667,0
168717,0
168717,1
168717,5
168731,1
168742,1
168742,0
168876,3
168882,0
168929,5
168929,1
168929,7
168929,186
168952,0
168952,1
168952,4
169000,1
169000,0
169000,9
169032,1
169032,0
169051,0
169051,1
169051,2
169051,18
169051,62
169105,1
169105,0
169139,1
169139,3
169139,0
169188,0
169188,1
169188,4
169285,0
169285,8
169344,1
169344,0
169357,0
169357,2
169357,5
169357,1
169451,1
169458,26
169458,5
169513,14
169513,22
169513,1
169513,10
169513,4
169516,1
169516,5
169526,5
169526,1
169526,0
169544,0
169551,1
169551,0
169551,4
169551,14
169551,2
169628,0
169636,1
169636,0
169671,0
169671,1
169671,5
169678,1
169678,0
169733,36
169733,1
169733,4
169733,9
169756,0
169761,7
169761,186
169761,0
169761,1
169761,5
169812,1
169831,0
169831,6
169831,4
169831,2
169831,18
169831,62
169847,1
169847,0
169898,0
169898,1
169898,4
169919,2
169919,1
169920,0
169920,5
169920,1
169938,1
169938,5
169938,15
169938,0
169938,4
169938,13
169938,3
170001,0
170001,1
170001,8
170003,8
170035,1
170035,4
170065,1
170245,5
170245,1
170245,0
170311,1
170311,2
170319,0
170588,1
170588,5
170588,0
170588,4
170588,13
170625,0
170625,1
170625,4
170724,1
170724,0
170724,8
170731,1
170739,1
170739,4
170739,5
170739,0
170755,1
170755,0
170797,1
170797,5
170797,3
170797,0
170845,0
170884,5
170884,0
170895,1
170895,4
170895,3
170895,0
170964,0
170995,0
170995,1
171000,16
171000,0
171000,23
171030,0
171030,1
171030,3
171030,4
171030,2
171030,9
171115,1
171115,0
171134,0
171134,1
171134,3
171134,4
171134,2
171134,9
171135,23
171135,1
171135,5
171160,0
171160,1
171166,1
171166,0
171178,5
171178,1
171178,0
171188,0
171188,5
171188,7
171188,186
171188,1
171190,1
171190,5
171190,7
171190,186
171226,8
171274,5
171274,1
171321,0
171321,1
171391,1
171391,4
171391,0
171501,1
171501,0
171501,5
171501,11
171501,10
171515,20
171515,1
171515,0
171549,1
171549,4
171549,13
171549,18
171549,62
171569,0
171614,0
171614,1
171714,0
171714,1
171911,4
171911,1
171945,5
171945,1
171950,1
171950,0
171973,0
171973,1
171973,4
171973,2
171992,1
171992,5
172018,1
172018,0
172097,0
172097,1
172105,0
172260,0
172260,1
172260,5
172278,4
172278,0
172296,1
172460,2
172460,0
172460,1
172460,4
172460,9
172460,3
172476,13
172480,0
172505,4
172505,3
172505,1
172613,5
172613,1
172613,15
172613,30
172613,144
172625,8
172625,1
172625,0
172647,0
172693,1
172693,0
172725,1
172725,5
172725,0
172902,5
172902,1
172919,5
172919,1
172919,8
172934,0
172934,1
172934,3
172934,14
172944,0
172983,5
172989,1
173100,5
173100,1
173119,4
173119,1
173119,9
173177,8
173177,5
173177,1
173177,0
173213,8
173213,17
173213,3
173213,1
173213,0
173218,5
173218,1
173218,15
173239,0
173239,2
173241,5
173241,0
173263,0
173263,1
173283,0
173283,1
173350,6
173420,1
173420,5
173420,0
173420,2
173437,0
173444,7
173444,186
173444,5
173444,1
173459,1
173459,4
173459,16
173459,0
173477,1
173477,5
173477,0
173492,1
173492,2
173492,0
173492,3
173492,6
173500,8
173509,0
173513,1
173513,5
173513,4
173513,7
173513,186
173513,0
173535,0
173535,7
173535,186
173632,1
173632,0
173658,1
173658,0
173658,2
173663,1
173663,5
173663,0
173672,2
173672,18
173672,62
173673,1
173673,3
173673,5
173673,0
173721,1
173721,0
173721,4
173734,1
173734,0
173788,1
173788,0
173819,0
173819,2
173819,13
173819,1
173819,9
173819,8
173822,1
173822,15
173883,1
173883,5
173912,1
173912,0
173972,8
173972,0
173972,1
174069,1
174069,13
174069,9
174084,0
174084,1
174097,0
174110,1
174110,0
174110,3
174118,33
174118,0
174156,0
174156,2
174160,1
174160,0
174211,0
174211,16
174211,1
174218,0
174218,2
174218,18
174218,62
174218,1
174218,4
174218,13
174218,3
174218,22
174459,22
174459,1
174459,5
174486,0
174488,0
174488,1
174488,4
174488,3
174488,2
174501,1
174501,0
174507,1
174507,5
174507,0
174507,4
174507,13
174517,0
174517,1
174517,5
174539,13
174539,15
174602,0
174602,9
174602,7
174602,186
174609,0
174609,1
174610,0
174610,1
174610,25
174610,31
174622,0
174651,0
174699,0
174699,1
174699,5
174762,1
174762,0
174775,1
174775,0
174775,4
174775,3
174778,0
174778,1
174801,0
174801,1
174882,1
174889,5
174889,0
174889,2
174889,1
174889,9
174990,1
174990,5
174990,0
175003,0
175003,1
175003,5
175149,0
175149,1
175209,0
175367,0
175481,0
175481,26
175481,4
175555,0
175555,7
175555,186
175617,9
175617,17
175693,1
175693,0
175795,1
175795,2
175823,0
175823,1
175823,5
175853,1
175853,0
175872,1
175872,0
175929,1
175929,19
175929,17
175945,7
175945,186
175945,8
175973,0
175986,0
175986,1
176035,1
176035,5
176035,0
176035,2
176035,7
176035,186
176107,1
176121,14
176123,1
176123,0
176143,0
176143,1
176178,0
176178,1
176182,0
176182,22
176182,1
176182,7
176182,186
176182,5
176250,0
176278,0
176278,1
176278,14
176278,5
176278,26
176317,4
176317,1
176358,5
176358,1
176358,4
176559,8
176559,4
176559,1
176559,2
176582,0
176582,1
176582,4
176582,3
176684,0
176684,7
176684,186
176856,5
176856,1
176856,0
176876,4
176876,14
176876,0
176898,0
176898,1
177015,1
177015,5
177201,1
177201,0
177201,3
177201,2
177238,1
177238,3
177238,4
177266,1
177266,3
177266,9
177266,28
177308,1
177308,13
177343,26
177343,0
177343,1
177343,5
177377,0
177435,1
177435,5
177435,0
177556,0
177556,16
177641,1
177641,0
177714,1
177714,5
177758,0
177758,1
177758,4
177758,3
177778,0
177808,0
177901,8
177914,8
177916,1
177916,0
177972,0
177972,2
177972,1
177979,1
177979,0
177979,4
177979,3
178041,0
178041,1
178107,5
178107,1
178107,0
178123,1
178123,30
178123,144
178123,28
178128,0
178152,0
178152,1
178152,14
178168,0
178168,1
178168,16
178180,0
178189,1
178189,5
178189,0
178254,0
178271,1
178271,5
178276,0
178276,1
178276,6
178280,0
178303,1
178321,0
178337,1
178341,0
178356,0
178356,5
178356,1
178356,4
178356,13
178376,0
178376,4
178376,1
178491,0
178491,1
178642,5
178642,1
178642,13
178642,9
178642,8
178708,1
178708,0
178717,7
178717,186
178737,0
178737,2
178737,18
178737,62
178764,0
178818,5
178818,1
178818,26
178818,13
178818,4
178818,9
178823,1
178823,5
178823,3
178854,0
178854,7
178854,186
178910,1
178910,0
178929,3
178929,1
178929,2
178933,0
178933,18
178933,62
178933,4
178933,1
178951,1
178969,0
178994,0
178994,1
178994,3
178994,8
178994,2
178994,18
178994,62
178997,1
179021,0
179167,26
179167,13
179167,32
179177,0
179177,1
179222,1
179225,2
179225,18
179225,62
179225,17
179225,8
179225,1
179225,25
179225,30
179225,144
179225,4
179225,0
179412,1
179418,5
179418,1
179419,0
179440,5
179440,1
179440,0
179481,1
179504,0
179504,1
179504,12
179581,0
179606,0
179645,1
179645,5
179679,0
179685,1
179685,0
179716,0
179716,2
179716,1
179716,5
179716,4
179716,13
179716,3
179728,1
179728,27
179728,13
179728,35
179754,0
179871,0
179871,14
179871,1
179883,0
179885,26
179913,0
179913,6
179913,12
179913,2
179913,3
179918,1
179918,0
179918,4
179931,7
179931,186
179931,0
179931,5
179931,1
179937,1
179937,5
179937,14
179937,4
179937,13
179937,39
179952,0
179952,1
179952,3
179952,4
179952,8
180014,1
180014,0
180022,1
180022,4
180022,0
180059,18
180059,62
180059,1
180062,0
180062,13
180062,14
180080,0
180092,1
180092,0
180095,1
180095,0
180100,7
180100,186
180100,5
180100,1
180100,0
180124,26
180180,1
180180,5
180257,0
180257,1
180257,7
180257,186
180257,5
180269,7
180269,186
180269,1
180269,0
180325,0
180325,5
180325,1
180329,1
180329,2
180329,0
180394,0
180394,1
180406,0
180423,1
180423,0
180442,1
180442,3
180442,4
180448,4
180448,3
180448,1
180448,14
180448,7
180448,186
180448,0
180448,5
180448,18
180448,62
180475,0
180475,1
180475,5
180571,1
180571,5
180666,0
180677,0
180677,1
180734,5
180734,1
180734,0
180785,1
180785,0
180830,0
180830,1
180966,1
180966,5
180966,0
180978,1
180978,3
180978,4
180978,14
180978,0
181013,0
181013,2
181013,4
181013,3
181048,1
181059,0
181059,1
181059,29
181059,8
181059,5
181097,1
181119,4
181119,3
181119,1
181119,2
181119,0
181119,24
181119,6
181129,0
181129,1
181129,5
181129,18
181129,62
181129,7
181129,186
181134,5
181134,1
181153,0
181153,22
181230,0
181230,1
181246,1
181246,14
181246,2
181246,18
181246,62
181279,0
181279,16
181279,1
181280,0
181332,1
181332,0
181508,1
181508,2
181514,6
181514,1
181522,5
181522,7
181522,186
181522,1
181522,0
181522,22
181578,0
181578,16
181578,5
181578,1
181604,0
181604,5
181604,1
181604,4
181604,15
181632,0
181686,1
181686,0
181686,5
181729,0
181729,1
181753,1
181753,5
181785,22
181785,5
181785,1
181785,0
181785,21
181785,15
181838,1
181903,0
181941,1
181952,0
181952,1
181952,3
181952,4
181989,0
181989,37
181999,1
181999,5
181999,0
182019,0
182051,1
182070,1
182070,5
182070,0
182087,0
182089,0
182098,8
182118,0
182118,1
182118,5
182130,26
182201,1
182201,13
182278,1
182278,5
182291,1
182291,5
182291,0
182330,1
182330,5
182406,0
182505,1
182505,0
182520,7
182520,186
182520,1
182520,5
182546,1
182546,0
182548,8
182655,1
182706,0
182706,1
182706,5
182706,9
182735,0
182735,1
182735,5
182808,0
182808,1
182808,6
182808,31
182808,4
182808,3
182808,2
182808,18
182808,62
182810,1
182810,0
182886,0
182886,1
182895,0
182921,1
182921,5
182921,32
182922,9
182922,10
182922,25
183011,0
183011,1
183011,16
183018,0
183018,6
183018,1
183042,1
183042,13
183042,4
183042,3
183055,2
183055,18
183055,62
183055,0
183055,5
183055,1
183055,7
183055,186
183085,1
183143,1
183143,5
183242,2
183242,1
183242,5
183242,7
183242,186
183242,3
183386,0
183386,5
183386,1
183386,4
183408,1
183408,0
183457,0
183472,1
183569,1
183569,3
183569,0
183569,4
183569,2
183678,1
183678,0
183681,1
183681,0
183713,1
183713,14
183713,0
183746,0
183746,5
183746,18
183746,62
183845,0
183854,0
183878,1
183878,5
183878,0
183882,0
183928,0
183971,0
183971,14
183971,9
184064,9
184064,0
184080,9
184080,10
184080,1
184080,25
184107,0
184107,7
184107,186
184107,6
184107,4
184107,3
184290,1
184290,0
184290,4
184290,3
184290,2
184305,1
184305,5
184305,0
184310,1
184310,0
184310,16
184378,0
184378,5
184378,1
184380,0
184479,20
184527,0
184527,16
184527,1
184535,1
184535,4
184535,0
184555,0
184645,4
184645,3
184645,1
184645,2
184645,0
184645,24
184645,6
184658,1
184732,35
184732,9
184732,11
184732,10
184732,1
184732,4
184732,3
184771,4
184832,1
184832,0
184915,0
184915,1
184937,1
184937,0
184987,7
184987,186
184987,5
184987,1
184987,0
185079,0
185079,1
185094,0
185094,6
185094,1
185102,1
185102,0
185104,0
185104,16
185104,22
185134,1
185134,0
185134,4
185134,26
185328,1
185475,1
185475,0
185529,0
185529,5
185529,1
185529,30
185529,144
185565,5
185565,1
185597,1
185613,1
185613,5
185613,0
185680,0
185690,0
185726,0
185822,22
185822,0
185852,1
185852,8
185852,0
185852,2
185852,5
186034,1
186034,0
186034,2
186062,0
186062,1
186073,0
186073,1
186073,26
186081,0
186081,1
186082,1
186088,0
186088,1
186102,5
186102,1
186165,1
186165,0
186242,0
186242,1
186275,0
186275,2
186275,24
186275,1
186275,4
186275,9
186391,0
186457,1
186457,0
186479,0
186479,1
186479,6
186479,2
186555,0
186555,1
186555,5
186563,1
186563,5
186563,9
186563,39
186563,13
186749,7
186749,186
186749,0
186759,1
186759,12
186814,26
186816,0
186816,7
186816,186
186816,5
186846,0
186846,1
186846,5
186846,4
186980,0
186980,1
186989,1
186989,0
186989,4
186996,0
186996,4
187072,0
187072,7
187072,186
187150,4
187150,1
187164,1
187164,5
187164,0
187180,7
187180,186
187180,0
187180,22
187183,1
187183,4
187195,4
187195,3
187195,0
187195,1
187195,6
187195,31
187203,0
187203,1
187203,4
187203,3
187227,0
187234,13
187234,1
187234,9
187234,0
187244,3
187290,0
187296,1
187296,0
187357,14
187357,0
187359,1
187359,0
187459,0
187459,7
187459,186
187626,1
187626,5
187626,0
187627,0
187627,1
187627,6
187656,7
187656,186
187781,1
187783,1
187783,0
187817,0
187881,1
187881,5
187881,0
187958,0
188021,0
188021,21
188021,15
188021,7
188021,186
188021,5
188024,1
188070,1
188070,5
188102,0
188157,7
188157,186
188157,0
188216,1
188216,5
188216,0
188216,32
188234,5
188234,1
188234,7
188234,186
188237,1
188237,5
188245,1
188293,3
188293,1
188293,5
188293,0
188317,0
188444,0
188444,1
188444,20
188469,5
188469,1
188469,0
188480,3
188486,1
188486,0
188561,5
188561,1
188647,0
188647,1
188647,8
188673,1
188673,0
188677,1
188677,0
188720,0
188741,0
188741,1
188741,7
188741,186
188758,1
188758,7
188758,186
188758,5
188758,15
188846,1
188846,5
188846,0
189002,1
189002,0
189012,3
189012,4
189012,1
189012,2
189024,0
189024,1
189027,1
189027,5
189027,0
189046,17
189046,0
189071,6
189071,3
189180,1
189180,0
189180,3
189247,1
189275,0
189315,1
189353,0
189353,2
189383,0
189383,7
189383,186
189383,1
189444,1
189455,1
189455,5
189455,0
189509,1
189509,0
189509,7
189509,186
189509,4
189509,3
189572,1
189572,0
189611,0
189641,1
189641,31
189645,7
189645,186
189645,0
189645,5
189645,1
189682,1
189682,6
189743,1
189785,1
189785,0
189785,2
189785,18
189785,62
189807,0
189807,1
189843,0
189843,1
189849,1
189866,1
189909,1
189909,0
189942,5
189942,7
189942,186
189942,0
189942,1
189953,0
189953,1
189960,1
189960,4
189960,18
189960,62
189960,7
189960,186
190042,4
190042,7
190042,186
190042,0
190216,0
190216,1
190216,21
190216,5
190240,1
190322,0
190322,1
190358,0
190358,5
190358,1
190358,6
190361,0
190439,1
190533,13
190533,1
190533,4
190533,3
190533,0
190540,0
190540,21
190540,22
190540,5
190558,0
190558,2
190558,1
190558,6
190594,1
190594,8
190599,0
190604,0
190604,3
190604,1
190620,0
190620,6
190620,2
190620,3
190620,1
190620,5
190656,0
190670,15
190670,1
190670,5
190670,0
190745,0
190840,0
190840,20
190840,1
190840,5
190840,9
190840,2
190840,18
190840,62
190871,1
190871,0
191021,0
191023,0
191023,7
191023,186
191023,1
191124,10
191124,11
191215,8
191229,0
191277,4
191277,3
191277,1
191277,2
191277,0
191277,24
191277,6
191281,5
191281,1
191306,1
191306,0
191306,26
191394,5
191394,1
191401,0
191401,14
191401,13
191499,0
191499,1
191526,1
191573,0
191579,0
191579,1
191797,0
191797,14
191797,9
191797,25
191797,1
191797,5
191797,6
191821,0
191840,0
191844,0
191844,2
191844,4
191844,13
191844,1
191844,5
191844,3
191862,1
191862,5
191862,0
191862,28
191890,0
191890,18
191890,62
191890,2
191890,1
191890,4
191890,13
191890,3
191890,14
191927,8
191927,0
191927,7
191927,186
191999,1
191999,0
191999,2
191999,7
191999,186
192013,1
192013,0
192065,3
192065,1
192115,0
192153,0
192153,18
192153,62
192166,1
192166,8
192183,7
192183,186
192183,15
192192,1
192192,0
192201,0
192201,1
192201,3
192270,20
192270,0
192278,0
192278,1
192278,5
192319,5
192319,0
192365,2
192365,18
192365,62
192365,12
192367,3
192367,1
192390,1
192390,0
192390,2
192411,1
192434,0
192434,5
192434,1
192467,0
192538,0
192546,1
192546,5
192546,0
192547,1
192547,0
192584,1
192584,5
192584,0
192668,20
192668,12
192668,1
192668,8
192794,0
192794,16
192798,1
192798,0
192907,0
192907,1
192907,2
192907,38
192916,1
193008,8
193008,1
193008,4
193008,13
193020,1
193053,5
193053,1
193053,0
193074,0
193074,1
193074,5
193074,7
193074,186
193074,4
193077,7
193077,186
193077,5
193083,0
193093,0
193093,1
193117,0
193134,1
193134,5
193134,0
193134,26
193204,4
193204,3
193204,1
193204,0
193204,2
193222,0
193222,5
193222,1
193273,0
193273,1
193302,1
193302,5
193302,3
193302,0
193302,2
193302,18
193302,62
193314,1
193314,5
193425,1
193425,4
193425,3
193425,0
193456,1
193456,2
193621,0
193621,1
193691,0
193761,14
193761,0
193761,4
193787,0
193908,1
193908,3
193997,0
193997,1
193997,5
193997,4
193997,14
194041,0
194041,1
194041,5
194077,0
194077,1
194077,2
194130,1
194144,0
194144,1
194144,6
194150,1
194150,0
194150,5
194157,0
194157,1
194157,4
194157,3
194266,0
194266,3
194266,4
194266,18
194266,62
194320,0
194320,1
194320,5
194336,7
194336,186
194336,0
194336,1
194336,5
194390,1
194390,0
194390,8
194437,0
194437,5
194437,1
194443,1
194561,1
194561,0
194561,3
194651,1
194651,14
194651,0
194651,2
194651,18
194651,62
194685,0
194685,5
194685,1
194685,7
194685,186
194699,1
194699,0
194699,3
194699,2
194700,1
194700,3
194700,0
194700,4
194747,1
194747,5
194784,1
194813,1
194813,5
194813,0
194813,2
194832,0
194832,2
194837,1
194837,5
194837,15
194911,4
194911,1
194911,5
194911,3
194911,13
194911,18
194911,62
194961,5
194961,1
194961,15
194982,1
194982,5
194982,0
194982,18
194982,62
195028,0
195028,1
195031,5
195031,15
195031,0
195031,2
195031,18
195031,62
195044,1
195044,5
195044,7
195044,186
195044,0
195078,4
195078,1
195387,1
195434,26
195434,1
195462,0
195462,1
195491,5
195510,10
195510,11
195533,1
195533,5
195533,15
195550,0
195551,18
195551,62
195551,26
195553,0
195553,1
195735,0
195735,1
195775,4
195775,3
195775,1
195775,18
195775,62
195794,27
195826,1
195881,0
195881,1
195881,8
195889,0
196003,0
196003,22
196003,1
196003,7
196003,186
196003,5
196016,0
196025,5
196070,0
196085,5
196085,1
196085,0
196175,1
196186,0
196186,1
196207,1
196207,5
196207,12
196207,0
196211,1
196211,6
196211,0
196241,1
196241,0
196241,2
196262,1
196262,0
196262,14
196302,1
196303,1
196303,26
196385,5
196385,7
196385,186
196385,1
196393,0
196402,0
196468,7
196468,186
196468,5
196468,24
196468,1
196477,1
196508,4
196586,0
196689,5
196689,1
196705,5
196705,1
196780,1
196780,5
196831,0
196845,0
196845,1
196845,6
196908,0
196957,1
196957,8
196957,12
197050,1
197050,0
197050,14
197131,5
197131,1
197131,0
197232,4
197232,3
197232,1
197232,2
197232,0
197232,24
197232,6
197245,1
197245,0
197245,3
197306,8
197306,9
197343,0
197343,1
197343,5
197343,7
197343,186
197351,0
197352,1
197352,0
197375,0
197375,1
197407,1
197407,0
197407,5
197407,18
197407,62
197469,8
197492,3
197492,1
197523,1
197523,0
197583,4
197583,1
197583,0
197659,1
197659,0
197701,1
197701,5
197701,0
197747,0
197747,1
197836,0
197897,0
197897,1
197947,1
197947,0
197952,1
197952,0
198010,1
198010,0
198010,9
198042,7
198042,186
198042,0
198146,0
198146,1
198171,0
198171,1
198171,2
198171,18
198171,62
198186,3
198213,0
198213,18
198213,62
198283,1
198345,0
198345,1
198417,1
198417,0
198417,2
198417,3
198456,0
198456,4
198456,1
198456,18
198456,62
198458,0
198458,5
198458,1
198497,0
198509,0
198509,1
198517,0
198517,25
198556,1
198558,3
198558,1
198558,6
198567,1
198567,0
198572,1
198572,5
198593,5
198671,1
198671,0
198682,1
198686,17
198686,8
198719,5
198732,1
198732,0
198740,1
198740,9
198855,0
198912,8
199043,0
199043,1
199070,1
199100,4
199100,1
199100,0
199113,5
199113,1
199113,0
199113,2
199113,7
199113,186
199153,5
199153,3
199153,26
199153,1
199186,0
199186,4
199186,1
199187,1
199250,0
199250,7
199250,186
199252,0
199252,1
199252,4
199252,15
199267,22
199267,14
199267,4
199267,0
199267,25
199267,1
199267,8
199348,1
199348,0
199353,1
199353,0
199469,4
199469,1
199469,3
199469,24
199469,30
199469,144
199469,2
199469,18
199469,62
199491,8
199520,0
199520,1
199520,5
199531,1
199531,5
199531,0
199532,3
199532,1
199533,0
199590,3
199590,0
199590,1
199590,5
199590,8
199605,0
199678,1
199678,5
199690,0
199690,5
199690,1
199696,3
199696,1
199696,0
199696,10
199696,11
199696,9
199705,0
199705,9
199740,4
199740,9
199740,13
199740,7
199740,186
199740,1
199745,1
199779,0
199779,1
199857,0
199869,1
199869,4
199869,3
199869,0
199892,1
199918,1
199928,1
199928,4
199928,0
199989,1
199989,7
199989,186
200014,0
200014,1
200014,5
200014,13
200014,15
200020,4
200021,1
200021,0
200148,0
200148,1
200148,5
200162,0
200162,1
200185,1
200185,13
200185,14
200213,1
200213,0
200237,0
200237,6
200237,1
200246,7
200246,186
200341,7
200341,186
200341,8
200501,4
200501,1
200501,3
200501,8
200501,28
200501,10
200501,11
200501,9
200501,0
200501,2
200528,1
200528,0
200625,0
200680,14
200689,0
200718,0
200846,1
200846,5
200846,2
200864,0
200864,4
200864,3
200864,1
200881,4
200881,0
200881,14
200881,9
200881,11
200954,1
200954,0
200976,1
200976,0
200976,2
200983,0
200983,1
200985,5
200985,1
200985,15
200985,9
201014,1
201014,30
201014,144
201014,12
201014,2
201014,18
201014,62
201017,1
201017,3
201017,4
201035,1
201035,5
201070,18
201070,62
201070,0
201070,4
201070,9
201070,12
201070,1
201078,0
201088,0
201088,28
201115,1
201145,0
201145,1
201145,4
201202,1
201202,5
201257,5
201257,7
201257,186
201278,8
201278,4
201278,9
201278,13
201278,1
201343,0
201346,1
201346,5
201412,1
201412,3
201412,4
201412,0
201451,0
201459,1
201459,0
201459,14
201459,26
201552,1
201552,5
201552,0
201687,1
201687,5
201701,0
201718,0
201718,1
201724,1
201724,0
201788,1
201788,3
201788,9
201788,28
201799,2
201799,1
201799,4
201799,3
201866,1
201866,0
201898,1
201898,5
201903,7
201903,186
201903,15
201920,1
201947,2
201947,0
201956,0
201963,6
201963,12
201963,1
201964,1
201964,0
201986,15
201986,26
201986,4
201986,1
201986,5
201986,22
202048,0
202110,1
202110,4
202163,0
202163,1
202188,4
202188,3
202188,1
202188,2
202188,0
202188,6
202252,0
202252,5
202328,1
202328,0
202328,5
202328,2
202433,5
202433,1
202454,0
202454,6
202472,0
202472,1
202488,1
202488,0
202502,0
202502,1
202502,7
202502,186
202502,5
202592,7
202592,186
202592,1
202592,5
202592,0
202592,28
202600,1
202600,0
202600,4
202642,0
202642,1
202703,0
202731,0
202731,1
202731,5
202750,1
202750,0
202750,5
202750,4
202750,13
202763,20
202763,26
202763,14
202763,1
202798,1
202850,5
202850,0
202850,1
202850,3
202850,4
202850,13
202854,10
202854,11
202854,9
202854,17
202854,19
202869,5
202869,0
202869,7
202869,186
202869,18
202869,62
202930,0
202965,5
202965,0
202965,1
202977,1
202977,0
202979,0
203004,8
203004,1
203004,5
203027,26
203027,0
203027,20
203027,1
203028,0
203028,1
203057,0
203097,1
203097,0
203097,2
203097,4
203097,13
203097,3
203106,0
203106,1
203106,3
203106,4
203106,2
203179,1
203179,3
203179,4
203201,1
203201,0
203201,6
203435,0
203435,1
203454,1
203454,4
203454,9
203454,0
203485,24
203485,0
203619,5
203619,1
203619,0
203634,0
203634,5
203634,1
203677,26
203734,0
203734,1
203831,1
203831,9
203856,3
203856,1
203965,7
203965,186
203965,0
203965,1
203965,5
204044,9
204044,10
204044,11
204047,0
204047,1
204084,0
204089,1
204089,7
204089,186
204089,15
204089,0
204089,4
204122,26
204127,1
204127,0
204130,0
204139,0
204139,1
204139,5
204165,5
204165,1
204165,0
204234,3
204234,4
204234,1
204234,0
204317,0
204317,22
204413,1
204413,13
204450,1
204450,5
204450,0
204504,1
204504,5
204504,0
204504,7
204504,186
204523,0
204588,1
204588,5
204588,0
204588,7
204588,186
204597,0
204695,1
204695,13
204740,8
204750,1
204750,0
204836,10
204836,11
204836,9
204843,0
204854,0
204854,1
204854,5
204899,1
204899,0
204899,8
204940,5
204940,1
204940,0
204940,26
204949,1
204949,4
204949,3
204949,0
204966,1
204966,4
204971,1
205205,1
205205,0
205205,5
205205,2
205219,5
205219,1
205219,4
205219,13
205219,3
205219,0
205223,1
205223,5
205223,3
205223,0
205237,0
205237,2
205237,1
205270,1
205288,0
205298,25
205298,4
205336,28
205336,1
205336,3
205336,4
205383,20
205383,1
205384,26
205412,1
205412,0
205434,1
205434,5
205460,0
205460,1
205477,0
205477,1
205477,2
205631,0
205631,1
205631,2
205740,1
205740,0
205799,1
205838,0
205838,1
205838,5
205898,14
205898,0
205967,0
205967,16
205972,1
205972,4
205972,3
206007,1
206049,0
206049,1
206074,0
206074,1
206074,4
206097,1
206097,14
206097,9
206160,0
206160,1
206160,4
206164,0
206259,1
206259,3
206265,0
206332,0
206340,0
206340,1
206340,4
206340,3
206340,2
206400,1
206400,5
206439,5
206439,1
206489,9
206489,10
206556,1
206569,0
206570,1
206570,12
206570,0
206599,5
206599,1
206671,0
206673,6
206673,0
206696,1
206696,0
206717,7
206717,186
206728,0
206754,0
206760,0
206760,3
206760,4
206760,1
206795,1
206795,0
206795,27
206805,0
206805,1
206805,5
206821,0
206821,2
206821,5
206821,1
206821,4
206821,9
206927,32
206927,0
206940,1
206940,0
206952,1
206952,0
206961,1
206961,5
206961,4
206961,3
206961,13
206961,7
206961,186
206961,15
207072,1
207078,26
207083,0
207083,1
207083,4
207147,8
207147,1
207168,1
207168,0
207174,1
207174,0
207174,18
207174,62
207201,1
207280,1
207280,0
207310,0
207359,0
207359,1
207359,3
207359,4
207382,9
207382,17
207382,1
207401,0
207401,1
207401,49
207441,0
207441,1
207441,16
207441,20
207487,1
207487,0
207499,5
207499,1
207499,0
207499,2
207509,1
207653,3
207653,0
207653,2
207653,18
207653,62
207653,1
207751,1
207751,9
207751,5
207751,0
207883,4
207883,3
207883,1
207883,2
207883,0
207883,24
207883,6
207885,1
207885,4
207938,0
207938,1
207981,0
207981,16
207981,2
207981,1
207981,14
208003,19
208003,4
208003,26
208003,5
208009,0
208034,0
208058,0
208058,21
208096,0
208096,16
208096,1
208167,0
208167,1
208178,2
208178,3
208178,1
208178,5
208178,4
208178,0
208229,7
208229,186
208229,0
208229,8
208244,0
208262,1
208262,0
208262,21
208355,1
208378,1
208378,4
208378,0
208415,0
208478,7
208478,186
208478,1
208478,5
208478,0
208569,0
208569,1
208569,5
208576,1
208576,0
208576,32
208726,26
208726,13
208726,4
208726,8
208726,1
208726,5
208726,9
208726,30
208726,144
208726,3
208726,0
208726,7
208726,186
208732,1
208732,5
208732,7
208732,186
208732,0
208756,1
208756,5
208756,3
208760,0
208760,1
208789,1
208818,0
208897,0
208897,1
208902,1
208963,0
208963,1
208979,1
208980,7
208980,186
209042,0
209042,5
209042,1
209069,0
209069,7
209069,186
209069,1
209069,5
209107,0
209107,5
209107,1
209143,0
209209,1
209209,5
209212,0
209212,1
209224,0
209224,7
209224,186
209224,5
209224,1
209224,22
209231,1
209231,4
209231,0
209231,2
209231,24
209231,3
209231,5
209264,0
209264,2
209264,18
209264,62
209264,1
209264,9
209264,13
209354,5
209354,1
209354,0
209373,2
209373,0
209394,0
209394,7
209394,186
209401,1
209401,3
209430,1
209461,1
209461,3
209461,27
209461,4
209461,13
209465,1
209505,0
209505,1
209540,1
209540,4
209540,33
209540,3
209540,9
209540,0
209540,2
209542,0
209681,1
209681,0
209727,35
209727,1
209727,0
209727,8
209746,1
209750,5
209750,1
209750,0
209760,0
209850,1
209911,0
209911,1
209911,4
209923,0
209923,1
209923,5
210171,16
210185,3
210185,2
210185,4
210185,0
210185,28
210185,21
210185,10
210185,11
210185,9
210185,8
210187,1
210187,0
210187,4
210187,3
210362,0
210362,1
210362,5
210362,3
210362,7
210362,186
210378,0
210452,0
210465,0
210477,7
210477,186
210484,0
210519,12
210519,1
210519,30
210519,144
210519,3
210616,1
210616,4
210616,3
210616,0
210616,2
210623,1
210630,0
210630,1
210630,16
210630,32
210710,0
210710,5
210710,1
210719,35
210751,0
210776,3
210776,0
210807,1
210807,0
210807,2
210821,0
210824,0
210824,20
210824,9
210828,4
210828,3
210828,1
210828,0
210896,4
210896,3
210896,1
210896,2
210896,0
210896,24
210896,6
210916,1
211023,0
211023,1
211023,5
211023,7
211023,186
211055,1
211055,5
211055,0
211061,0
211061,2
211061,1
211061,3
211072,0
211072,7
211072,186
211072,1
211119,5
211119,1
211122,0
211122,1
211252,5
211252,1
211252,0
211259,7
211259,186
211272,0
211272,1
211272,8
211289,1
211289,5
211289,7
211289,186
211320,1
211320,5
211473,1
211473,4
211473,3
211473,19
211498,7
211498,186
211498,0
211498,5
211498,1
211499,0
211646,0
211646,5
211646,1
211646,22
211659,0
211659,28
211659,18
211659,62
211659,1
211659,8
211676,0
211676,1
211700,1
211700,5
211700,0
211700,18
211700,62
211715,0
211715,1
211715,4
211715,20
211720,1
211777,0
211787,1
211857,0
211857,1
211891,0
211927,1
211927,0
211927,4
211927,13
211962,4
211962,0
211962,6
211983,0
211983,3
211983,2
211988,0
211991,0
211991,1
211991,4
212031,0
212069,5
212069,7
212069,186
212069,0
212145,0
212157,8
212157,1
212245,0
212245,22
212296,7
212296,186
212296,0
212296,5
212296,35
212296,26
212348,0
212348,14
212364,0
212364,21
212364,22
212431,1
212431,5
212431,0
212655,0
212699,0
212699,1
212699,3
212699,4
212699,5
212760,1
212760,0
212797,0
212797,4
212797,1
212807,1
212837,1
212837,0
212837,8
212891,1
212891,13
212891,14
212892,1
212892,4
212892,5
212909,1
212909,3
212909,0
212921,1
212921,5
212921,13
212921,4
212921,0
212959,1
212959,0
212959,7
212959,186
213048,0
213058,0
213058,12
213105,0
213173,17
213173,1
213197,1
213197,0
213208,4
213208,3
213208,1
213208,0
213258,0
213258,5
213258,1
213258,15
213258,3
213295,1
213295,5
213295,4
213347,32
213347,1
213347,0
213380,1
213380,4
213380,3
213412,0
213412,1
213418,1
213500,0
213557,1
213557,0
213557,5
213557,3
213557,4
213557,14
213557,2
213570,1
213570,4
213570,17
213570,0
213593,0
213606,3
213606,1
213630,0
213630,1
213631,1
213673,0
213673,7
213673,186
213673,1
213706,5
213706,1
213706,7
213706,186
213706,2
213755,1
213755,0
213868,1
213972,1
213972,0
214007,1
214010,7
214010,186
214010,1
214015,0
214015,14
214045,1
214045,3
214045,5
214045,8
214051,16
214051,0
214062,6
214062,1
214062,12
214062,18
214062,62
214114,1
214174,4
214253,8
214381,3
214381,1
214381,5
214381,2
214394,4
214394,2
214394,18
214394,62
214566,0
214566,1
214578,1
214580,1
214630,1
214630,0
214630,5
214715,1
214715,5
214715,0
214716,13
214716,21
214716,0
214755,5
214755,1
214755,0
214829,1
214829,0
214935,1
214935,0
214937,0
214946,0
215074,1
215074,4
215074,0
215083,1
215083,0
215129,2
215129,0
215129,1
215235,0
215235,1
215235,5
215320,0
215320,1
215388,4
215388,8
215388,9
215388,1
215388,15
215388,5
215455,5
215455,1
215455,0
215476,0
215556,0
215558,1
215558,0
215558,2
215677,0
215684,0
215787,1
215787,0
215787,2
215898,0
215898,1
215898,4
215898,3
215938,1
215938,0
215941,15
215941,1
215941,7
215941,186
215946,0
215989,1
215989,0
215989,12
216006,1
216021,0
216021,1
216021,5
216021,20
216021,22
216052,0
216090,2
216090,0
216090,1
216090,3
216090,4
216090,16
216090,6
216153,1
216173,1
216176,1
216176,0
216231,26
216231,1
216231,0
216248,35
216254,0
216261,1
216261,18
216261,62
216261,17
216280,8
216286,0
216336,0
216396,0
216396,1
216396,5
216399,0
216399,2
216427,4
216427,6
216427,21
216427,0
216563,1
216563,2
216569,4
216616,7
216616,186
216655,0
216655,1
216657,6
216657,4
216657,0
216691,0
216691,26
216700,0
216700,19
216700,6
216700,7
216700,186
216700,1
216700,5
216700,3
216700,4
216700,15
216700,13
216727,1
216764,0
216764,1
216767,0
216767,1
216768,0
216889,1
216889,0
216889,4
216895,7
216895,186
216895,0
217032,1
217032,5
217171,0
217299,5
217299,0
217326,0
217326,16
217351,0
217398,6
217446,0
217446,2
217535,1
217556,0
217584,0
217584,5
217584,1
217586,9
217586,11
217619,7
217619,186
217619,0
217619,5
217619,1
217646,1
217646,5
217646,26
217646,4
217646,3
217646,0
217646,2
217646,18
217646,62
217692,8
217692,5
217696,1
217696,5
217696,2
217696,18
217696,62
217712,0
217712,2
217712,1
217712,3
217717,0
217717,1
217717,6
217717,3
217717,2
217717,18
217717,62
217760,4
217760,1
217783,42
217783,22
217783,44
217869,0
217869,1
217869,22
217890,0
217890,1
217890,3
217890,4
218010,0
218010,1
218010,5
218010,7
218010,186
218010,15
218048,0
218048,1
218048,6
218048,4
218048,3
218080,1
218080,5
218104,16
218104,0
218214,0
218214,1
218214,23
218248,1
218248,5
218248,0
218374,0
218381,0
218381,5
218381,1
218420,1
218420,0
218420,5
218441,1
218441,5
218602,0
218602,1
218737,0
218748,0
218818,1
218851,1
218851,0
218901,1
218911,0
218911,1
218911,4
218911,5
218969,0
218969,1
218969,4
219066,0
219137,7
219137,186
219137,0
219137,5
219137,1
219155,8
219155,5
219155,1
219206,8
219230,1
219251,0
219251,1
219414,0
219414,1
219422,1
219422,0
219501,4
219501,6
219501,0
219553,3
219553,1
219553,4
219570,1
219600,0
219602,23
219602,0
219633,32
219633,1
219633,5
219633,24
219642,1
219642,4
219654,0
219671,0
219671,5
219671,1
219738,26
219738,13
219738,5
219738,1
219738,9
219785,1
219785,4
219785,14
219785,0
219901,0
219958,0
219984,1
219984,0
219994,1
219994,0
220068,0
220068,1
220068,8
220079,0
220104,0
220104,26
220135,1
220135,4
220135,0
220187,1
220187,0
220205,0
220363,7
220363,186
220363,0
220363,1
220363,5
220365,1
220365,0
220435,1
220435,4
220435,5
220435,13
220458,2
220458,8
220458,1
220458,0
220458,16
220502,0
220525,1
220525,3
220569,0
220592,1
220592,4
220592,0
220592,6
220592,26
220648,0
220648,2
220685,9
220685,0
220685,1
220685,5
220685,7
220685,186
220689,1
220689,5
220771,1
220771,5
220771,0
220836,4
220836,3
220836,1
220836,2
220836,0
220836,24
220836,6
220942,0
220962,1
221058,0
221117,7
221117,186
221117,0
221180,0
221180,4
221180,6
221188,0
221188,5
221188,1
221188,4
221262,4
221262,1
221262,0
221425,4
221425,1
221425,0
221425,2
221474,1
221475,1
221475,33
221475,13
221475,4
221588,25
221588,1
221588,0
221588,10
221588,11
221588,9
221604,0
221604,16
221676,1
221676,5
221701,0
221701,1
221729,0
221729,1
221729,4
221729,2
221797,13
221797,26
221797,4
221797,1
221797,5
221797,15
221926,1
221926,4
221926,13
221926,3
221926,0
222007,0
222049,2
222049,0
222049,1
222049,9
222049,4
222049,5
222049,8
222055,1
222161,1
222161,5
222161,7
222161,186
222180,0
222180,1
222202,5
222202,1
222202,0
222202,13
222202,4
222358,4
222358,3
222358,1
222358,19
222358,0
222358,2
222361,0
222361,10
222361,1
222361,20
222379,8
222429,0
222429,1
222429,5
222444,0
222444,2
222519,0
222519,2
222521,0
222551,0
222589,5
222605,36
222605,0
222605,8
222633,1
222633,0
222633,2
222807,4
222807,1
222807,0
222807,2
222918,5
222918,1
222979,0
223060,0
223084,23
223106,0
223200,1
223200,0
223202,0
223202,1
223235,1
223235,0
223262,4
223262,1
223262,5
223262,0
223262,16
223286,1
223286,4
223286,3
223286,0
223286,2
223320,0
223320,1
223343,22
223438,26
223457,19
223494,2
223506,0
223516,7
223516,186
223516,5
223516,0
223547,0
223547,5
223573,1
223573,12
223573,9
223574,0
223574,20
223574,1
223581,1
223599,17
223637,1
223637,0
223637,2
223656,1
223723,1
223723,8
223783,1
223823,0
223847,0
223856,14
223856,24
223856,1
223917,1
223917,0
223933,4
223933,19
223933,8
223973,1
223973,2
223973,0
224033,0
224033,4
224033,3
224033,2
224064,0
224162,1
224162,0
224162,8
224195,0
224195,16
224289,1
224289,0
224289,5
224305,8
224305,0
224305,1
224305,5
224305,22
224310,0
224310,16
224334,1
224334,2
224334,18
224334,62
224340,1
224383,4
224383,18
224383,62
224383,0
224421,1
224421,0
224569,6
224569,1
224592,0
224592,1
224592,4
224645,0
224674,0
224674,1
224674,5
224707,0
224840,8
225007,1
225093,0
225093,1
225113,4
225113,0
225113,2
225113,18
225113,62
225148,0
225162,1
225162,9
225162,8
225162,27
225185,0
225268,5
225268,1
225295,0
225295,1
225359,0
225367,0
225367,1
225400,6
225400,4
225412,0
225412,5
225412,1
225412,4
225412,10
225440,37
225440,0
225440,4
225440,1
225510,1
225510,0
225561,4
225561,0
225609,1
225609,0
225625,5
225625,0
225625,1
225646,1
225646,6
225674,0
225674,9
225674,17
225674,1
225709,1
225709,0
225709,4
225785,0
225785,5
225891,1
225891,5
225948,1
226052,4
226052,3
226052,1
226052,14
226052,13
226052,0
226052,2
226052,18
226052,62
226071,1
226071,0
226091,0
226130,1
226155,0
226155,5
226156,0
226184,0
226207,1
226207,0
226207,4
226322,0
226473,0
226497,1
226497,8
226498,0
226519,1
226519,4
226519,3
226519,20
226519,0
226559,0
226585,1
226585,5
226697,1
226697,5
226715,5
226715,1
226715,7
226715,186
226715,0
226741,4
226741,0
226741,1
226752,0
226752,1
226752,7
226752,186
226752,5
226782,0
226782,1
226782,4
226782,3
226793,0
226793,1
226828,1
226847,3
226918,1
226918,3
226918,0
226918,2
226918,18
226918,62
226946,8
226946,1
226946,5
226946,0
226946,26
227120,1
227120,3
227120,0
227120,2
227120,18
227120,62
227177,1
227177,0
227257,0
227257,18
227257,62
227257,2
227257,1
227277,26
227369,17
227369,9
227369,1
227369,0
227424,0
227424,5
227424,1
227424,26
227424,9
227424,3
227424,10
227424,15
227424,4
227424,6
227424,7
227424,186
227615,7
227615,186
227615,0
227662,1
227662,4
227662,3
227662,0
227686,1
227686,5
227736,35
227736,0
227797,0
227842,0
227862,5
227862,1
227862,7
227862,186
227862,0
227862,4
227862,8
227915,0
227937,0
227978,0
227978,1
227978,13
227993,1
227993,4
227993,31
228087,1
228087,0
228108,4
228108,9
228108,23
228108,26
228108,13
228108,25
228108,1
228108,0
228108,10
228108,27
228127,0
228127,1
228127,14
228127,4
228127,22
228128,0
228128,5
228128,1
228223,26
228267,4
228267,1
228267,0
228277,0
228310,1
228310,9
228310,17
228310,4
228310,3
228310,8
228310,39
228310,0
228396,2
228396,0
228396,18
228396,62
228396,4
228401,1
228401,0
228432,17
228436,16
228436,14
228436,1
228436,4
228436,0
228436,5
228466,1
228466,0
228519,1
228567,16
228567,26
228567,14
228567,1
228567,4
228567,0
228567,5
228574,10
228574,8
228574,9
228616,1
228616,7
228616,186
228652,0
228683,36
228683,4
228683,1
228683,9
228683,8
228683,19
228724,4
228724,1
228724,0
228724,2
228745,0
228791,1
228875,0
228875,1
228877,1
228877,5
228877,3
228877,2
228885,0
228942,7
228942,186
228945,0
228945,1
228979,30
228979,144
228979,1
228979,4
228979,14
228979,0
228979,5
228979,6
229006,0
229014,8
229058,3
229058,4
229058,2
229198,0
229248,1
229248,0
229360,7
229360,186
229360,1
229360,5
229360,26
229371,3
229371,4
229371,1
229392,0
229398,1
229410,3
229410,1
229410,4
229410,31
229410,6
229452,8
229452,5
229452,0
229452,1
229542,1
229542,5
229542,28
229569,0
229569,1
229569,35
229611,1
229611,5
229611,13
229611,15
229633,1
229633,0
229636,0
229636,1
229665,0
229665,1
229707,5
229707,1
229707,4
229707,3
229707,0
229707,13
229729,1
229729,0
229734,1
229734,0
229755,0
229755,2
229755,1
229773,1
229773,18
229773,62
229773,4
229774,0
229774,1
229876,8
229883,7
229883,186
229883,5
229883,1
229883,0
229887,1
229887,12
229887,20
229887,0
229910,1
229910,5
229910,7
229910,186
229910,0
229926,1
229926,8
230249,5
230249,1
230249,7
230249,186
230249,0
230257,1
230257,5
230257,0
230260,0
230260,4
230380,0
230580,0
230580,1
230584,0
230611,0
230733,1
230733,13
230778,0
230794,0
230794,1
230794,4
230795,0
230823,0
230880,4
230880,2
231002,26
231036,0
231036,26
231036,13
231036,1
231036,24
231105,1
231105,5
231105,8
231115,1
231115,5
231115,7
231115,186
231115,46
231115,0
231129,0
231129,1
231129,4
231210,22
231210,7
231210,186
231210,1
231210,0
231212,1
231216,0
231219,5
231240,0
231240,2
231316,0
231401,26
231401,13
231401,4
231401,1
231401,8
231468,1
231468,0
231468,5
231511,1
231511,31
231511,4
231588,0
231618,1
231618,0
231690,0
231711,1
231711,0
231768,6
231782,1
231782,0
231803,4
231803,13
231803,1
231803,14
231803,20
231836,0
231874,0
231874,2
231897,1
231897,5
231897,7
231897,186
231897,15
231897,9
231897,12
231897,13
231897,4
231897,0
231900,2
231900,0
231900,1
231900,4
231900,9
231900,3
231971,1
231971,5
231971,0
232009,7
232009,186
232009,0
232012,1
232012,5
232012,0
232077,1
232077,0
232105,21
232105,22
232135,5
232135,1
232205,1
232205,5
232205,15
232205,0
232205,9
232205,11
232209,1
232209,18
232209,62
232314,0
232314,1
232314,4
232314,8
232341,0
232408,1
232408,0
232555,1
232589,0
232618,0
232618,2
232618,4
232618,3
232618,1
232632,1
232632,21
232632,22
232641,0
232641,1
232641,5
232643,1
232643,0
232710,0
232710,1
232718,0
232718,1
232733,1
232733,4
232733,5
232733,26
232733,13
232746,8
232746,4
232746,46
232784,4
232784,3
232784,1
232784,0
232788,0
232788,5
232788,1
232788,30
232788,144
232788,25
232788,9
232817,1
232817,5
232817,0
232817,8
232878,0
233092,7
233092,186
233092,5
233092,1
233092,26
233092,0
233092,2
233092,18
233092,62
233129,1
233129,5
233129,0
233148,1
233148,0
233148,5
233148,7
233148,186
233171,1
233171,4
233171,14
233200,6
233200,0
233205,0
233205,18
233205,62
233253,5
233253,1
233253,13
233253,9
233253,8
233486,7
233486,186
233486,0
233486,21
233542,1
233542,0
233595,1
233595,5
233595,0
233675,1
233675,5
233675,13
233728,5
233728,0
233728,1
233728,3
233728,4
233747,0
233747,2
233747,1
233773,0
233842,0
233842,22
234092,4
234092,1
234092,0
234092,2
234175,0
234175,1
234175,2
234199,0
234227,0
234227,18
234227,62
234227,1
234227,14
234275,1
234275,5
234275,0
234275,2
234304,0
234304,4
234304,1
234321,0
234346,0
234368,0
234368,1
234415,0
234415,1
234459,5
234459,15
234459,7
234459,186
234459,4
234459,1
234459,3
234459,0
234459,2
234470,1
234470,3
234470,0
234470,12
234474,0
234536,1
234536,5
234536,0
234545,1
234545,0
234574,1
234574,4
234574,3
234574,0
234577,0
234577,7
234577,186
234577,1
234616,0
234622,0
234668,0
234675,2
234675,8
234684,1
234684,0
234684,8
234687,4
234687,13
234687,1
234751,1
234751,0
234763,0
234763,1
234763,5
234763,7
234763,186
234763,4
234763,9
234763,3
234782,1
234782,0
234834,0
234834,1
234990,0
235004,0
235004,2
235004,1
235004,18
235004,62
235025,1
235123,4
235123,1
235225,0
235231,8
235329,1
235329,0
235329,3
235329,5
235340,1
235361,0
235361,1
235361,6
235432,1
235436,5
235436,1
235513,9
235530,0
235530,5
235530,1
235600,7
235600,186
235610,1
235637,13
235637,1
235637,4
235689,1
235714,1
235714,0
235714,3
235745,0
235745,1
235745,4
235756,18
235756,62
235756,1
235756,5
235756,0
235786,1
235842,5
235842,26
235842,0
235842,10
235842,11
235842,9
236040,1
236040,0
236076,7
236076,186
236076,0
236087,1
236087,5
236101,0
236101,5
236101,1
236112,1
236112,0
236272,0
236272,1
236282,1
236282,13
236353,0
236353,1
236394,0
236417,0
236470,1
236470,5
236470,0
236508,0
236508,22
236536,1
236536,5
236711,1
236711,0
236711,5
236711,7
236711,186
236715,0
236775,1
236847,18
236847,62
236847,1
236865,4
236865,3
236991,0
237033,0
237033,1
237090,1
237090,4
237090,3
237129,1
237129,0
237312,0
237312,14
237312,13
237312,4
237312,21
237312,10
237312,1
237312,5
237328,0
237328,1
237328,5
237412,4
237442,0
237483,18
237483,62
237483,0
237519,0
237523,0
237555,0
237555,2
237555,17
237695,1
237695,0
237697,1
237697,0
237707,0
237707,22
237780,0
237782,7
237782,186
237782,1
237782,5
237782,0
237782,28
237863,0
237934,1
237934,0
237968,1
237968,9
237968,17
237968,0
237968,18
237968,62
237988,1
237988,0
238013,1
238013,3
238013,0
238020,0
238045,0
238061,0
238061,1
238061,5
238110,13
238133,0
238137,0
238142,0
238142,1
238142,18
238142,62
238142,4
238158,0
238158,4
238158,6
238158,37
238169,1
238200,5
238200,7
238200,186
238200,0
238293,0
238312,0
238363,5
238363,4
238363,1
238372,0
238372,1
238380,5
238380,1
238444,0
238447,0
238659,1
238684,0
238684,5
238684,1
238684,7
238684,186
238684,2
238886,1
238887,0
238887,1
238898,0
238898,12
238898,1
238996,0
239003,1
239003,5
239003,18
239003,62
239011,0
239011,2
239012,1
239012,12
239044,1
239044,5
239044,0
239044,3
239044,18
239044,62
239067,0
239067,2
239067,1
239076,0
239076,1
239103,22
239103,7
239103,186
239103,0
239203,0
239211,1
239211,3
239211,5
239314,0
239314,7
239314,186
239314,5
239316,5
239316,7
239316,186
239383,4
239383,1
239383,6
239383,0
239405,1
239405,5
239469,0
239469,2
239573,7
239573,186
239573,0
239573,1
239577,8
239577,0
239613,1
239613,0
239613,18
239613,62
239613,6
239668,0
239668,1
239713,7
239713,186
239713,0
239851,0
239890,4
239890,3
239890,2
239890,1
239890,0
239908,0
239908,16
239908,2
239910,0
239918,0
239918,1
239918,5
239925,0
239945,1
239945,0
239948,0
239948,1
239954,0
239968,1
239975,7
239975,186
239975,0
239975,1
240069,0
240069,5
240085,0
240150,1
240150,0
240182,2
240182,1
240195,0
240195,16
240195,1
240195,14
240195,2
240238,5
240238,1
240238,4
240238,13
240238,7
240238,186
240302,0
240385,4
240385,1
240385,2
240401,1
240401,0
240480,0
240480,8
240492,4
240494,0
240494,1
240494,5
240625,1
240625,5
240625,15
240734,7
240734,186
240734,0
240734,5
240734,1
240739,1
240739,5
240739,16
240788,17
241006,16
241006,1
241006,0
241058,0
241058,4
241058,6
241058,2
241058,18
241058,62
241082,1
241082,5
241082,29
241082,13
241082,15
241082,0
241082,2
241118,0
241134,14
241134,1
241145,6
241145,1
241145,12
241171,0
241171,1
241190,0
241190,4
241259,1
241259,0
241319,0
241319,8
241329,0
241329,2
241373,0
241396,0
241396,1
241396,5
241401,0
241434,5
241434,1
241444,1
241444,0
241540,1
241554,1
241554,0
241554,16
241669,0
241675,0
241697,0
241697,5
241697,1
241722,1
241722,0
241722,2
241742,1
241744,0
241744,1
241808,0
241808,16
241808,1
241808,14
241808,2
241865,5
241865,1
241921,5
241921,1
241921,7
241921,186
241921,0
242045,23
242075,5
242075,8
242087,0
242087,1
242189,1
242189,0
242197,1
242197,0
242232,1
242232,0
242278,1
242278,5
242278,0
242278,4
242320,1
242320,5
242320,0
242545,1
242545,0
242546,0
242546,3
242546,4
242546,2
242574,1
242574,0
242585,0
242585,1
242608,1
242608,15
242608,5
242611,5
242611,1
242611,0
242622,0
242622,5
242622,1
242662,4
242662,3
242703,1
242703,21
242771,1
242772,0
242801,1
242801,30
242801,144
242804,0
242804,28
242804,4
242804,3
242804,1
242835,1
242835,5
242835,13
242842,0
242897,1
242897,0
242897,26
242983,8
242993,0
242993,1
242997,8
242997,0
242997,1
242997,4
242997,3
242997,2
243004,1
243004,5
243004,0
243010,5
243010,1
243010,0
243086,0
243192,0
243194,0
243198,0
243254,1
243277,36
243277,5
243277,1
243277,7
243277,186
243277,15
243345,1
243345,5
243345,3
243345,0
243476,1
243476,0
243476,2
243514,1
243514,5
243514,4
243608,0
243608,1
243623,0
243645,0
243645,1
243671,5
243671,7
243671,186
243671,0
243680,1
243705,5
243705,0
243750,0
243790,0
243804,1
243804,0
243837,0
243851,0
243888,14
243888,1
243889,27
243889,17
243889,35
243889,19
243895,0
243895,1
243934,8
243934,0
243934,1
244023,0
244023,7
244023,186
244039,2
244046,0
244046,16
244046,6
244046,1
244112,1
244112,0
244117,0
244117,5
244117,1
244117,9
244117,11
244117,10
244117,7
244117,186
244146,5
244146,1
244147,1
244147,5
244147,4
244147,2
244147,12
244147,9
244147,17
244147,10
244147,11
244208,1
244208,0
244219,23
244289,0
244342,1
244419,8
244419,0
244419,1
244419,4
244454,7
244454,186
244454,0
244469,1
244469,4
244469,5
244471,0
244471,1
244471,5
244471,9
244504,4
244504,3
244504,13
244504,0
244504,1
244523,1
244523,0
244530,1
244534,0
244534,8
244652,0
244664,30
244664,144
244664,1
244675,14
244776,1
244776,5
244787,1
244787,5
244787,0
244865,5
244865,1
244873,1
244962,1
244963,1
244963,0
244963,2
244996,7
244996,186
245025,1
245025,0
245071,0
245071,5
245071,1
245085,9
245085,10
245085,5
245146,5
245146,7
245146,186
245146,1
245196,24
245196,4
245196,3
245196,19
245196,0
245234,1
245234,5
245234,0
245234,8
245252,5
245252,1
245252,4
245252,3
245252,0
245294,1
245294,4
245294,33
245365,7
245365,186
245365,0
245369,4
245369,3
245369,1
245369,5
245376,0
245390,1
245390,0
245390,2
245390,18
245390,62
245406,0
245527,7
245527,186
245527,5
245527,1
245527,0
245527,2
245548,1
245548,5
245548,0
245577,4
245577,1
245577,0
245582,7
245582,186
245582,0
245689,0
245689,23
245704,2
245704,1
245704,3
245721,4
245721,14
245721,1
245721,25
245904,0
245904,3
245938,0
245941,1
245941,5
245941,0
246019,1
246019,5
246019,0
246044,0
246044,5
246044,1
246061,1
246061,0
246061,4
246061,18
246061,62
246061,9
246111,0
246117,0
246246,1
246258,1
246258,9
246258,4
246258,2
246258,6
246267,0
246300,0
246341,0
246341,3
246341,1
246341,4
246341,26
246341,31
246341,9
246378,0
246378,22
246614,1
246614,0
246638,0
246668,1
246668,0
246738,0
246774,1
246774,5
246782,7
246782,186
246782,0
246782,3
246782,1
246782,5
246919,1
246919,5
246919,0
247062,1
247062,0
247076,5
247076,1
247121,1
247121,0
247133,5
247133,0
247133,7
247133,186
247194,5
247194,1
247199,2
247199,6
247199,1
247199,0
247201,1
247201,0
247201,3
247216,1
247216,0
247220,1
247220,4
247220,19
247220,13
247220,0
247245,0
247245,1
247245,4
247245,3
247269,1
247274,0
247328,0
247328,1
247339,27
247340,0
247439,1
247450,5
247450,1
247476,18
247476,62
247476,2
247476,1
247476,3
247476,4
247476,19
247495,0
247495,1
247495,4
247495,3
247509,0
247516,4
247516,1
247516,0
247546,18
247546,62
247546,1
247598,1
247598,3
247648,1
247648,3
247648,0
247648,20
247672,5
247672,1
247812,0
247825,25
247825,0
247903,1
247903,0
247909,1
247909,5
247960,1
247960,0
248014,0
248030,0
248030,1
248032,0
248032,4
248032,1
248092,22
248092,1
248106,0
248106,7
248106,186
248106,5
248226,0
248226,3
248226,6
248226,1
248242,0
248256,1
248256,5
248256,0
248303,1
248303,0
248303,2
248321,0
248323,1
248323,0
248390,1
248390,4
248390,3
248390,39
248390,0
248438,4
248438,1
248463,1
248463,9
248463,19
248463,4
248463,0
248636,1
248636,0
248636,15
248671,3
248681,1
248681,4
248720,0
248746,1
248746,5
248746,29
248746,15
248746,7
248746,186
248746,3
248746,4
248746,30
248746,144
248746,9
248746,6
248746,2
248746,0
248809,0
248809,1
248809,5
248809,30
248809,144
248809,4
248847,3
248847,1
248847,0
248852,1
248852,9
248852,5
248912,0
248912,5
248912,1
248945,1
248945,4
248945,3
249110,1
249110,0
249110,4
249110,13
249238,5
249238,1
249238,0
249258,0
249287,0
249344,1
249344,5
249344,7
249344,186
249344,0
249347,1
249347,0
249489,16
249489,1
249489,3
249489,5
249512,8
249512,0
249512,1
249527,1
249527,5
249605,1
249605,5
249605,4
249605,3
249605,29
249605,26
249605,13
249605,0
249605,18
249605,62
249608,0
249613,4
249638,1
249638,0
249651,8
249661,7
249661,186
249661,5
249661,1
249661,0
249667,0
249738,0
249738,1
249738,4
249738,13
249738,3
249879,0
249879,1
249879,9
249884,0
249885,1
249885,0
249885,3
249885,4
249888,1
249888,4
249888,3
249888,2
250144,0
250144,1
250158,1
250158,10
250158,11
250158,9
250158,0
250158,2
250186,0
250282,1
250282,14
250282,4
250282,0
250282,28
250372,1
250372,0
250390,0
250390,7
250390,186
250399,7
250399,186
250501,0
250519,0
250549,0
250549,1
250549,5
250549,8
250635,1
250662,1
250664,1
250681,1
250681,0
250732,8
250732,1
250732,4
250732,0
250806,0
250806,1
250806,20
250848,0
250848,1
250848,8
250855,0
250855,5
250855,1
250887,1
250901,1
250901,0
251043,0
251043,1
251101,0
251101,7
251101,186
251101,5
251101,1
251144,4
251145,5
251145,1
251145,0
251158,1
251158,0
251203,0
251203,1
251203,5
251209,0
251209,1
251209,5
251209,4
251209,13
251209,28
251209,18
251209,62
251209,2
251251,1
251380,1
251380,0
251380,5
251393,0
251393,1
251393,5
251393,7
251393,186
251411,1
251411,4
251411,3
251411,0
251479,0
251495,0
251575,1
251575,5
251575,0
251575,2
251614,0
251720,1
251720,5
251720,0
251813,1
251813,6
251815,0
251815,2
251824,0
251855,0
251855,1
251875,1
251875,5
251875,15
251875,7
251875,186
251945,0
251945,1
252008,1
252008,0
252079,0
252079,5
252208,0
252208,1
252208,20
252209,8
252209,4
252209,1
252329,0
252329,1
252334,0
252334,1
252369,0
252443,0
252443,5
252443,1
252505,0
252505,3
252506,1
252506,0
252506,4
252603,1
252655,0
252655,2
252655,16
252655,1
252655,3
252655,5
252655,14
252732,18
252732,62
252815,1
252816,1
252816,0
252870,1
252870,5
252870,0
252895,13
252959,3
252973,5
252973,0
252976,0
253008,1
253008,0
253037,0
253037,4
253037,1
253037,3
253037,6
253106,0
253106,14
253172,0
253172,5
253172,1
253223,6
253223,0
253246,1
253290,1
253290,0
253341,1
253341,14
253341,0
253341,18
253341,62
253341,8
253417,0
253417,2
253417,1
253417,3
253417,8
253516,0
253523,1
253523,0
253535,5
253535,1
253535,8
253541,0
253541,4
253541,46
253541,10
253541,22
253691,0
253691,1
253742,1
253742,4
253742,3
253742,0
253749,2
253749,4
253749,1
253749,3
253766,1
253766,4
253766,13
253766,5
253766,0
253801,4
253813,0
253843,1
254029,0
254029,22
254029,1
254127,3
254188,0
254409,0
254521,0
254572,1
254572,0
254633,0
254633,6
254711,1
254711,5
254711,26
254716,0
254826,1
254826,5
254826,0
254832,0
254948,0
254948,4
254948,25
254948,1
255065,1
255082,0
255082,5
255094,7
255094,186
255094,0
255094,5
255094,1
255094,26
255094,22
255112,1
255112,0
255181,1
255181,0
255181,6
255268,1
255268,3
255268,4
255268,0
255283,4
255283,3
255283,1
255289,0
255289,1
255289,7
255289,186
255289,5
255328,8
255337,1
255351,1
255351,4
255390,1
255390,0
255399,0
255402,1
255402,0
255404,1
255404,0
255443,2
255443,18
255443,62
255443,4
255443,1
255443,0
255449,0
255449,1
255449,5
255490,1
255567,0
255567,4
255567,3
255570,1
255570,4
255570,0
255570,12
255597,0
255597,1
255618,0
255653,1
255653,0
255653,6
255689,0
255689,1
255689,5
255689,7
255689,186
255689,15
255698,0
255706,1
255715,1
255715,0
255715,9
255797,0
255797,1
255797,5
255839,0
255860,0
255908,4
255908,1
255908,0
255968,5
255975,5
255975,1
255975,0
255975,22
255975,7
255975,186
255975,15
255975,3
255984,1
255984,5
255984,4
255984,0
256081,1
256081,0
256081,2
256099,0
256117,7
256117,186
256117,1
256121,0
256126,0
256126,1
256183,1
256183,24
256183,0
256185,1
256185,8
256244,0
256268,0
256301,0
256301,1
256301,5
256337,1
256337,9
256337,0
256337,2
256461,0
256489,10
256489,11
256489,9
256578,0
256578,18
256578,62
256578,1
256578,14
256578,2
256648,4
256648,1
256648,8
256717,7
256717,186
256719,1
256719,17
256725,0
256772,0
256772,1
256772,5
256772,7
256772,186
256778,0
256778,1
256778,5
256778,8
256836,1
256836,4
256836,0
256850,0
256850,1
256850,5
256922,1
256922,0
256977,0
257001,0
257020,1
257020,0
257020,22
257036,8
257093,0
257093,1
257115,0
257115,5
257115,1
257125,0
257128,0
257128,4
257128,13
257128,3
257150,1
257150,5
257151,0
257151,2
257186,0
257186,1
257186,5
257228,1
257298,1
257298,5
257298,0
257298,15
257313,0
257313,13
257313,4
257313,1
257313,39
257313,25
257313,12
257349,1
257369,0
257369,2
257369,5
257369,1
257388,0
257388,7
257388,186
257388,5
257388,1
257394,0
257394,1
257394,5
257394,13
257410,1
257451,0
257478,0
257478,5
257478,1
257504,0
257504,6
257504,4
257506,1
257530,0
257530,1
257595,1
257642,8
257673,0
257744,1
257744,5
257744,0
257744,18
257744,62
257791,1
257857,8
257879,1
257879,0
257879,2
257879,18
257879,62
257986,0
257986,4
257986,1
257991,0
258010,8
258022,14
258022,0
258118,1
258118,0
258118,3
258179,0
258394,1
258394,0
258440,1
258440,12
258440,0
258482,0
258482,1
258506,0
258508,1
258547,0
258624,0
258624,1
258624,5
258725,1
258725,4
258725,0
258725,28
258855,1
258855,5
258855,4
259091,1
259091,5
259091,15
259256,0
259292,1
259297,5
259297,1
259324,0
259324,2
259391,1
259452,1
259452,4
259494,3
259494,1
259541,0
259541,1
259541,5
259571,1
259685,1
259685,5
259685,4
259685,14
259685,10
259685,7
259685,186
259685,0
259689,0
259709,1
259709,5
259709,0
259722,1
259722,0
259722,5
259748,0
259748,16
259781,1
259781,5
259835,0
259835,1
259907,0
259908,1
259908,5
259908,0
259944,1
259944,0
259944,5
260007,0
260007,22
260043,0
260043,1
260043,5
260043,7
260043,186
260055,1
260055,0
260071,1
260071,5
260114,1
260191,5
260191,1
260191,8
260264,4
260264,1
260264,2
260374,0
260374,9
260374,1
260374,4
260374,14
260408,0
260408,1
260408,26
260445,1
260445,9
260445,26
260445,14
260445,4
260445,5
260493,0
260507,0
260527,0
260552,1
260552,4
260552,3
260699,8
260699,0
260705,0
260705,1
260714,0
260714,3
260714,14
260714,4
260714,1
260734,3
260734,1
260748,1
260748,0
260893,13
260893,4
260969,0
260969,16
260990,0
261030,11
261030,4
261040,1
261040,0
261069,0
261069,1
261069,5
261085,1
261085,22
261085,0
261165,1
261165,0
261290,1
261290,4
261291,0
261291,5
261291,1
261429,0
261471,4
261471,1
261471,2
261471,0
261513,20
261513,14
261609,0
261693,0
261697,1
261697,3
261735,22
261735,0
261833,1
261833,0
261896,0
261896,1
261924,26
261924,2
261924,1
261924,5
261924,0
261939,0
261966,0
261966,1
262007,7
262007,186
262007,6
262007,0
262027,0
262030,0
262030,1
262040,0
262040,1
262099,1
262099,27
262099,14
262120,1
262120,23
262120,0
262316,0
262316,1
262342,1
262342,2
262355,9
262355,1
262355,0
262379,1
262379,14
262379,0
262379,20
262486,0
262535,0
262543,4
262551,3
262551,0
262668,1
262668,0
262676,0
262755,1
262755,0
262813,1
262813,0
262834,0
262866,0
262866,1
262926,4
262926,0
262926,2
262926,3
263010,0
263032,0
263032,1
263032,2
263055,0
263055,1
263055,8
263069,5
263069,1
263069,0
263102,0
263191,4
263191,3
263191,1
263191,0
263235,0
263235,1
263235,5
263235,22
263235,26
263235,7
263235,186
263282,0
263282,1
263282,26
263282,5
263282,4
263282,29
263282,22
263294,1
263294,0
263359,0
263401,1
263401,0
263401,3
263402,0
263509,0
263509,1
263579,5
263579,1
263579,0
263579,16
263684,1
263698,1
263698,0
263719,0
263730,1
263730,5
263730,4
263730,3
263730,31
263863,0
263863,1
263863,5
263881,0
263881,4
263881,1
263881,6
263934,1
263934,0
263974,7
263974,186
263974,5
263974,1
263974,26
263974,13
264061,0
264061,1
264262,1
264262,0
264342,5
264342,1
264342,0
264342,22
264343,1
264343,4
264343,9
264343,0
264381,26
264403,1
264403,0
264406,1
264406,8
264406,3
264406,9
264406,17
264443,5
264443,1
264443,4
264443,0
264443,2
264443,18
264443,62
264449,4
264449,1
264449,3
264454,0
264547,0
264547,1
264621,0
264621,1
264687,0
264770,1
264777,1
264777,0
264823,0
264823,20
264874,8
264874,1
264884,0
264884,1
264884,4
264943,1
264943,4
264943,3
264943,0
264957,1
264957,0
265008,3
265174,0
265305,1
265305,15
265305,0
265305,2
265375,8
265375,1
265375,39
265441,35
265441,0
265441,5
265441,1
265492,1
265492,5
265492,15
265492,9
265511,0
265531,1
265531,0
265539,1
265554,1
265594,0
265594,1
265594,9
265594,5
265594,4
265594,8
265627,1
265662,5
265662,1
265662,4
265662,3
265662,0
265721,1
265721,0
265721,9
265752,4
265752,3
265852,1
265852,0
266023,1
266023,0
266053,1
266059,0
266059,1
266059,4
266081,0
266081,5
266081,1
266132,7
266132,186
266132,5
266132,1
266132,14
266137,0
266148,20
266153,8
266153,0
266153,1
266237,0
266259,5
266259,1
266259,0
266279,1
266293,0
266293,1
266293,5
266302,5
266302,1
266302,15
266302,0
266302,2
266387,0
266418,29
266418,0
266418,1
266425,0
266425,1
266425,3
266425,5
266425,15
266425,8
266476,5
266476,1
266476,0
266518,0
266518,5
266518,1
266584,4
266584,39
266584,0
266584,18
266584,62
266652,0
266659,0
266659,1
266679,0
266679,1
266753,0
266753,1
266754,4
266754,14
266754,0
266754,1
266754,13
266785,1
266785,0
266924,0
266924,1
266935,0
266946,0
266946,1
266946,5
267062,0
267066,0
267066,1
267164,35
267164,1
267164,0
267164,8
267182,0
267182,1
267182,5
267182,3
267267,1
267267,0
267289,0
267289,1
267289,4
267302,16
267302,1
267302,14
267303,0
267319,1
267319,5
267319,0
267364,0
267450,1
267450,0
267450,5
267456,0
267508,16
267508,0
267509,1
267509,5
267509,8
267514,0
267526,1
267526,0
267526,9
267535,1
267535,0
267624,1
267694,5
267694,1
267694,0
267706,0
267706,8
267741,1
267741,0
267794,13
267846,0
267846,3
267883,0
268084,23
268084,1
268084,4
268084,3
268084,0
268097,0
268231,22
268261,0
268261,1
268327,6
268335,5
268384,0
268542,0
268542,1
268542,4
268542,2
268567,1
268567,3
268567,0
268594,4
268594,19
268601,0
268624,0
268624,1
268631,15
268631,1
268640,8
268640,0
268668,5
268720,1
268745,1
268745,0
268842,0
268851,2
268866,0
268866,1
268866,40
268866,3
268866,4
268870,1
268870,0
268870,4
268870,14
268881,0
268886,0
268886,1
268886,8
268896,1
268896,0
268896,5
268896,8
268945,7
268945,186
268945,5
268945,0
268945,1
268945,3
268997,1
268997,0
269024,1
269024,0
269032,1
269057,1
269057,0
269060,5
269060,1
269060,6
269060,0
269060,2
269077,1
269077,5
269077,3
269077,4
269077,0
269115,5
269115,1
269115,0
269115,2
269194,0
269194,1
269194,5
269212,18
269212,62
269214,1
269214,4
269214,3
269278,0
269278,5
269312,1
269312,5
269324,7
269324,186
269370,0
269370,1
269370,5
269370,2
269410,0
269410,1
269410,5
269410,26
269490,26
269490,0
269490,7
269490,186
269574,5
269574,0
269574,1
269574,3
269574,4
269574,13
269620,0
269620,1
269640,4
269640,9
269640,0
269640,11
269640,10
269653,1
269653,5
269653,0
269812,0
269812,12
269883,0
269883,22
269883,7
269883,186
269883,5
269950,0
269950,1
269951,1
269951,0
269951,5
269994,1
269994,5
270000,5
270007,0
270069,0
270069,5
270069,1
270117,0
270224,5
270224,1
270224,0
270246,5
270246,1
270289,0
270332,1
270332,4
270332,0
270332,2
270382,47
270382,20
270382,1
270441,0
270492,1
270492,0
270527,4
270527,1
270527,0
270527,3
270531,0
270531,1
270539,0
270539,21
270539,9
270539,10
270539,5
270597,1
270597,5
270597,9
270638,0
270638,1
270638,5
270722,1
270757,5
270757,1
270757,0
270903,0
270903,1
270966,0
270966,2
270966,1
270984,0
270984,1
271025,1
271025,0
271045,0
271105,4
271105,1
271192,0
271236,0
271307,0
271313,0
271342,0
271342,1
271455,1
271530,1
271530,5
271530,13
271530,0
271744,1
271745,0
271766,7
271766,186
271766,0
271766,6
271766,5
271766,3
271766,4
271774,0
271774,1
271774,5
271774,20
271800,8
271800,0
271800,1
271800,4
271900,0
271900,22
271900,5
271900,7
271900,186
271900,1
271906,1
272038,1
272038,0
272038,2
272056,0
272064,1
272064,0
272078,1
272085,0
272085,1
272085,3
272085,5
272085,8
272089,3
272089,43
272112,0
272169,0
272169,1
272171,5
272171,1
272171,0
272171,22
272272,7
272272,186
272272,0
272272,5
272424,1
272447,5
272447,1
272447,0
272447,2
272563,1
272563,5
272563,0
272583,8
272594,0
272594,1
272605,1
272605,0
272657,1
272657,5
272657,7
272657,186
272662,0
272665,20
272665,0
272681,0
272681,1
272758,1
272758,0
272778,0
272778,1
272778,5
272784,0
272790,0
272837,0
272870,0
272870,7
272870,186
272870,5
272870,23
272876,0
272876,1
272876,5
272926,0
272959,0
272967,2
272970,0
272970,1
273026,0
273146,0
273177,0
273324,1
273324,0
273343,0
273343,1
273343,5
273343,4
273343,13
273343,25
273366,0
273366,1
273373,23
273373,1
273404,0
273445,0
273456,0
273456,1
273500,0
273500,1
273526,0
273569,0
273569,1
273620,0
273620,2
273620,1
273620,5
273620,18
273620,62
273634,1
273634,5
273715,1
273715,0
273751,1
273751,5
273751,0
273848,1
273848,3
273905,1
273905,0
273944,1
273944,4
273957,1
273957,0
273987,3
273987,2
273987,1
273987,0
273987,4
273987,24
273987,6
274102,0
274102,1
274153,0
274153,1
274153,4
274153,3
274172,1
274172,0
274172,5
274195,0
274196,1
274196,0
274196,2
274202,0
274202,4
274202,3
274202,2
274320,0
274398,1
274463,7
274463,186
274499,0
274553,1
274553,17
274553,8
274553,4
274553,3
274553,13
274553,14
274553,39
274553,0
274567,12
274567,1
274567,30
274567,144
274567,25
274594,0
274594,1
274594,6
274594,12
274758,0
274783,4
274783,1
274783,30
274783,144
274790,0
274790,1
274826,0
274826,1
274912,1
274924,1
274924,3
274924,0
274924,2
274928,0
274967,22
274967,0
275077,0
275077,5
275099,0
275099,1
275151,0
275151,1
275211,26
275286,0
275286,1
275286,3
275286,14
275286,5
275377,1
275377,4
275405,0
275405,1
275405,16
275455,0
275455,1
275495,1
275495,0
275495,5
275495,4
275564,1
275564,0
275567,1
275567,4
275567,0
275567,2
275646,0
275646,23
275646,7
275646,186
275671,1
275671,0
275702,6
275702,0
275785,1
275785,4
275790,1
275820,0
275912,26
275961,35
275961,1
275961,6
275990,0
276046,0
276046,1
276104,1
276104,6
276140,0
276140,1
276140,5
276171,1
276171,9
276171,2
276171,18
276171,62
276218,0
276218,1
276218,6
276279,1
276318,5
276318,1
276332,0
276337,1
276367,0
276393,8
276410,0
276410,1
276410,2
276525,0
276525,1
276525,5
276525,13
276525,15
276562,0
276562,1
276562,5
276592,0
276592,4
276592,14
276598,1
276598,5
276598,0
276726,0
276726,7
276726,186
276726,5
276726,1
276726,9
276726,3
276726,26
276775,0
276775,7
276775,186
276779,0
276779,1
276779,8
276825,8
276825,0
276858,0
276858,1
276961,0
276998,0
276998,5
276998,1
276998,4
276998,10
277033,0
277033,8
277061,0
277061,1
277061,5
277150,1
277248,0
277367,0
277367,1
277367,14
277421,1
277421,4
277487,1
277488,1
277514,0
277514,1
277562,0
277624,26
277655,7
277655,186
277655,0
277655,5
277655,1
277724,1
277724,3
277724,4
277724,0
277771,8
277771,22
277771,1
277771,5
277811,0
277811,1
277811,4
277811,5
277818,5
277818,0
277837,1
277850,0
277850,2
277850,5
277850,1
277850,4
277850,13
277850,3
277893,0
277899,1
277922,0
277963,0
277963,1
278013,0
278013,1
278056,0
278056,5
278056,1
278104,2
278104,1
278104,0
278130,1
278130,0
278191,1
278191,0
278191,24
278205,35
278205,7
278205,186
278205,0
278205,5
278205,1
278205,4
278250,0
278250,1
278275,1
278275,0
278293,3
278293,1
278293,0
278293,6
278293,4
278293,2
278293,24
278350,0
278373,0
278373,1
278373,5
278389,0
278416,0
278416,4
278512,0
278512,5
278512,1
278691,0
278769,3
278769,1
278769,4
278769,8
278769,2
278858,1
278858,3
278858,0
278871,0
278910,0
278946,0
278946,1
278946,5
278946,7
278946,186
278965,5
278965,1
278965,0
279007,0
279007,8
279019,0
279019,1
279019,5
279019,29
279019,26
279031,1
279031,0
279068,1
279068,4
279073,1
279073,0
279082,1
279082,0
279100,0
279117,0
279139,0
279282,1
279282,5
279282,0
279468,1
279470,0
279470,4
279470,1
279470,2
279470,18
279470,62
279507,7
279507,186
279525,0
279567,4
279590,1
279604,4
279604,19
279604,33
279604,24
279640,1
279667,1
279667,4
279667,0
279697,1
279697,0
279724,8
279799,13
279799,1
279853,8
279853,1
279853,13
279853,9
279853,0
279853,2
279853,27
279916,0
279934,4
280020,1
280020,0
280079,1
280079,0
280152,0
280152,1
280152,4
280152,12
280212,7
280212,186
280336,1
280367,0
280384,5
280384,1
280384,0
280384,4
280384,13
280384,3
280518,0
280518,7
280518,186
280519,1
280519,0
280532,1
280532,5
280556,0
280556,1
280579,1
280579,0
280581,1
280581,0
280680,12
280680,1
280684,1
280684,5
280684,0
280684,4
280692,0
280692,1
280692,5
280759,0
280759,5
280759,1
280767,0
280904,8
280913,1
280913,5
280951,0
280951,2
280977,0
280981,1
280998,22
281010,1
281010,0
281015,1
281015,8
281015,6
281015,0
281015,28
281037,0
281037,3
281078,0
281078,1
281078,5
281186,4
281186,0
281186,3
281251,0
281358,8
281358,4
281358,2
281514,0
281558,0
281596,1
281596,0
281604,1
281604,0
281763,0
281763,18
281763,62
281767,0
281767,2
281767,1
281767,3
281767,8
281779,26
281779,32
281788,22
281788,0
281813,0
281813,2
281813,4
281821,2
281821,3
281821,1
281821,4
281821,0
281879,0
281879,1
281879,2
281879,18
281879,62
281908,0
281908,1
281908,3
281937,0
281990,1
281990,0
281990,14
281990,9
281990,11
282004,0
282004,1
282006,5
282007,0
282007,1
282019,0
282067,0
282067,1
282067,5
282072,0
282072,8
282076,1
282076,2
282076,0
282076,13
282076,39
282286,0
282329,0
282329,18
282329,62
282389,5
282389,0
282389,1
282395,1
282395,0
282395,5
282423,1
282423,4
282423,0
282435,4
282435,13
282435,14
282435,1
282435,6
282435,30
282435,144
282435,18
282435,62
282435,2
282479,1
282479,0
282578,4
282578,3
282578,1
282578,0
282578,2
282729,5
282729,1
282809,0
282809,7
282809,186
282836,0
282836,5
282836,1
282852,0
282852,1
282873,1
282873,5
282873,0
282922,0
282982,1
282982,0
282982,3
282982,2
283016,1
283016,4
283016,2
283045,8
283045,18
283045,62
283045,2
283045,31
283045,1
283045,4
283045,3
283075,1
283075,0
283075,7
283075,186
283075,5
283075,2
283082,8
283082,0
283082,1
283103,4
283103,6
283103,0
283135,1
283145,22
283357,31
283357,1
283388,0
283408,1
283408,28
283418,0
283418,1
283461,1
283461,5
283461,3
283461,27
283461,0
283490,0
283490,18
283490,62
283490,1
283553,2
283553,1
283553,4
283553,13
283553,3
283553,6
283616,0
283616,1
283616,3
283688,5
283688,1
283703,0
283703,1
283736,0
283746,0
283746,1
283746,4
283746,3
283811,0
283811,5
283953,0
284078,1
284078,14
284154,1
284188,1
284188,0
284289,1
284352,1
284352,4
284352,3
284352,8
284380,5
284380,1
284380,0
284395,0
284428,5
284428,1
284428,0
284467,7
284467,186
284467,5
284488,0
284555,0
284555,1
284584,1
284584,0
284587,0
284587,1
284587,5
284618,0
284760,1
284822,1
284822,0
284822,6
284822,26
284871,0
284871,20
284871,4
284871,10
284871,9
284880,7
284880,186
284880,0
284896,1
284896,7
284896,186
284904,1
284904,8
284904,0
284923,0
284923,1
284923,5
284960,0
284960,7
284960,186
284960,26
284975,1
284975,5
284975,9
284975,0
285124,4
285124,1
285124,3
285124,12
285124,0
285166,5
285166,1
285180,0
285180,4
285183,0
285183,1
285183,2
285241,1
285251,1
285251,0
285251,3
285262,9
285262,1
285262,25
285293,26
285519,5
285519,7
285519,186
285519,1
285519,0
285519,4
285519,29
285519,3
285519,15
285618,1
285618,4
285618,0
285618,7
285618,186
285639,0
285639,1
285639,3
285654,1
285654,4
285732,23
285842,1
285842,0
285846,8
285846,17
285846,1
285909,0
285916,0
285916,1
286080,1
286080,5
286080,0
286110,0
286131,8
286131,0
286131,1
286152,8
286152,26
286152,1
286152,15
286178,1
286178,3
286178,5
286192,1
286192,0
286192,2
286233,26
286336,8
286340,1
286340,0
286356,1
286356,31
286356,12
286378,1
286378,3
286378,0
286378,2
286381,0
286397,0
286410,0
286410,1
286483,1
286531,0
286531,1
286540,3
286540,1
286557,1
286557,5
286573,0
286573,30
286573,144
286573,9
286609,1
286609,0
286631,1
286631,3
286631,13
286633,1
286692,0
286746,1
286746,0
286746,4
286819,1
286819,0
286830,10
286830,11
286830,5
286850,5
286853,1
286853,3
286853,4
286853,0
286917,0
286928,0
286928,1
287003,1
287003,0
287003,2
287003,6
287054,0
287074,4
287074,0
287074,1
287097,0
287097,1
287164,0
287197,9
287277,0
287277,1
287286,8
287286,1
287286,0
287295,0
287295,1
287297,0
287297,1
287349,0
287360,0
287360,5
287360,7
287360,186
287360,1
287386,2
287386,6
287398,1
287398,30
287398,144
287398,4
287398,0
287427,1
287427,5
287427,4
287432,26
287432,31
287432,1
287432,10
287477,6
287477,4
287477,1
287477,0
287526,0
287567,1
287600,0
287600,1
287600,8
287625,8
287625,1
287759,0
287785,1
287785,26
287785,13
287785,15
287852,0
287862,1
287882,0
287882,1
287994,0
287994,1
287994,5
288053,7
288053,186
288053,0
288053,21
288053,9
288053,1
288105,0
288105,1
288132,1
288162,0
288185,0
288226,0
288226,1
288248,1
288248,5
288248,7
288248,186
288248,0
288271,0
288271,5
288271,1
288271,35
288292,1
288400,1
288400,0
288420,1
288558,8
288684,0
288684,1
288687,0
288687,2
288687,1
288687,3
288687,4
288868,0
288868,1
288868,5
289073,0
289073,2
289073,26
289099,0
289099,1
289099,8
289236,4
289236,2
289236,13
289236,1
289247,0
289247,1
289337,1
289337,0
289337,26
289348,0
289394,0
289394,1
289492,1
289492,6
289492,4
289492,0
289502,0
289502,7
289502,186
289502,1
289502,5
289703,5
289703,1
289758,7
289758,186
289758,1
289957,1
289971,1
289971,0
290069,1
290069,5
290069,0
290069,2
290069,3
290142,0
290142,1
290142,22
290142,7
290142,186
290214,1
290214,13
290255,1
290255,8
290255,0
290263,8
290263,22
290263,5
290263,1
290360,1
290360,9
290360,0
290360,5
290441,1
290441,4
290441,3
290476,0
290476,1
290476,5
290490,26
290490,7
290490,186
290703,6
290703,1
290834,22
290863,0
290921,1
290921,4
290921,0
290924,7
290924,186
290924,1
290924,5
290924,3
290924,0
290929,0
290929,1
290952,1
290970,0
290970,1
290970,2
290988,2
290988,1
290988,0
290988,3
290988,4
290988,6
291026,1
291115,0
291123,1
291123,0
291131,0
291131,3
291131,2
291176,1
291182,8
291182,0
291182,1
291182,5
291182,29
291248,1
291248,0
291248,3
291248,8
291256,7
291256,186
291298,1
291298,3
291300,7
291300,186
291300,0
291300,1
291328,0
291328,1
291334,1
291334,12
291334,13
291334,9
291334,0
291343,1
291343,4
291343,5
291343,23
291358,0
291358,7
291358,186
291404,7
291404,186
291404,1
291404,22
291404,0
291438,0
291438,1
291438,9
291439,0
291487,22
291551,4
291551,1
291551,2
291562,1
291562,0
291562,16
291581,0
291581,3
291608,1
291635,0
291650,1
291650,0
291665,9
291665,0
291665,21
291665,14
291710,1
291710,0
291710,4
291714,0
291714,5
291714,1
291740,0
291740,1
291744,1
291744,8
291750,0
291832,0
291832,1
291867,1
291867,4
291867,0
291867,5
291927,0
291927,7
291927,186
291975,0
292030,26
292030,0
292030,1
292030,2
292048,0
292082,0
292182,0
292270,4
292270,8
292270,1
292270,33
292270,18
292270,62
292296,25
292296,9
292310,1
292310,0
292333,8
292338,3
292338,1
292338,4
292338,13
292338,8
292338,39
292395,1
292395,30
292395,144
292395,5
292395,3
292491,0
292491,1
292542,7
292542,186
292645,0
292692,0
292692,2
292692,18
292692,62
292712,1
292755,1
292755,5
292755,3
292755,0
292757,0
292763,0
292763,9
292763,7
292763,186
292813,0
292824,0
292824,1
292824,3
292824,4
292906,1
292921,7
292921,186
292921,5
292921,0
292951,1
292951,5
292951,0
292977,0
293009,1
293009,0
293118,0
293118,16
293118,2
293118,1
293135,0
293209,8
293209,0
293209,1
293209,5
293214,1
293273,1
293340,0
293349,0
293360,0
293476,1
293476,0
293508,1
293508,0
293515,9
293515,17
293515,1
293515,4
293548,5
293548,1
293571,26
293571,32
293571,1
293571,0
293605,1
293668,1
293669,0
293747,4
293747,3
293820,0
293820,2
293820,1
293820,4
293820,3
293956,0
293957,1
293957,0
293957,27
293957,3
294027,39
294027,17
294042,0
294042,2
294200,1
294200,4
294200,0
294220,1
294220,5
294220,0
294231,8
294231,0
294231,7
294231,186
294249,14
294260,0
294260,7
294260,186
294261,0
294261,1
294261,5
294322,0
294332,7
294332,186
294332,5
294332,1
294425,0
294461,8
294461,29
294488,1
294488,3
294488,4
294488,8
294492,1
294498,1
294498,0
294498,4
294498,3
294506,1
294506,0
294506,3
294506,4
294506,6
294506,2
294506,18
294506,62
294513,6
294513,1
294513,4
294523,3
294523,4
294523,1
294523,0
294523,25
294523,5
294523,9
294523,26
294523,13
294523,18
294523,62
294523,15
294538,1
294538,8
294538,9
294538,17
294547,1
294590,0
294600,0
294600,1
294636,0
294636,1
294648,0
294677,0
294683,0
294687,1
294687,0
294716,0
294716,5
294717,1
294717,0
294717,4
294717,13
294717,31
294717,2
294717,3
294753,1
294753,9
294767,0
294767,1
294767,8
294767,9
294770,1
294774,1
294774,5
294824,7
294824,186
294824,8
294887,0
294898,0
294913,8
294913,0
294913,1
294913,4
294913,13
294986,0
295010,0
295010,1
295026,1
295052,0
295084,4
295084,1
295084,0
295084,2
295085,0
295085,1
295085,14
295091,1
295091,0
295091,6
295091,5
295091,7
295091,186
295149,0
295151,4
295151,18
295151,62
295182,0
295205,0
295208,1
295208,0
295208,2
295234,0
295277,0
295277,1
295371,0
295402,0
295416,0
295416,1
295416,2
295434,0
295434,1
295434,4
295434,20
295477,0
295477,1
295477,5
295505,0
295505,1
295505,4
295519,5
295586,0
295586,1
295587,2
295587,4
295587,3
295587,1
295587,0
295589,0
295589,1
295589,8
295757,0
295769,0
295805,1
295805,0
295805,4
295805,3
295907,0
296003,25
296049,0
296049,22
296049,8
296050,2
296050,0
296073,0
296073,7
296073,186
296073,1
296123,8
296134,1
296134,9
296134,5
296134,0
296188,1
296188,0
296188,2
296213,1
296213,0
296213,2
296426,5
296426,1
296426,3
296488,1
296488,3
296488,0
296489,1
296489,0
296521,1
296521,5
296532,1
296532,0
296532,5
296537,4
296538,6
296595,1
296595,5
296595,0
296675,1
296675,0
296687,0
296687,14
296726,0
296726,6
296726,7
296726,186
296726,1
296726,5
296726,3
296726,4
296726,15
296726,13
296734,0
296734,1
296734,5
296747,1
296747,0
296754,7
296754,186
296769,1
296769,5
296769,0
296804,0
296920,1
296925,0
296925,14
296925,20
296936,26
297068,1
297068,0
297160,0
297187,0
297320,0
297320,5
297320,1
297349,1
297381,1
297402,1
297402,3
297509,1
297509,0
297546,1
297546,12
297546,0
297660,1
297722,1
297722,5
297722,0
297725,0
297725,1
297727,22
297729,0
297729,5
297744,0
297766,0
297766,28
297766,1
297766,3
297766,4
297901,7
297901,186
297937,1
297937,0
297958,4
297958,3
297973,0
297973,1
298011,1
298033,1
298033,31
298033,20
298033,0
298058,15
298058,1
298058,5
298058,7
298058,186
298058,8
298075,0
298075,1
298075,4
298075,3
298127,1
298127,5
298127,0
298135,0
298169,1
298169,5
298169,0
298219,0
298219,5
298232,0
298235,2
298306,5
298306,1
298306,0
298357,0
298357,1
298389,7
298389,186
298408,1
298408,5
298408,0
298408,2
298408,18
298408,62
298409,0
298445,4
298448,1
298448,5
298448,3
298448,0
298449,1
298464,1
298464,0
298464,14
298587,13
298587,9
298587,27
298587,1
298587,2
298659,7
298659,186
298659,0
298659,1
298659,5
298738,1
298738,5
298738,0
298779,1
298779,0
298779,8
298800,1
298800,0
298800,4
298800,16
298820,0
298820,2
299015,0
299155,0
299176,0
299176,1
299176,5
299184,5
299184,1
299254,1
299254,7
299254,186
299254,0
299288,4
299288,1
299454,1
299489,7
299489,186
299490,1
299491,1
299491,0
299569,5
299569,7
299569,186
299569,1
299569,0
299814,0
299899,0
299923,0
299923,1
299923,5
299946,7
299946,186
299946,0
299946,1
299946,5
300006,7
300006,186
300006,5
300006,1
300006,0
300051,0
300157,0
300157,16
300159,0
300159,14
300159,13
300159,4
300187,0
300187,1
300258,1
300258,0
300266,0
300289,0
300289,2
300307,1
300485,0
300485,1
300485,8
300486,0
300486,7
300486,186
300502,0
300502,1
300502,6
300514,0
300514,1
300514,2
300514,24
300550,0
300550,1
300614,1
300614,31
300618,0
300625,0
300625,2
300625,1
300664,4
300664,1
300664,3
300664,8
300664,28
300664,10
300664,11
300664,9
300664,0
300664,2
300671,0
300682,1
300719,1
300719,5
300719,14
300719,0
300747,1
300747,0
300911,5
300911,1
300911,15
300911,0
300922,0
301003,1
301003,4
301003,3
301049,5
301049,0
301049,1
301049,3
301049,4
301049,13
301086,0
301086,1
301086,5
301086,4
301086,8
301086,9
301112,0
301112,1
301116,0
301264,0
301339,5
301339,1
301339,0
301343,0
301343,1
301387,0
301387,1
301515,4
301644,1
301644,5
301720,1
301720,0
301728,0
301728,1
301728,5
301729,1
301729,3
301796,0
301838,0
301893,5
301893,1
301893,7
301893,186
301893,0
301915,1
301915,0
301916,0
301916,9
301916,7
301916,186
301916,14
301959,5
301977,1
301977,0
301977,5
302083,0
302083,2
302083,1
302083,18
302083,62
302152,0
302158,1
302169,0
302358,1
302358,5
302381,0
302429,0
302494,0
302494,1
302494,3
302545,0
302554,0
302567,1
302567,7
302567,186
302567,0
302588,0
302588,1
302650,0
302650,1
302660,1
302674,1
302674,0
302674,32
302697,5
302697,1
302728,22
302862,1
302862,20
302862,0
302862,5
302862,6
302862,30
302862,144
302877,0
303043,0
303043,2
303126,0
303126,39
303126,13
303126,9
303128,0
303128,31
303128,10
303175,5
303175,15
303175,0
303206,5
303206,1
303234,1
303234,5
303325,0
303341,0
303483,0
303483,1
303483,12
303533,1
303612,1
303612,26
303639,6
303639,1
303665,14
303665,1
303665,0
303687,0
303767,5
303767,1
303810,1
303810,4
303864,7
303864,186
303864,5
303864,15
304006,0
304006,1
304018,5
304018,1
304122,0
304122,1
304122,3
304122,2
304122,6
304122,20
304123,0
304123,1
304284,1
304284,0
304295,8
304303,1
304303,5
304303,3
304305,0
304305,1
304355,16
304355,0
304369,1
304389,1
304389,0
304389,5
304429,12
304429,1
304459,4
304459,0
304520,0
304535,8
304535,22
304535,1
304535,5
304545,1
304636,4
304636,3
304636,1
304636,2
304636,0
304636,6
304675,0
304675,4
304675,1
304678,0
304846,3
304914,1
304914,5
304952,1
304952,8
304952,0
304956,3
304956,0
304956,18
304956,62
304956,7
304956,186
305062,0
305062,5
305062,1
305093,4
305093,0
305093,24
305093,37
305151,1
305162,1
305162,20
305171,0
305238,1
305238,0
305259,3
305259,4
305259,24
305259,2
305260,15
305260,1
305260,5
305300,6
305417,0
305417,1
305417,5
305458,0
305458,3
305458,1
305514,26
305514,31
305514,9
305516,30
305516,144
305526,21
305546,7
305546,186
305546,0
305631,0
305631,22
305709,0
305742,0
305742,4
305742,1
305749,32
305749,0
305842,5
305903,1
305903,0
305907,1
305950,10
305950,11
305950,4
305950,25
305950,1
306013,0
306013,20
306013,16
306083,0
306083,1
306151,18
306151,62
306151,1
306205,1
306205,9
306205,12
306212,0
306212,1
306341,0
306341,1
306341,12
306379,0
306379,1
306379,5
306404,0
306404,1
306445,5
306445,7
306445,186
306445,0
306465,1
306465,0
306468,6
306468,7
306468,186
306548,0
306548,1
306583,7
306583,186
306610,22
306635,0
306635,1
306635,2
306635,3
306668,5
306668,1
306685,3
306685,1
306708,0
306708,5
306708,1
306762,1
306893,1
306893,4
306999,28
306999,1
307002,1
307002,5
307002,0
307037,0
307037,2
307037,1
307046,1
307095,0
307095,1
307133,0
307161,2
307161,4
307161,0
307188,0
307188,16
307254,0
307495,1
307495,0
307495,2
307539,0
307539,7
307539,186
307539,1
307539,5
307539,9
307568,1
307568,12
307614,0
307614,1
307683,4
307683,1
307760,1
307760,4
307760,0
307760,7
307760,186
307764,1
307764,0
307764,4
307764,3
307787,1
307787,0
307787,12
307853,1
307853,0
307914,0
307914,1
307914,5
307994,0
307994,1
308065,0
308065,1
308080,22
308080,0
308080,9
308083,0
308083,1
308151,0
308151,1
308151,5
308230,0
308273,16
308273,0
308280,0
308280,2
308444,1
308469,1
308469,0
308731,1
308731,0
308751,0
308751,1
308752,1
308752,6
308752,3
308752,0
308865,0
308865,1
308865,3
308882,8
308882,0
308933,1
308933,0
308933,2
308981,1
308981,5
308981,13
308981,0
308994,1
309030,0
309030,7
309030,186
309030,1
309190,5
309190,1
309190,8
309190,7
309190,186
309190,3
309190,4
309190,0
309214,1
309214,0
309219,1
309219,12
309250,1
309250,5
309250,3
309267,7
309267,186
309267,0
309334,7
309334,186
309334,0
309334,21
309436,6
309436,8
309457,0
309457,1
309457,5
309473,1
309473,0
309485,0
309485,1
309525,1
309525,31
309543,4
309543,2
309551,1
309551,5
309551,0
309557,26
309618,0
309775,0
309809,0
309809,1
309815,0
309816,3
309816,1
309816,4
309816,0
309829,0
309829,1
309829,5
309871,1
309871,0
309883,0
309883,1
309902,0
309902,1
309902,12
309902,29
309924,0
309924,1
309924,5
309936,1
309936,0
309998,3
310004,1
310004,0
310004,18
310004,62
310004,2
310004,6
310005,1
310007,5
310007,1
310007,0
310067,1
310067,5
310074,0
310074,23
310074,1
310130,5
310130,1
310170,4
310170,0
310177,5
310177,1
310177,3
310177,0
310203,7
310203,186
310203,0
310206,0
310322,1
310343,4
310343,1
310370,0
310370,1
310372,7
310372,186
310373,0
310373,35
310373,2
310373,18
310373,62
310373,1
310373,14
310373,13
310373,4
310373,9
310462,5
310514,0
310514,8
310526,8
310526,26
310526,5
310526,1
310526,0
310565,1
310565,15
310565,5
310565,0
310599,1
310731,6
310731,31
310731,1
310744,1
310961,0
311065,0
311084,1
311084,0
311114,1
311167,0
311167,1
311210,1
311226,7
311226,186
311226,0
311226,1
311226,8
311232,1
311232,5
311232,0
311232,4
311232,31
311232,2
311300,1
311300,0
311300,5
311367,0
311368,0
311413,1
311413,7
311413,186
311497,0
311497,1
311502,1
311502,9
311502,4
311518,1
311525,0
311525,1
311525,5
311660,4
311660,1
311660,5
311660,2
311660,18
311660,62
311678,1
311695,16
311695,0
311740,0
311771,2
312056,7
312056,186
312056,1
312056,0
312056,5
312056,15
312089,0
312141,1
312141,14
312141,9
312143,1
312434,0
312434,5
312434,14
312435,1
312435,5
312435,0
312474,0
312474,1
312474,5
312558,1
312558,0
312558,20
312702,1
312702,8
312702,0
312707,0
312714,0
312714,4
312745,0
312769,0
312785,8
312785,4
312785,1
312836,1
312890,5
312890,0
312890,1
312890,29
312890,3
312890,4
312890,8
312890,2
312917,8
312917,0
312917,2
312917,1
312917,4
313058,0
313058,1
313099,1
313195,7
313195,186
313195,0
313279,0
313279,1
313388,1
313388,5
313388,0
313423,6
313423,0
313454,1
313454,3
313454,5
313454,6
313454,8
313469,0
313469,5
313469,1
313487,4
313487,3
313487,1
313506,1
313622,1
313622,5
313622,29
313622,8
313724,0
313724,1
313734,0
313734,31
313734,6
313734,1
313756,1
313756,0
313756,3
313756,5
313825,12
313825,1
313825,4
313829,0
313848,1
313848,2
313862,1
313862,0
313891,0
313891,1
314015,1
314063,0
314063,1
314141,1
314141,0
314276,0
314276,9
314276,1
314281,0
314293,0
314375,9
314375,1
314375,4
314375,31
314375,0
314414,0
314524,22
314656,5
314656,1
314656,7
314656,186
314656,0
314667,0
314729,0
314729,7
314729,186
314773,1
314773,5
314773,7
314773,186
314777,0
314777,1
314806,0
314806,1
314806,4
314843,5
314843,1
314843,0
314966,5
314987,1
314987,0
315000,1
315091,0
315091,5
315091,1
315098,0
315098,16
315114,1
315150,1
315150,0
315150,13
315150,4
315224,1
315224,0
315255,0
315255,5
315275,20
315309,7
315309,186
315309,5
315337,0
315375,0
315375,16
315375,2
315381,0
315381,5
315381,7
315381,186
315473,0
315474,4
315474,3
315474,9
315474,0
315545,0
315545,1
315545,3
315551,7
315551,186
315551,1
315647,1
315647,30
315647,144
315647,4
315653,1
315653,4
315742,22
315742,1
315918,1
315918,9
315958,0
315958,5
315958,1
316019,1
316019,4
316019,0
316132,1
316132,0
316188,0
316188,9
316231,0
316231,1
316262,0
316262,1
316262,26
316275,5
316275,1
316275,0
316462,0
316484,0
316514,1
316514,15
316586,0
316586,10
316647,5
316647,1
316651,5
316695,0
316733,1
316733,3
316815,1
316815,5
316815,15
316815,28
316846,0
316977,1
316977,4
316977,3
316977,0
316985,1
317047,7
317047,186
317047,5
317047,1
317088,1
317088,0
317092,0
317107,5
317107,1
317107,0
317310,15
317310,1
317387,3
317387,4
317387,1
317387,0
317393,0
317393,1
317393,5
317393,4
317430,0
317432,0
317432,1
317440,1
317440,0
317464,5
317464,1
317464,0
317464,4
317464,2
317519,0
317519,7
317519,186
317519,5
317519,1
317546,5
317546,1
317546,24
317546,8
317558,0
317558,1
317558,4
317638,14
317638,1
317638,4
317638,10
317638,9
317638,11
317693,1
317693,8
317693,0
317693,6
317693,32
317798,1
317798,0
317798,9
317812,1
317842,4
317842,17
317890,1
317890,5
317890,0
317992,0
317992,16
317992,20
318047,0
318049,0
318096,0
318096,16
318134,1
318134,0
318134,3
318190,1
318190,4
318190,3
318190,2
318190,0
318190,24
318190,6
318219,0
318219,1
318434,3
318444,0
318526,1
318526,0
318568,0
318633,4
318700,0
318700,1
318700,9
318700,4
318700,5
318700,15
318770,2
318770,0
318778,5
318817,0
318831,1
318907,5
318907,1
318907,0
318959,1
318959,5
319150,1
319150,5
319150,0
319207,1
319207,0
319207,2
319232,3
319237,1
319237,0
319357,0
319357,2
319357,18
319357,62
319452,16
319452,4
319452,1
319452,0
319452,14
319554,1
319586,0
319586,1
319586,6
319596,0
319596,8
319659,0
319659,1
319673,0
319673,1
319673,5
319673,4
319673,13
319758,0
319758,4
319758,1
319800,16
319800,0
319800,6
319800,20
319806,1
319837,0
319920,0
319920,1
319920,9
319920,4
319920,6
319920,14
319975,18
319975,62
319975,0
320001,7
320001,186
320001,26
320023,0
320023,1
320023,9
320041,1
320041,5
320041,7
320041,186
320041,0
320053,26
320053,13
320053,4
320053,9
320053,5
320053,1
320060,18
320060,62
320061,1
320061,5
320080,7
320080,186
320080,0
320090,1
320090,0
320090,25
320090,31
320129,0
320129,20
320129,1
320129,14
320144,1
320150,32
320150,1
320150,5
320150,31
320196,1
320222,0
320269,5
320269,1
320269,0
320279,0
320307,1
320359,1
320359,5
320359,0
320365,9
320365,1
320365,0
320365,18
320365,62
320522,2
320522,1
320539,0
320598,26
320598,1
320614,0
320625,0
320625,1
320671,5
320671,1
320735,15
320735,26
320735,1
320735,0
320822,1
320840,1
320840,0
320882,1
320951,0
321008,0
321008,30
321008,144
321008,1
321008,4
321008,3
321096,1
321131,1
321131,0
321159,0
321159,1
321178,5
321178,0
321178,1
321189,0
321269,1
321269,5
321415,4
321415,1
321415,0
321446,0
321446,1
321446,5
321479,1
321513,1
321513,5
321544,0
321571,0
321571,1
321571,5
321571,7
321571,186
321571,15
321593,0
321682,5
321682,1
321687,1
321726,1
321726,5
321726,14
321726,0
321739,0
321739,1
321739,5
321773,8
321773,0
321773,1
321859,0
321971,6
321971,1
321971,0
321998,7
321998,186
321998,5
321998,1
322033,39
322033,8
322033,17
322033,0
322033,1
322033,27
322186,0
322194,4
322194,3
322194,1
322194,2
322194,0
322194,24
322194,6
322234,5
322234,0
322252,0
322252,1
322255,1
322255,0
322317,0
322317,1
322352,0
322352,1
322377,1
322377,0
322382,1
322382,7
322382,186
322394,4
322394,3
322394,1
322394,2
322394,0
322394,6
322448,0
322494,14
322494,26
322494,9
322494,0
322494,5
322494,1
322494,7
322494,186
322538,0
322607,1
322607,0
322718,1
322718,0
322718,9
322731,0
322757,3
322757,1
322757,4
322757,0
322757,5
322757,18
322757,62
322776,1
322776,5
322805,7
322805,186
322825,1
322825,7
322825,186
322825,5
322825,0
322922,0
323009,1
323009,7
323009,186
323009,5
323042,5
323042,1
323042,0
323112,1
323112,5
323112,0
323115,1
323115,4
323131,8
323218,0
323218,7
323218,186
323218,22
323219,1
323219,0
323305,0
323307,0
323313,0
323327,7
323327,186
323327,5
323327,0
323341,1
323341,5
323355,1
323355,0
323388,0
323388,1
323450,39
323450,1
323450,0
323450,2
323534,1
323534,0
323549,1
323549,12
323549,0
323556,0
323645,0
323651,8
323651,0
323651,1
323651,5
323765,8
323765,1
323840,1
323840,0
323840,5
323900,0
323900,1
323909,1
323909,5
323909,0
323960,0
323960,1
324031,1
324031,3
324083,5
324083,0
324093,0
324119,5
324119,1
324119,7
324119,186
324186,0
324186,5
324186,1
324214,16
324237,0
324237,1
324357,0
324357,1
324357,22
324407,1
324446,8
324450,0
324460,1
324494,0
324494,1
324554,1
324554,2
324554,18
324554,62
324554,15
324554,5
324590,1
324590,0
324618,0
324618,16
324657,0
324657,9
324657,10
324673,0
324673,5
324673,1
324673,2
324673,18
324673,62
324685,1
324685,0
324685,5
324685,4
324765,1
324765,3
324765,4
324824,5
324824,1
324824,3
324824,4
324824,0
324824,7
324824,186
324866,5
324866,1
324880,15
324880,1
324880,26
324880,44
324895,0
324921,0
324921,5
324921,1
324921,15
324921,4
325050,0
325110,0
325110,1
325110,4
325110,3
325224,1
325250,26
325250,14
325250,13
325250,4
325250,1
325329,0
325329,2
325329,1
325329,5
325329,7
325329,186
325342,0
325342,5
325342,1
325365,0
325365,1
325401,0
325401,1
325406,1
325406,3
325406,4
325519,0
325519,1
325519,7
325519,186
325546,0
325546,1
325546,16
325546,2
325586,0
325586,1
325931,0
325931,1
325931,5
325967,12
325967,6
326049,1
326098,1
326098,4
326138,1
326138,4
326138,3
326138,0
326209,0
326284,0
326359,1
326359,4
326359,3
326359,2
326359,18
326359,62
326438,0
326438,1
326438,5
326519,1
326519,5
326541,0
326541,1
326541,5
326541,7
326541,186
326553,3
326553,4
326553,0
326583,0
326597,0
326597,1
326642,4
326859,10
326859,1
326859,14
326865,0
326890,1
326890,0
326930,8
326930,1
326955,8
326961,24
326961,1
326961,4
327064,1
327216,5
327216,1
327216,21
327264,1
327278,0
327278,2
327311,1
327311,0
327332,0
327332,5
327387,7
327387,186
327387,5
327411,36
327411,8
327471,1
327495,0
327495,2
327495,1
327495,4
327495,26
327495,3
327524,0
327524,16
327524,1
327524,14
327524,5
327534,4
327551,16
327551,0
327562,2
327620,0
327620,2
327623,0
327658,1
327658,0
327667,1
327667,0
327696,0
327800,5
327800,0
327832,1
327832,3
327832,4
327832,13
327832,0
327865,1
327874,6
327874,31
327874,1
327901,22
327911,16
327911,1
327911,5
327960,0
327960,5
327960,1
327960,3
327975,0
327975,2
327975,8
328069,1
328086,0
328086,16
328086,14
328115,0
328115,6
328115,1
328213,1
328213,0
328243,0
328262,0
328262,4
328293,1
328293,13
328342,5
328395,1
328395,0
328406,1
328406,0
328406,3
328406,4
328444,1
328444,5
328444,0
328534,0
328534,1
328579,0
328579,14
328579,1
328579,20
328579,5
328693,0
328708,1
328708,3
328713,4
328713,3
328713,0
328713,12
328774,1
328914,9
328914,20
328914,0
328958,0
329042,8
329042,4
329042,9
329042,13
329042,1
329068,1
329090,1
329090,5
329090,7
329090,186
329112,0
329112,7
329112,186
329112,1
329117,10
329123,1
329128,0
329160,22
329160,0
329205,0
329205,5
329205,1
329206,0
329224,22
329224,0
329224,16
329224,1
329224,5
329224,7
329224,186
329224,15
329325,15
329350,0
329350,1
329350,5
329404,1
329478,0
329478,1
329537,0
329541,22
329541,1
329548,8
329621,8
329695,0
329695,2
329695,1
329695,4
329695,5
329695,18
329695,62
329701,7
329701,186
329701,0
329775,5
329775,1
329807,0
329811,0
329811,1
329837,0
329837,2
329837,4
329837,13
329837,1
329837,5
329837,3
329878,0
329892,1
329927,1
329927,0
330117,0
330161,0
330161,7
330161,186
330243,8
330243,0
330243,16
330243,1
330243,3
330256,3
330256,4
330313,1
330313,0
330313,2
330339,0
330339,5
330339,1
330373,5
330373,0
330373,1
330373,14
330374,1
330374,0
330374,3
330374,4
330374,6
330391,8
330391,4
330391,9
330391,13
330391,7
330391,186
330391,1
330425,1
330425,5
330425,15
330425,0
330491,0
330563,1
330563,4
330563,9
330563,0
330573,0
330573,1
330588,0
330588,1
330664,0
330664,1
330664,5
330697,7
330697,186
330706,0
330724,0
330724,16
330733,10
330733,4
330733,9
330733,0
330733,7
330733,186
330733,5
330733,1
330750,0
330750,1
330750,5
330774,1
330774,0
330774,2
330999,0
331029,0
331029,9
331029,7
331029,186
331029,1
331029,5
331090,0
331153,0
331153,22
331237,4
331237,3
331237,1
331257,0
331257,1
331341,1
331341,3
331341,4
331341,0
331519,0
331521,7
331521,186
331521,0
331521,1
331521,5
331604,1
331604,4
331604,9
331629,1
331629,5
331642,0
331687,1
331687,5
331833,2
331833,24
331833,4
331833,1
331921,9
331921,11
331921,10
331936,7
331936,186
331936,0
332090,1
332090,0
332110,0
332110,1
332110,5
332120,20
332147,0
332147,1
332163,1
332163,4
332251,5
332251,1
332283,1
332283,5
332307,0
332307,1
332391,1
332391,5
332391,9
332391,0
332404,0
332404,1
332404,7
332404,186
332404,22
332426,10
332478,0
332478,1
332502,4
332502,19
332502,43
332507,1
332507,0
332664,1
332664,0
332755,0
332755,4
332758,15
332758,1
332816,0
332816,1
332940,0
333030,0
333133,0
333133,4
333133,1
333159,0
333183,5
333183,0
333183,2
333183,1
333183,9
333195,0
333195,5
333195,1
333195,3
333195,4
333195,13
333195,7
333195,186
333212,0
333212,5
333212,1
333212,21
333238,1
333238,5
333238,0
333309,1
333399,1
333399,0
333512,10
333512,0
333512,1
333726,0
333726,1
333726,3
333747,5
333747,15
333747,0
333779,1
333779,5
333779,0
333788,1
333788,3
333788,0
333812,5
333812,1
333971,0
333996,0
334018,3
334018,4
334018,0
334018,8
334128,1
334150,0
334178,0
334198,1
334198,0
334198,5
334261,1
334349,0
334349,1
334349,5
334349,15
334349,4
334349,3
334349,29
334372,1
334372,3
334372,0
334423,0
334423,1
334423,3
334423,4
334423,5
334457,1
334457,0
334457,2
334507,0
334515,4
334515,3
334543,0
334543,2
334543,1
334543,4
334543,3
334571,1
334646,0
334646,1
334651,0
334676,0
334676,8
334756,1
334756,0
334756,2
334879,14
334879,0
334879,16
334897,0
334897,7
334897,186
334915,0
334943,1
334943,18
334943,62
334987,0
334987,28
334987,1
335112,5
335112,1
335112,0
335150,0
335150,1
335233,0
335233,1
335236,1
335240,1
335259,4
335259,1
335259,8
335259,33
335280,1
335280,0
335280,5
335315,1
335315,0
335429,3
335429,0
335504,1
335504,0
335526,1
335547,0
335547,5
335547,1
335547,20
335552,1
335552,0
335562,0
335621,3
335656,0
335656,5
335656,1
335656,7
335656,186
335656,2
335656,3
335656,9
335669,3
335669,7
335669,186
335669,5
335669,1
335669,0
335737,1
335737,0
335782,0
335782,1
335782,4
335782,8
335791,0
335791,1
335836,0
335836,1
335836,5
335914,5
335914,0
335914,1
335914,3
335914,4
335914,13
335931,1
335931,0
335938,1
335938,0
336003,7
336003,186
336037,1
336037,4
336037,0
336082,18
336082,62
336131,0
336141,1
336164,0
336164,1
336170,4
336261,0
336261,1
336261,5
336261,3
336358,4
336358,0
336454,1
336454,5
336515,0
336572,1
336572,0
336594,1
336594,5
336639,1
336639,17
336639,4
336639,3
336735,1
336735,5
336735,0
336735,2
336753,9
336753,17
336753,1
336753,4
336777,5
336800,39
336811,1
336811,9
336814,1
336818,0
336882,7
336882,186
336882,3
336882,4
336882,1
336930,1
336966,1
336966,15
336966,0
336997,8
336997,0
336997,1
336997,3
336997,4
337049,0
337049,1
337164,1
337164,8
337164,4
337164,13
337164,0
337177,7
337177,186
337177,1
337253,5
337253,1
337253,0
337253,7
337253,186
337265,0
337265,1
337366,20
337366,12
337366,1
337372,0
337372,1
337372,7
337372,186
337372,5
337372,4
337459,0
337459,5
337459,1
337504,1
337504,5
337504,7
337504,186
337538,1
337560,0
337560,7
337560,186
337708,0
337708,1
337781,0
337785,0
337852,0
337852,1
337885,1
337885,5
337885,0
337885,4
337902,0
337902,4
337920,1
337920,6
338015,1
338017,1
338017,4
338037,1
338054,0
338067,4
338067,17
338067,11
338070,0
338150,1
338150,6
338150,0
338233,1
338233,0
338233,4
338250,13
338250,14
338250,1
338250,5
338250,4
338250,0
338250,21
338250,7
338250,186
338250,15
338289,0
338291,1
338291,5
338291,0
338291,2
338353,1
338353,0
338362,5
338362,7
338362,186
338362,1
338409,1
338409,0
338409,12
338483,1
338483,5
338483,0
338613,27
338613,1
338613,3
338689,0
338689,9
338689,17
338689,13
338689,39
338741,1
338741,5
338747,1
338747,4
338747,3
338747,0
338785,1
338789,1
338789,5
338789,0
338904,4
339030,8
339030,1
339030,0
339148,1
339148,0
339148,5
339148,13
339148,3
339148,7
339148,186
339286,7
339286,186
339352,5
339352,1
339352,0
339380,0
339401,1
339407,4
339407,0
339407,1
339407,18
339407,62
339407,20
339407,8
339422,0
339422,1
339422,2
339422,4
339422,6
339432,7
339432,186
339432,22
339432,8
339458,0
339458,1
339558,0
339558,16
339558,1
339642,0
339642,1
339642,4
339642,6
339670,4
339670,3
339670,1
339670,2
339670,0
339670,24
339670,6
339675,0
339675,1
339682,1
339682,0
339732,1
339732,5
339754,0
339754,1
339775,3
339775,1
339790,0
339814,4
339814,1
339825,0
339825,1
339844,23
339844,0
339957,0
339957,5
339957,1
339957,7
339957,186
340092,0
340092,1
340092,22
340135,1
340146,5
340167,1
340167,26
340167,13
340167,5
340167,0
340200,0
340254,5
340254,1
340254,15
340254,6
340254,0
340313,35
340313,4
340320,1
340320,13
340320,3
340396,0
340414,1
340414,0
340429,0
340429,1
340429,3
340468,9
340468,11
340468,0
340477,8
340477,1
340477,12
340581,0
340581,1
340581,26
340581,7
340581,186
340581,5
340646,1
340694,0
340694,1
340698,0
340698,27
340698,4
340698,1
340698,3
340698,2
340718,0
340718,7
340718,186
340727,1
340763,1
340763,0
340781,0
340781,7
340781,186
340781,1
340792,0
340792,3
340792,1
340792,4
340798,4
340798,0
340798,5
340798,1
340823,7
340823,186
340823,0
340823,5
340823,1
340823,15
340866,0
340866,1
340866,14
340866,30
340866,144
340866,25
340932,1
340952,0
340952,1
340997,0
341056,0
341056,1
341056,5
341080,8
341090,7
341090,186
341090,5
341106,1
341106,5
341106,4
341106,3
341106,18
341106,62
341119,1
341119,5
341119,0
341119,9
341191,5
341191,0
341191,1
341191,3
341191,4
341196,1
341196,4
341196,0
341204,0
341204,7
341204,186
341261,1
341261,4
341261,0
341261,12
341444,5
341457,0
341457,28
341457,4
341457,3
341457,1
341474,0
341474,1
341474,4
341474,9
341588,0
341588,1
341588,4
341588,3
341610,1
341652,0
341652,1
341715,1
341715,0
341715,5
341800,1
341803,3
341803,1
341803,8
341803,4
341803,6
341815,0
341815,1
341815,12
341857,8
341857,4
341857,26
341857,13
341857,31
341916,3
341916,1
341916,5
341930,0
341930,1
341930,5
341947,8
341957,1
342168,1
342168,9
342168,17
342168,26
342175,1
342175,0
342244,14
342244,8
342244,0
342328,1
342417,0
342417,2
342417,1
342457,0
342472,1
342472,5
342518,0
342518,1
342648,0
342648,1
342648,5
342689,0
342689,2
342689,4
342689,3
342689,1
342696,0
342754,1
342767,0
342782,0
342782,6
342821,5
342821,1
342821,0
342915,0
342915,1
342915,16
343095,0
343095,3
343095,4
343095,6
343095,22
343100,0
343118,7
343118,186
343118,5
343170,0
343220,1
343272,1
343272,0
343321,0
343321,5
343503,1
343503,4
343617,5
343617,1
343655,0
343655,1
343681,0
343681,4
343681,10
343701,0
343701,1
343701,3
343701,5
343701,4
343714,1
343740,0
343878,4
343878,14
343878,9
343878,10
343878,11
343882,1
343882,0
344018,0
344018,9
344018,1
344028,4
344028,0
344068,9
344068,11
344191,1
344191,0
344191,32
344240,0
344240,4
344240,1
344271,8
344357,0
344411,4
344411,1
344411,9
344411,27
344411,11
344508,0
344654,5
344654,1
344699,0
344720,1
344720,0
344751,0
344789,1
344802,0
344802,1
344804,1
344811,8
344830,5
344830,1
344830,7
344830,186
344859,4
344859,31
344859,1
344859,6
344938,0
344938,1
344988,4
344988,1
344988,3
344988,14
345070,1
345070,0
345102,1
345102,0
345110,1
345220,0
345220,22
345315,1
345315,0
345326,1
345406,0
345406,1
345406,14
345406,4
345406,22
345414,14
345475,1
345475,0
345513,0
345513,1
345513,3
345542,1
345542,6
345548,1
345552,0
345552,1
345600,0
345600,1
345608,0
345608,1
345608,5
345616,1
345847,1
345847,0
345902,8
345902,1
345902,0
345902,12
345948,0
345948,1
345948,8
345988,0
345995,1
345995,30
345995,144
345995,0
345995,8
346000,1
346000,4
346000,26
346000,29
346000,3
346000,43
346030,1
346030,2
346065,1
346087,0
346087,1
346095,4
346095,1
346247,0
346247,1
346247,5
346247,3
346258,0
346258,2
346258,1
346258,4
346258,26
346295,1
346369,1
346385,1
346397,0
346484,1
346484,3
346484,5
346487,8
346487,4
346487,1
346487,13
346487,28
346505,1
346505,0
346524,1
346524,3
346524,0
346653,1
346653,5
346653,0
346663,1
346663,5
346663,0
346721,8
346721,1
346721,4
346721,0
346863,4
346863,6
347008,3
347008,4
347008,0
347086,1
347117,0
347148,0
347148,1
347148,3
347148,39
347214,0
347248,0
347264,13
347264,26
347298,1
347298,9
347337,0
347337,1
347337,7
347337,186
347344,6
347344,1
347358,7
347358,186
347384,0
347384,1
347384,5
347422,0
347447,0
347449,5
347449,1
347449,9
347449,0
347449,7
347449,186
347504,0
347504,7
347504,186
347504,5
347504,1
347538,2
347538,18
347538,62
347552,0
347552,1
347552,5
347593,1
347633,0
347633,1
347667,0
347667,1
347779,1
347841,1
347841,0
347841,8
347841,18
347841,62
347878,3
347878,1
347878,4
347878,2
347878,0
347893,0
347904,7
347904,186
347904,0
347904,5
347971,1
347971,22
347971,0
347971,7
347971,186
347992,1
348050,1
348050,0
348058,7
348058,186
348058,0
348058,5
348058,1
348273,1
348326,0
348326,1
348326,7
348326,186
348326,8
348494,0
348494,5
348494,1
348494,3
348494,4
348494,13
348494,7
348494,186
348515,1
348537,0
348537,1
348537,4
348537,8
348560,1
348632,0
348635,1
348663,1
348663,0
348663,2
348663,18
348663,62
348702,5
348702,1
348702,0
348702,2
348710,1
348710,2
348717,0
348717,1
348717,2
348717,5
348717,4
348720,0
348745,0
348745,16
348858,0
348858,14
348858,18
348858,62
348864,0
348869,1
348994,1
348994,5
348994,0
349051,0
349051,9
349051,7
349051,186
349057,0
349057,1
349107,0
349231,0
349231,8
349263,8
349263,0
349263,1
349263,5
349356,4
349356,9
349356,10
349356,11
349431,0
349460,9
349511,0
349518,28
349518,1
349518,4
349567,1
349567,15
349567,8
349569,1
349569,5
349569,6
349570,0
349570,18
349570,62
349570,3
349570,4
349673,0
349673,1
349715,0
349715,2
349715,4
349715,3
349715,1
349766,1
349766,4
349773,0
349773,1
349838,1
349903,0
349907,0
349976,23
349976,0
350059,1
350059,4
350059,13
350059,0
350059,26
350122,0
350122,7
350122,186
350122,1
350122,4
350122,5
350312,0
350312,5
350312,7
350312,186
350312,15
350312,22
350312,4
350312,1
350312,25
350322,1
350322,0
350368,0
350525,0
350525,8
350568,0
350581,0
350590,0
350590,2
350597,8
350601,4
350601,3
350601,1
350601,2
350601,0
350601,24
350601,6
350695,4
350695,1
350695,39
350695,8
350722,1
350750,16
350750,0
350832,8
350834,1
350834,0
350838,0
350838,1
350842,1
350983,5
350983,1
350983,12
350983,6
350989,1
350989,7
350989,186
351021,1
351021,5
351021,0
351124,0
351132,0
351132,1
351132,5
351350,1
351350,4
351350,3
351350,2
351350,0
351354,3
351354,4
351354,0
351354,1
351354,8
351413,0
351426,1
351426,7
351426,186
351426,0
351469,0
351469,1
351485,1
351556,26
351556,0
351556,1
351556,5
351597,8
351597,1
351657,0
351657,6
351725,1
351725,4
351725,5
351739,0
351739,1
351785,0
351785,1
351785,5
351785,7
351785,186
351801,1
351801,5
351801,3
351801,0
351891,1
351891,3
351891,4
351951,5
351951,1
351977,6
351981,0
351981,1
352008,1
352049,0
352049,1
352213,0
352213,1
352213,4
352213,5
352243,0
352247,0
352247,1
352247,5
352247,4
352280,1
352280,4
352295,1
352295,5
352295,7
352295,186
352295,2
352329,0
352402,0
352403,21
352403,8
352428,5
352428,1
352493,1
352526,1
352526,0
352566,0
352640,1
352640,0
352640,4
352711,0
352711,5
352711,1
352769,0
352769,7
352769,186
352769,5
352769,1
352776,0
352966,0
352966,5
352966,22
353007,5
353007,1
353040,0
353114,7
353114,186
353181,1
353255,1
353255,0
353284,0
353288,0
353305,7
353305,186
353305,0
353328,1
353328,27
353328,9
353338,0
353338,1
353338,22
353345,7
353345,186
353345,0
353345,1
353451,0
353451,4
353471,1
353471,0
353540,1
353544,0
353544,1
353604,1
353604,0
353629,1
353654,5
353654,1
353661,1
353661,3
353661,5
353668,1
353670,1
353670,4
353671,1
353749,1
353749,5
353749,15
353749,0
353772,0
353772,4
353772,1
353772,3
353891,0
353891,1
353911,1
353911,5
353911,13
353960,1
353960,0
353983,1
353983,0
353983,8
354215,1
354215,5
354218,0
354218,1
354218,5
354302,4
354346,0
354429,1
354429,0
354446,5
354446,1
354446,0
354463,3
354463,2
354463,18
354463,62
354496,3
354496,4
354496,0
354496,1
354496,16
354496,2
354511,1
354511,0
354586,0
354608,14
354671,1
354671,0
354671,2
354671,13
354671,39
354671,8
354774,0
354774,1
354789,0
354790,1
354801,0
355039,0
355039,7
355039,186
355047,5
355047,1
355047,31
355148,0
355148,2
355148,1
355148,5
355168,1
355188,6
355188,0
355188,2
355188,1
355254,0
355254,1
355254,5
355255,26
355255,5
355255,0
355255,1
355292,1
355333,0
355333,1
355333,5
355377,4
355377,1
355377,0
355402,1
355519,25
355519,4
355519,0
355553,3
355553,0
355764,0
355764,1
355990,0
355990,28
355990,1
356031,1
356031,0
356031,5
356055,0
356128,1
356128,5
356128,7
356128,186
356128,0
356137,1
356137,5
356137,0
356197,0
356214,1
356214,0
356236,3
356236,24
356236,7
356236,186
356236,5
356236,1
356281,0
356293,1
356293,5
356293,4
356333,20
356396,0
356541,1
356541,4
356546,0
356546,1
356598,1
356598,0
356663,1
356663,0
356750,5
356750,1
356750,0
356751,0
356751,2
356751,18
356751,62
356751,1
356751,4
356751,3
356751,10
356751,11
356751,9
356824,0
356824,14
356874,5
356874,1
356874,0
356874,7
356874,186
357104,0
357104,1
357128,1
357128,0
357204,0
357204,1
357222,0
357222,1
357249,1
357249,3
357249,0
357260,5
357260,1
357260,15
357260,30
357260,144
357267,1
357267,0
357382,1
357382,0
357404,1
357493,0
357549,1
357549,3
357549,4
357569,0
357569,1
357569,5
357615,1
357615,3
357681,1
357681,0
357681,3
357706,0
357706,1
357784,0
357802,1
357802,3
357802,5
357805,4
357805,1
357805,28
357805,18
357805,62
357859,7
357859,186
357859,0
357990,0
357998,0
357998,14
358039,1
358131,1
358131,5
358133,1
358166,1
358239,1
358239,5
358239,26
358265,1
358265,5
358374,7
358374,186
358374,1
358374,5
358506,7
358506,186
358531,8
358531,0
358566,0
358656,30
358656,144
358656,0
358656,1
358656,3
358656,4
358656,2
358763,0
358809,0
358809,2
358866,0
358866,1
358866,5
358866,26
358969,0
358970,1
359010,0
359010,1
359010,2
359175,1
359175,0
359175,8
359414,0
359414,1
359431,1
359511,0
359511,1
359612,0
359612,2
359612,1
359612,27
359760,0
359760,4
359760,3
359760,1
359760,9
359763,0
359763,1
359843,0
359843,1
359843,9
359843,22
359884,1
359899,7
359899,186
359899,0
359959,6
359959,1
359971,0
359971,5
359971,1
359999,3
359999,1
359999,4
359999,0
359999,5
359999,18
359999,62
360339,0
360339,26
360347,0
360347,1
360347,3
360347,5
360416,0
360416,1
360512,0
360532,0
360532,1
360583,1
360583,5
360583,9
360583,10
360583,18
360583,62
360605,1
360605,0
360673,0
360673,1
360673,12
360691,1
360691,0
360780,4
360780,1
360780,0
360867,0
360867,2
360867,1
360901,12
360901,1
360901,0
360937,1
360937,0
360964,5
360964,1
360964,44
361269,0
361269,1
361463,0
361487,9
361576,0
361576,1
361639,4
361639,1
361639,14
361639,26
361639,13
361639,0
361639,2
361662,1
361662,14
361662,13
361662,4
361694,4
361714,1
361788,0
361788,1
362007,0
362007,1
362010,5
362010,1
362010,0
362020,1
362039,5
362039,1
362078,1
362078,0
362120,0
362120,1
362154,1
362154,0
362259,1
362259,3
362286,0
362286,7
362286,186
362286,5
362286,1
362287,1
362287,3
362303,0
362303,1
362303,5
362339,5
362339,1
362339,0
362343,1
362343,5
362343,0
362355,1
362355,0
362355,8
362356,0
362402,1
362402,5
362809,7
362809,186
362809,5
362809,1
362815,1
362900,1
362900,5
362900,4
362900,0
362935,1
362935,5
362935,0
362971,0
362971,1
362972,0
362972,1
362972,5
363084,1
363087,1
363087,0
363087,2
363087,4
363087,14
363087,26
363087,13
363087,31
363087,6
363104,0
363104,1
363218,1
363333,1
363333,4
363379,7
363379,186
363438,0
363453,1
363472,0
363472,5
363472,1
363519,1
363519,0
363526,0
363526,8
363565,1
363565,14
363568,1
363568,4
363589,1
363730,1
363730,2
363730,0
363752,0
363752,1
363752,4
363829,0
363854,5
363905,5
363905,1
363911,7
363911,186
363911,0
363949,0
363963,5
363963,1
363963,0
363963,22
363963,10
363963,11
363981,0
364070,1
364070,3
364101,4
364101,10
364145,26
364145,32
364236,13
364236,1
364257,1
364356,1
364356,5
364356,4
364356,13
364366,1
364366,5
364444,0
364444,1
364447,1
364447,0
364447,4
364447,3
364455,32
364455,1
364455,0
364455,10
364455,11
364455,9
364499,2
364499,0
364499,1
364569,4
364569,25
364569,1
364569,18
364569,62
364691,0
364691,3
364691,1
364691,4
364691,8
364691,39
364691,12
364695,0
364754,5
364754,1
364754,0
364754,4
364782,0
364804,0
364804,1
364804,3
364828,14
364828,4
364828,1
364828,0
364876,1
364876,5
364876,0
364876,3
364951,1
364951,5
364951,3
364951,4
365028,1
365028,5
365041,4
365041,26
365081,0
365083,1
365089,0
365089,1
365092,0
365092,1
365104,0
365104,1
365140,22
365167,5
365167,1
365167,7
365167,186
365167,15
365171,0
365171,4
365171,1
365171,2
365175,0
365305,1
365401,0
365401,2
365438,0
365438,25
365443,0
365443,1
365443,20
365556,1
365556,0
365605,1
365605,4
365605,27
365797,4
365797,0
365797,14
365804,29
365926,0
365926,21
365965,26
365997,1
365997,0
365997,7
365997,186
365997,5
366013,1
366013,0
366013,4
366013,19
366016,1
366016,5
366040,1
366080,30
366080,144
366080,1
366164,0
366164,3
366164,2
366164,1
366237,5
366237,1
366237,0
366268,1
366268,30
366268,144
366268,4
366268,3
366268,8
366291,0
366357,1
366357,0
366426,0
366426,1
366426,5
366426,3
366426,2
366506,0
366506,1
366590,1
366590,5
366615,1
366615,15
366615,13
366615,4
366615,14
366755,1
366755,4
366786,0
366903,0
366903,1
366903,5
366916,6
366916,1
366951,0
366951,1
367023,1
367023,3
367023,0
367046,0
367046,1
367152,1
367152,0
367162,4
367162,19
367173,1
367173,5
367202,1
367243,0
367243,1
367243,5
367244,0
367244,1
367244,6
367356,5
367356,1
367390,1
367390,0
367390,2
367390,24
367397,28
367397,1
367397,20
367397,12
367397,0
367465,1
367567,0
367567,2
367587,0
367673,0
367673,14
367703,1
367789,0
367789,10
367789,9
367844,1
367844,5
367844,7
367844,186
367844,15
367852,4
367852,3
367852,1
367852,0
367865,8
367865,4
367865,13
367865,0
367869,0
367869,1
367869,7
367869,186
367869,15
367869,5
367994,0
367994,1
368062,1
368062,4
368093,0
368093,1
368261,1
368261,0
368265,4
368265,1
368265,33
368289,0
368289,7
368289,186
368289,5
368289,1
368332,1
368367,1
368367,4
368367,8
368393,0
368393,1
368432,5
368432,1
368432,0
368517,0
368530,1
368530,0
368530,6
368573,16
368573,0
368578,0
368578,1
368578,4
368578,18
368578,62
368581,0
368584,1
368584,0
368584,3
368645,0
368645,1
368645,5
368645,4
368645,13
368645,14
368645,12
368645,20
368655,0
368655,1
368655,4
368655,3
368655,2
368655,18
368655,62
368675,0
368675,1
368700,1
368700,8
368787,7
368787,186
368787,0
368787,9
368889,5
368889,1
368889,0
368943,7
368943,186
368943,5
368943,1
368994,0
368994,14
368994,1
369040,4
369040,1
369040,3
369095,4
369095,1
369095,0
369095,28
369095,18
369095,62
369150,5
369150,0
369187,1
369187,0
369192,0
369192,2
369192,18
369192,62
369192,1
369192,9
369230,1
369245,5
369245,1
369245,3
369245,26
369245,4
369245,29
369329,1
369388,0
369388,1
369390,7
369390,186
369390,9
369390,0
369390,5
369390,15
369390,1
369481,5
369481,1
369716,1
369912,1
369912,3
369912,0
369933,6
369933,18
369933,62
369933,1
369933,4
369988,1
370052,1
370052,0
370100,5
370100,1
370100,13
370100,9
370100,8
370202,6
370202,1
370202,3
370202,0
370228,0
370365,1
370369,1
370380,17
370380,0
370380,2
370391,22
370391,0
370441,1
370441,15
370441,8
370447,14
370476,1
370476,0
370476,12
370476,2
370476,18
370476,62
370502,1
370575,1
370575,0
370583,0
370583,5
370583,7
370583,186
370583,1
370612,1
370645,1
370645,0
370691,0
370691,3
370691,1
370705,1
370705,5
370739,0
370739,22
370739,15
370739,4
370781,1
370781,3
370827,5
370849,0
370883,0
370887,1
370887,5
370887,12
370887,0
370887,2
370887,18
370887,62
370887,3
370887,4
370887,26
370897,0
370897,1
370941,1
370992,1
370992,3
371020,8
371020,0
371020,1
371081,1
371081,8
371081,0
371284,5
371284,1
371284,3
371284,0
371298,1
371298,0
371324,7
371324,186
371324,0
371466,0
371472,0
371472,1
371522,0
371522,1
371522,6
371522,2
371522,9
371522,4
371539,34
371539,35
371539,26
371592,0
371592,2
371592,1
371592,4
371592,3
371640,0
371640,1
371640,9
371653,1
371653,0
371676,1
371676,0
371676,3
371753,0
371753,8
371774,7
371774,186
371774,0
371812,5
371812,1
371820,0
371820,7
371820,186
371851,26
371851,1
371851,5
371851,7
371851,186
371851,0
371854,0
371867,1
371884,1
371884,5
371884,0
371896,3
371896,1
371896,0
371896,28
371914,0
371914,5
371914,1
371914,15
371914,26
371914,13
371914,4
371959,1
372003,1
372003,6
372003,0
372080,0
372106,0
372106,2
372327,0
372327,1
372327,7
372327,186
372327,5
372438,0
372450,1
372450,5
372450,0
372499,4
372499,2
372499,24
372626,0
372626,2
372655,5
372655,4
372655,13
372665,1
372688,2
372693,1
372693,0
372693,7
372693,186
372693,5
372938,1
372938,0
372979,4
372979,3
372979,1
372979,12
372979,2
372984,5
372984,1
372987,5
372987,0
372987,7
372987,186
372987,18
372987,62
373079,5
373079,1
373079,0
373079,7
373079,186
373087,0
373087,1
373329,12
373329,30
373329,144
373329,31
373329,25
373329,6
373329,1
373425,1
373425,44
373425,15
373450,0
373450,20
373542,1
373542,5
373542,15
373542,0
373559,12
373559,6
373660,0
373660,1
373660,6
373686,1
373686,4
373686,8
373686,26
373686,13
373686,31
373686,30
373686,144
373700,1
373709,2
373781,1
373836,9
373836,11
373849,2
373849,7
373849,186
373849,0
373849,5
373849,1
373872,5
373872,1
373872,0
373872,7
373872,186
373879,0
373893,1
373893,7
373893,186
373893,0
374034,0
374034,8
374069,1
374069,5
374092,1
374134,0
374158,1
374158,0
374217,0
374273,0
374273,1
374286,0
374286,1
374288,1
374288,0
374366,1
374366,0
374432,1
374442,4
374482,14
374520,0
374535,32
374582,8
374596,3
374596,1
374596,0
374596,2
374607,23
374607,1
374607,4
374696,0
374708,0
374757,5
374757,1
374757,0
374838,4
374838,1
374838,3
374841,26
374872,8
374885,1
374885,4
374885,9
374885,0
374885,31
374885,25
374891,0
374891,1
374923,4
374923,1
374923,30
374923,144
374991,1
374993,4
374993,0
374993,2
374993,10
374993,11
374993,9
375032,1
375032,0
375065,5
375065,1
375065,7
375065,186
375093,8
375093,0
375129,8
375139,0
375175,0
375198,0
375219,1
375251,1
375251,0
375252,2
375252,0
375252,18
375252,62
375252,4
375294,0
375294,1
375309,0
375369,7
375369,186
375433,26
375501,7
375501,186
375501,0
375501,5
375501,1
375522,1
375522,0
375538,0
375548,5
375548,1
375548,0
375662,0
375728,0
375728,1
375757,0
375757,1
375757,3
375757,5
375764,1
375939,0
375939,4
375939,1
375975,4
375975,1
375975,3
375975,0
375977,8
375991,0
375991,1
375991,3
375991,4
376046,4
376046,3
376166,18
376166,62
376166,0
376246,0
376246,1
376357,1
376357,0
376442,0
376462,0
376497,0
376497,9
376497,7
376497,186
376542,4
376585,1
376609,0
376628,0
376628,1
376628,12
376654,0
376654,1
376654,5
376660,1
376660,7
376660,186
376660,5
376660,0
376772,0
376815,0
376815,7
376815,186
376815,5
376815,1
376874,0
376874,1
376899,1
376971,0
376980,7
376980,186
376980,1
376980,0
377031,1
377031,0
377092,1
377092,0
377092,3
377153,1
377153,0
377306,1
377328,26
377542,7
377542,186
377542,0
377542,5
377542,1
377603,8
377603,1
377603,0
377603,5
377614,0
377617,1
377617,26
377619,1
377629,0
377662,1
377662,4
377662,3
377662,2
377662,0
377662,24
377662,6
377707,0
377707,28
377707,1
377791,0
377791,1
377791,5
377791,8
377870,0
377870,7
377870,186
377870,1
377870,5
377936,1
377947,0
377947,1
378003,0
378003,1
378055,0
378055,1
378060,0
378060,1
378060,6
378070,4
378070,1
378070,0
378194,0
378218,0
378218,1
378218,5
378222,0
378222,1
378316,1
378316,4
378316,0
378316,2
378437,1
378448,1
378448,5
378448,0
378448,4
378486,0
378486,16
378486,14
378486,1
378510,0
378551,0
378551,1
378602,0
378602,1
378604,1
378620,0
378766,0
378766,1
378766,4
378766,3
378766,8
378783,0
378789,4
378789,0
378789,2
378789,12
378789,1
378808,1
378808,18
378808,62
378808,15
378828,0
378828,2
378828,1
378828,4
378861,0
378911,1
378937,0
378937,1
378937,4
378937,13
378937,3
378937,5
378937,2
378976,0
379137,0
379137,1
379139,0
379149,12
379230,5
379230,1
379230,0
379231,7
379231,186
379231,5
379231,1
379231,0
379300,24
379300,0
379300,3
379325,9
379325,10
379325,0
379338,0
379362,12
379362,6
379369,1
379369,0
379391,1
379391,15
379391,13
379391,5
379391,0
379391,28
379416,1
379416,5
379416,0
379529,1
379529,0
379534,4
379551,0
379551,1
379551,5
379592,7
379592,186
379592,0
379616,1
379616,5
379730,0
379744,0
379744,1
379783,0
379905,0
379905,1
379931,1
379931,5
380040,3
380040,4
380040,1
380093,0
380105,7
380105,186
380105,1
380105,5
380127,0
380127,6
380127,20
380127,12
380355,1
380355,4
380355,2
380502,1
380502,0
380502,3
380513,7
380513,186
380513,5
380513,1
380513,0
380534,0
380534,16
380545,1
380554,1
380554,0
380575,1
380575,25
380575,4
380621,0
380621,1
380621,4
380624,0
380624,1
380624,5
380624,14
380721,18
380721,62
380721,24
380728,1
380728,0
380728,2
380752,1
380752,0
380933,1
380933,3
380933,4
380949,0
380993,1
380993,5
381000,1
381000,5
381000,7
381000,186
381000,30
381000,144
381000,0
381014,0
381014,1
381058,1
381058,0
381075,3
381075,1
381080,3
381080,0
381233,1
381233,0
381336,10
381336,11
381336,13
381336,14
381336,4
381336,9
381336,12
381336,25
381336,1
381336,0
381336,2
381336,6
381345,0
381355,1
381355,0
381360,1
381378,0
381399,0
381399,1
381399,5
381406,1
381406,0
381406,3
381412,1
381412,0
381438,1
381460,1
381460,2
381516,0
381516,5
381516,1
381533,0
381533,1
381533,5
381543,0
381543,1
381695,0
381754,6
381754,1
381754,4
381771,0
381786,0
381786,1
381791,0
381791,1
381870,1
381870,0
381878,1
381920,0
381920,26
381938,1
381938,0
381938,22
381953,0
382010,1
382054,0
382303,4
382303,1
382303,0
382401,1
382401,0
382401,2
382469,0
382469,1
382476,1
382476,0
382476,5
382502,1
382538,1
382543,0
382660,1
382660,8
382707,0
382738,0
382784,0
382784,1
382806,0
382824,0
382824,4
382824,1
382824,42
382956,0
382978,17
382978,1
382978,8
383091,1
383091,0
383115,0
383117,8
383117,0
383117,1
383117,6
383120,1
383120,5
383120,4
383120,0
383194,0
383194,28
383201,1
383247,1
383247,2
383247,0
383251,0
383251,7
383251,186
383317,1
383317,5
383317,0
383327,0
383327,1
383327,5
383327,3
383327,16
383327,2
383397,0
383411,4
383411,9
383411,1
383411,5
383411,0
383411,30
383411,144
383490,0
383500,0
383500,1
383500,5
383509,5
383509,1
383509,15
383583,7
383583,186
383583,0
383583,1
383595,8
383595,0
383595,1
383668,0
383709,17
383709,0
383805,0
383805,7
383805,186
383821,1
383821,0
384034,0
384034,4
384034,1
384034,5
384034,14
384034,20
384122,0
384122,5
384122,1
384183,0
384183,25
384183,1
384231,1
384231,5
384231,0
384269,0
384269,5
384328,0
384328,2
384343,4
384343,8
384343,19
384343,1
384343,17
384343,9
384343,0
384344,0
384344,1
384344,3
384344,4
384445,8
384452,0
384452,16
384486,1
384492,1
384515,0
384572,1
384593,1
384593,3
384593,4
384593,13
384593,0
384612,1
384612,0
384616,0
384667,0
384792,0
384792,1
384816,0
384925,0
384925,7
384925,186
384949,7
384949,186
384949,5
385019,0
385019,1
385019,3
385075,1
385075,5
385075,9
385075,4
385107,10
385107,11
385107,9
385107,1
385107,30
385107,144
385107,4
385107,0
385107,2
385120,0
385181,1
385181,0
385183,0
385239,3
385239,5
385239,1
385251,18
385251,62
385251,1
385251,3
385271,0
385311,9
385311,10
385311,0
385436,1
385436,27
385444,0
385468,8
385528,1
385528,4
385528,3
385528,0
385670,5
385670,7
385670,186
385670,0
385685,0
385685,1
385802,0
385802,5
385802,1
385802,7
385802,186
385864,0
385882,1
385882,0
385897,14
385897,1
385897,0
385897,4
385897,13
385945,1
385945,0
385946,1
385946,5
386023,1
386023,5
386023,0
386122,0
386122,1
386122,14
386122,2
386122,18
386122,62
386123,0
386123,1
386123,4
386123,3
386123,5
386152,0
386166,0
386174,0
386205,1
386205,0
386206,23
386206,1
386206,3
386206,0
386255,32
386255,0
386255,1
386255,9
386255,25
386504,1
386525,17
386525,0
386525,2
386543,1
386543,5
386562,1
386562,22
386563,1
386563,5
386563,0
386570,8
386570,1
386570,12
386570,25
386570,24
386575,8
386575,1
386593,35
386593,0
386593,9
386593,22
386593,1
386593,5
386593,7
386593,186
386622,1
386622,5
386752,5
386752,1
386752,0
386783,0
386783,3
386868,1
386868,0
386878,1
386892,1
386892,0
386894,1
386894,0
386992,1
386992,9
387007,1
387007,0
387060,0
387060,8
387090,5
387090,1
387090,26
387122,1
387124,4
387124,1
387124,13
387124,2
387124,0
387158,12
387158,1
387158,4
387184,0
387184,1
387367,0
387383,1
387405,1
387512,0
387512,1
387512,5
387635,0
387635,22
387648,1
387648,13
387648,4
387648,3
387777,1
387777,0
387777,20
387779,6
387779,1
387807,32
387827,5
387827,0
387949,10
387949,0
387949,1
387967,0
387967,1
387969,1
388007,0
388007,1
388007,5
388007,3
388007,9
388007,29
388007,39
388016,1
388071,1
388071,3
388071,4
388071,0
388092,1
388092,14
388092,4
388092,9
388092,0
388146,0
388146,1
388394,1
388394,0
388543,0
388543,1
388547,0
388547,1
388547,5
388649,5
388700,1
388700,13
388709,0
388715,0
388715,1
388718,0
388718,1
388718,5
388833,0
388833,1
388859,1
388909,0
388909,1
388909,5
388909,2
388948,32
388948,14
388948,26
389065,0
389150,0
389150,1
389150,4
389153,1
389153,5
389153,4
389153,26
389153,0
389153,2
389153,18
389153,62
389205,0
389253,1
389253,5
389253,0
389272,5
389401,9
389401,0
389401,4
389415,0
389415,1
389558,7
389558,186
389576,0
389576,1
389576,16
389582,0
389585,0
389607,1
389607,10
389607,11
389607,9
389649,0
389649,1
389649,5
389662,0
389677,1
389677,0
389677,2
389685,1
389685,0
389745,1
389745,5
389750,0
389750,5
389750,1
389775,0
389855,1
389855,5
389855,0
389855,3
389865,8
389868,1
390008,1
390008,12
390008,15
390058,0
390058,1
390058,4
390091,0
390091,1
390108,0
390108,16
390108,1
390149,0
390149,7
390149,186
390217,0
390217,1
390217,20
390217,8
390222,0
390222,1
390348,0
390348,16
390371,1
390371,0
390407,19
390412,0
390412,1
390412,2
390450,5
390450,1
390476,1
390476,5
390476,0
390531,1
390531,8
390538,23
390562,0
390562,1
390595,0
390673,5
390673,1
390702,0
390702,5
390702,1
390726,1
390795,4
390795,1
390838,1
390838,0
390838,3
390838,17
390879,0
390974,7
390974,186
391014,0
391014,1
391014,4
391014,5
391072,0
391072,1
391199,1
391199,0
391268,3
391268,4
391268,0
391268,1
391268,5
391311,0
391322,1
391322,0
391349,1
391349,0
391349,3
391353,22
391368,5
391368,1
391423,1
391599,1
391599,0
391599,22
391627,1
391627,0
391627,4
391640,42
391640,14
391640,9
391640,0
391696,0
391699,5
391699,1
391699,0
391699,3
391699,4
391699,13
391699,8
391773,0
391773,18
391773,62
391778,1
391778,0
391808,7
391808,186
391808,0
391820,1
391820,0
391840,0
391840,1
391843,9
391843,8
391898,0
391898,1
391973,0
391973,1
391973,4
391973,13
391973,3
391989,0
391989,1
391989,5
391989,22
392060,1
392060,5
392060,0
392089,1
392089,5
392089,0
392093,1
392247,7
392247,186
392247,5
392247,0
392324,1
392324,15
392324,5
392378,0
392378,5
392378,1
392445,1
392445,5
392445,3
392445,0
392491,8
392633,5
392633,1
392633,7
392633,186
392633,3
392633,0
392633,26
392635,4
392635,3
392635,1
392635,6
392641,3
392641,4
392655,1
392655,5
392655,0
392777,0
392777,21
392811,1
392811,0
392839,2
392839,1
392839,4
392858,0
392858,20
392858,4
392858,1
392907,0
392907,5
392907,1
393014,1
393014,9
393014,4
393014,0
393043,0
393043,1
393053,1
393053,5
393053,2
393096,1
393196,0
393196,1
393196,5
393196,8
393196,13
393228,1
393228,0
393233,1
393233,5
393233,3
393290,8
393306,0
393306,28
393306,5
393306,1
393351,1
393351,9
393351,5
393390,0
393496,0
393496,5
393496,1
393506,1
393506,4
393563,1
393563,0
393718,1
393718,0
393719,0
393719,6
393739,0
393739,1
393833,8
393833,1
393833,5
393833,0
393912,1
393912,4
393912,14
393912,0
393912,18
393912,62
393912,8
393976,5
394104,0
394125,0
394125,1
394125,2
394136,5
394136,1
394191,0
394191,8
394196,1
394196,0
394196,2
394255,0
394339,1
394362,0
394453,1
394453,9
394578,6
394578,0
394579,0
394579,2
394579,1
394587,5
394587,1
394587,0
394622,1
394703,1
394703,9
394731,1
394731,0
394856,1
394856,5
394885,0
394914,1
394914,5
394914,31
394914,13
394914,0
394914,7
394914,186
394963,0
394963,1
394973,1
394973,5
394973,0
395016,5
395016,1
395016,0
395016,7
395016,186
395031,0
395031,1
395059,1
395059,0
395059,14
395078,0
395078,1
395184,0
395184,1
395190,1
395190,0
395190,5
395222,0
395222,2
395222,1
395222,4
395222,13
395222,3
395238,0
395238,1
395238,6
395238,2
395238,18
395238,62
395292,12
395292,5
395292,1
395292,0
395344,0
395562,4
395562,3
395562,1
395562,0
395562,28
395594,1
395619,0
395619,1
395652,1
395656,5
395656,1
395741,0
395741,8
395788,0
395788,14
395788,1
395788,20
395788,30
395788,144
395788,4
395788,2
395832,4
395832,9
395832,13
395832,7
395832,186
395832,1
395851,0
395851,4
395865,18
395865,62
395865,1
396066,1
396066,14
396066,4
396066,0
396169,12
396169,1
396169,8
396169,0
396169,9
396212,0
396253,23
396253,0
396253,2
396253,1
396253,5
396253,18
396253,62
396319,0
396344,0
396344,1
396411,1
396411,0
396422,1
396422,0
396436,0
396436,2
396436,1
396512,1
396512,0
396512,4
396512,3
396512,2
396520,0
396520,5
396520,1
396520,7
396520,186
396530,1
396530,5
396530,0
396569,4
396569,9
396569,13
396569,7
396569,186
396569,1
396659,0
396660,1
396660,3
396660,4
396666,14
396666,13
396666,1
396710,0
396710,1
396896,0
396896,1
396896,3
396896,8
396896,5
396910,0
396910,1
396910,5
397021,0
397021,1
397022,0
397022,1
397052,0
397056,26
397056,1
397147,1
397147,0
397170,4
397364,0
397458,0
397462,1
397462,0
397462,4
397462,14
397488,1
397488,2
397488,18
397488,62
397621,3
397621,0
397665,1
397665,0
397665,4
397665,3
397704,0
397736,0
397736,2
397759,1
397782,22
397782,1
397818,1
397818,0
397904,0
398002,0
398002,6
398002,10
398090,1
398132,0
398132,5
398132,1
398132,3
398132,4
398248,4
398248,0
398248,24
398248,2
398301,0
398301,1
398301,20
398324,7
398324,186
398324,1
398324,5
398335,35
398335,0
398335,5
398475,5
398475,1
398475,21
398480,12
398480,1
398526,3
398526,0
398578,0
398578,1
398578,5
398696,0
398728,5
398728,29
398728,1
398759,1
398840,4
398840,8
398935,1
398935,0
398935,2
398956,1
398956,5
398956,3
399018,1
399018,13
399018,0
399025,1
399025,15
399025,13
399025,4
399031,8
399039,3
399039,1
399040,1
399040,5
399040,0
399040,22
399046,1
399077,1
399077,8
399136,0
399136,22
399395,3
399395,2
399395,4
399395,0
399395,28
399395,8
399604,1
399604,5
399604,0
399604,7
399604,186
399622,0
399622,5
399622,1
399730,0
399771,1
399774,0
399774,1
399824,1
399824,0
399827,0
399827,8
399882,7
399882,186
399968,1
400041,1
400075,0
400075,7
400075,186
400123,8
400123,1
400123,0
400227,0
400248,1
400248,48
400287,1
400314,1
400314,3
400314,5
400314,0
400327,1
400327,5
400327,13
400327,4
400338,0
400338,16
400384,1
400481,3
400481,4
400481,1
400581,1
400581,0
400582,0
400582,2
400599,1
400599,5
400599,9
400599,0
400599,15
400626,0
400626,5
400626,1
400654,0
400654,16
400654,1
400654,3
400724,8
400766,0
400766,1
400816,1
400838,3
400916,0
400960,0
400960,2
400960,1
400975,0
400975,1
400975,8
401001,1
401001,3
401001,27
401001,0
401113,4
401113,3
401113,1
401185,1
401191,1
401191,4
401269,0
401269,5
401269,1
401357,0
401357,1
401373,25
401513,0
401546,1
401546,9
401546,0
401637,1
401637,7
401637,186
401637,5
401637,15
401637,0
401644,1
401644,0
401644,4
401644,3
401750,0
401750,2
401750,1
401750,5
401750,7
401750,186
401795,5
401795,1
401795,7
401795,186
401795,15
401834,0
401834,5
401834,15
401834,1
401848,1
401853,0
401853,1
401932,1
401958,0
401958,1
401958,8
401970,3
401970,4
401970,1
401970,2
401970,0
402003,0
402003,1
402003,5
402006,0
402017,0
402017,1
402108,0
402108,2
402108,1
402108,5
402210,26
402235,1
402235,8
402235,13
402235,4
402438,1
402476,1
402482,26
402482,0
402637,0
402637,4
402643,4
402643,1
402643,0
402691,1
402691,0
402736,0
402736,9
402736,4
402749,5
402749,0
402749,1
402771,10
402771,11
402771,9
402771,0
402777,4
402777,1
402777,0
402809,0
402809,2
402896,0
402910,0
402962,6
402962,1
402962,5
402962,29
402962,12
402967,0
403036,1
403036,7
403036,186
403036,5
403036,0
403110,1
403110,4
403110,3
403110,0
403110,2
403171,1
403171,0
403240,0
403285,2
403295,1
403295,20
403295,12
403321,1
403367,5
403389,1
403389,0
403456,1
403456,3
403456,6
403494,0
403516,0
403516,7
403516,186
403516,1
403516,9
403516,5
403539,0
403539,1
403539,9
403539,18
403539,62
403612,4
403682,1
403682,4
403682,13
403682,5
403682,0
403748,1
403748,8
403748,3
403748,4
403748,0
403748,6
403870,4
403870,1
403870,0
403913,8
403913,0
403994,1
403994,0
403994,25
403994,9
403994,10
403994,11
404044,0
404090,1
404090,4
404090,2
404115,0
404127,0
404127,2
404127,18
404127,62
404127,5
404127,6
404150,0
404150,16
404161,1
404161,5
404161,0
404179,0
404200,0
404400,5
404403,1
404403,5
404403,0
404533,0
404533,1
404561,0
404561,5
404561,1
404680,1
404680,2
404680,0
404734,1
404734,5
404759,1
404759,0
404833,4
404833,1
404833,3
404833,5
404933,8
404933,1
404975,1
404975,5
404975,0
405038,1
405038,5
405067,0
405067,1
405067,5
405192,14
405192,1
405192,3
405192,16
405192,20
405260,0
405314,0
405314,16
405376,1
405376,0
405494,0
405494,28
405494,18
405494,62
405528,2
405626,9
405626,8
405654,0
405654,18
405654,62
405654,4
405654,1
405654,3
405767,0
405767,1
405767,3
405767,2
405767,6
405868,0
405868,22
405868,14
405952,26
405962,1
405962,4
405962,2
406051,1
406051,0
406077,1
406079,0
406252,1
406252,0
406267,0
406267,1
406398,1
406398,4
406398,9
406398,3
406398,0
406400,0
406400,1
406484,1
406508,1
406508,0
406508,4
406578,1
406578,5
406704,8
406704,0
406704,4
406704,1
406732,5
406732,1
406732,0
406732,7
406732,186
406744,0
406744,1
406744,5
406793,9
406793,7
406793,186
406823,1
406823,5
406823,25
406885,1
406885,8
406975,1
406975,5
406975,0
406975,18
406975,62
406993,1
406993,5
406993,0
407047,1
407047,0
407047,8
407050,1
407050,0
407060,0
407060,7
407060,186
407113,0
407113,1
407113,18
407113,62
407114,1
407115,4
407115,13
407115,1
407115,5
407115,0
407115,28
407134,8
407134,0
407134,5
407134,1
407134,4
407134,13
407134,42
407206,0
407206,1
407215,1
407272,1
407272,0
407412,0
407412,7
407412,186
407412,1
407526,12
407526,5
407526,1
407571,0
407571,22
407628,5
407628,1
407628,0
407628,7
407628,186
407694,1
407694,0
407795,0
407795,23
407795,1
407795,7
407795,186
407795,5
407827,1
407827,4
407827,0
407827,2
407933,1
407939,5
407939,1
407939,7
407939,186
407957,1
407957,0
407957,16
408016,0
408016,1
408052,1
408057,0
408076,0
408101,4
408101,0
408101,1
408127,0
408127,7
408127,186
408127,1
408150,0
408150,1
408180,0
408180,1
408180,2
408253,0
408253,1
408299,0
408299,9
408299,7
408299,186
408300,4
408300,1
408300,9
408300,26
408300,14
408334,0
408334,1
408409,1
408409,0
408513,1
408513,0
408564,0
408587,8
408587,5
408587,1
408587,7
408587,186
408587,0
408638,0
408638,1
408638,3
408721,1
408735,22
408744,0
408941,1
408957,0
408976,14
408976,4
408976,1
408976,0
409065,26
409086,0
409086,1
409118,0
409203,1
409203,2
409315,9
409341,1
409341,0
409350,1
409350,5
409350,0
409381,4
409381,1
409381,0
409431,0
409431,5
409431,1
409638,0
409659,0
409659,1
409659,14
409716,0
409782,5
409782,1
409906,1
409906,0
409906,2
409944,0
409944,5
409944,1
410050,0
410050,1
410050,12
410107,4
410107,1
410107,0
410249,1
410249,5
410249,0
410249,9
410249,10
410249,11
410283,0
410391,0
410394,5
410394,0
410394,2
410394,1
410396,0
410396,1
410396,5
410428,3
410428,0
410428,1
410470,1
410470,5
410470,4
410470,0
410507,4
410507,0
410526,18
410526,62
410545,0
410545,14
410545,1
410638,12
410638,1
410638,17
410638,8
410652,26
410652,13
410652,1
410652,29
410652,5
410703,0
410703,13
410703,4
410703,14
410703,15
410703,5
410703,1
410703,31
410735,1
410735,0
410920,5
410920,1
410920,7
410920,186
410920,0
411096,1
411096,5
411096,7
411096,186
411096,0
411354,0
411354,2
411354,22
411379,5
411379,1
411409,1
411558,0
411558,1
411558,5
411590,32
411590,1
411590,5
411590,0
411590,9
411590,26
411724,0
411724,4
411724,1
411739,0
411739,1
411793,0
411793,1
411811,0
411866,1
411876,1
411876,5
411876,0
411991,32
411992,0
412125,0
412125,1
412174,0
412181,1
412181,0
412187,0
412284,1
412284,0
412338,5
412338,1
412338,0
412365,0
412365,2
412511,26
412511,8
412511,1
412511,17
412511,27
412529,0
412529,5
412537,1
412595,0
412595,1
412605,2
412605,0
412605,28
412651,4
412651,0
412675,3
412675,4
412675,1
412675,8
412721,4
412721,13
412721,1
412721,30
412721,144
412721,25
412721,5
412721,2
412721,18
412721,62
412721,0
412873,0
412888,2
412888,0
412888,50
412888,3
412888,1
412930,0
412965,8
412965,0
413061,1
413061,0
413108,13
413108,14
413108,1
413120,0
413120,1
413120,5
413124,0
413125,1
413139,1
413139,9
413139,10
413139,11
413259,4
413259,2
413267,3
413283,0
413309,1
413337,0
413337,7
413337,186
413337,5
413358,1
413358,4
413397,0
413397,2
413501,16
413501,0
413501,4
413501,1
413523,1
413523,0
413523,14
413612,0
413633,4
413689,4
413689,1
413689,14
413824,1
413824,18
413824,62
413824,13
413868,1
413868,4
413933,0
413933,1
414020,1
414020,0
414049,4
414049,3
414049,1
414067,0
414067,9
414067,7
414067,186
414073,20
414113,0
414113,1
414113,22
414114,1
414114,15
414114,5
414239,8
414239,3
414241,3
414241,1
414241,0
414321,1
414334,4
414368,0
414368,1
414368,5
414375,16
414375,0
414375,1
414375,5
414375,4
414375,13
414437,2
414437,18
414437,62
414518,1
414518,2
414518,18
414518,62
414702,0
414702,4
414702,1
414708,23
414708,1
414708,3
414708,0
414711,0
414717,17
414731,1
414731,0
414767,0
414767,1
414767,5
414767,7
414767,186
414997,0
415114,5
415114,7
415114,186
415114,1
415114,0
415146,1
415146,5
415146,0
415146,3
415146,4
415146,13
415150,14
415150,0
415150,4
415188,0
415188,1
415188,5
415214,7
415214,186
415214,0
415214,1
415214,5
415235,15
415235,5
415235,1
415380,2
415380,0
415380,1
415403,0
415481,1
415481,0
415534,23
415534,0
415534,10
415587,0
415587,1
415597,0
415618,0
415644,0
415697,1
415697,5
415697,0
415697,26
415715,1
415715,0
415814,0
415814,1
415814,6
415870,20
415870,1
415870,0
415870,2
415870,4
415870,18
415870,62
415932,3
415932,4
416000,1
416000,7
416000,186
416000,5
416034,1
416034,5
416045,1
416045,5
416045,3
416045,0
416076,0
416096,22
416096,1
416096,4
416096,13
416096,5
416096,7
416096,186
416096,16
416125,1
416125,5
416125,0
416143,5
416143,0
416143,4
416143,7
416143,186
416143,15
416143,2
416143,1
416253,2
416253,0
416253,1
416261,1
416261,8
416312,4
416433,0
416433,1
416433,8
416557,0
416764,0
416948,7
416948,186
416948,0
416976,22
416976,0
416976,2
416976,1
416976,5
417002,16
417002,0
417002,1
417002,5
417113,4
417113,3
417113,8
417218,0
417300,1
417300,0
417375,0
417375,1
417402,12
417402,1
417402,31
417734,22
417746,1
417746,5
417746,15
417746,0
417803,1
417803,5
417803,0
417832,0
417832,1
417832,22
417852,0
417852,5
417852,1
417853,8
417853,5
417853,1
417853,0
417869,0
417888,0
417888,9
417888,1
417888,5
417888,4
417888,3
417888,13
417888,2
417888,18
417888,62
417950,1
417950,0
417954,1
417954,5
417954,7
417954,186
417966,0
417966,1
417977,0
417977,1
418118,0
418148,0
418152,0
418158,1
418158,5
418158,4
418158,9
418158,7
418158,186
418158,15
418158,20
418158,0
418169,35
418169,9
418169,11
418169,10
418169,1
418169,4
418169,3
418218,4
418218,1
418218,3
418441,0
418441,1
418449,0
418449,1
418466,0
418466,1
418466,26
418466,8
418471,0
418475,0
418475,1
418518,1
418518,6
418562,0
418598,0
418641,2
418641,0
418641,4
418641,14
418641,1
418641,9
418789,0
418789,5
418789,1
418813,5
418813,1
418813,0
418813,22
418826,1
418826,5
418826,0
418826,2
418858,5
418858,1
418858,0
418858,4
418858,26
418872,1
418872,9
418883,6
418883,12
418883,1
418883,31
418883,20
419022,0
419022,1
419107,0
419138,1
419138,0
419177,0
419177,1
419177,18
419177,62
419205,1
419272,3
419272,1
419272,4
419333,21
419441,0
419441,2
419480,0
419552,1
419552,14
419552,0
419588,0
419588,5
419588,1
419592,0
419592,1
419592,7
419592,186
419592,5
419592,12
419613,1
419680,1
419715,0
419715,1
419742,7
419742,186
419742,5
419742,1
419884,1
419939,0
419945,1
419956,5
419956,0
420016,1
420016,0
420151,2
420214,0
420232,1
420252,1
420252,0
420285,0
420298,8
420401,0
420401,1
420447,0
420495,1
420495,0
420523,0
420523,7
420523,186
420523,5
420523,1
420598,1
420687,9
420687,5
420687,1
420690,31
420760,0
420760,1
420791,0
420876,0
420876,1
420890,0
420890,1
420914,0
420914,1
420914,6
420948,2
420948,0
420948,4
420948,13
420948,1
420948,5
421012,0
421055,3
421061,5
421152,1
421152,5
421152,0
421191,0
421270,0
421270,1
421270,2
421279,1
421279,5
421315,1
421315,9
421315,0
421416,1
421416,4
421416,3
421416,0
421421,0
421421,1
421422,0
421422,1
421440,0
421440,5
421440,1
421440,7
421440,186
421442,1
421442,0
421459,22
421459,1
421585,0
421625,0
421625,1
421674,1
421698,4
421698,1
421698,0
421726,1
421726,0
421743,4
421743,3
421743,1
421743,2
421743,0
421743,24
421743,6
421767,1
421767,4
421844,29
421844,5
421844,1
421847,1
421847,4
421847,0
421847,5
421847,31
421922,1
421922,0
421926,1
421926,8
421926,26
421931,1
421931,0
421931,2
421931,4
421931,5
421931,3
421932,1
421932,5
421932,13
421947,1
421947,0
422059,1
422059,0
422087,4
422087,1
422087,0
422122,0
422122,1
422122,5
422273,4
422273,26
422426,9
422426,1
422483,0
422507,3
422520,0
422565,0
422575,1
422575,0
422575,3
422575,14
422575,4
422633,0
422633,1
422635,14
422635,13
422635,1
422635,5
422679,25
422679,13
422679,14
422679,4
422679,1
422679,30
422679,144
422679,18
422679,62
422679,8
422724,1
422760,1
422761,0
422761,1
422761,5
422820,35
422820,0
422820,1
422874,5
422874,0
422874,12
422879,6
422968,0
423112,7
423112,186
423112,0
423112,16
423251,0
423251,5
423251,1
423365,0
423395,8
423412,1
423414,5
423414,0
423457,1
423457,0
423457,18
423457,62
423511,49
423511,0
423511,1
423520,1
423520,5
423520,0
423534,8
423534,1
423534,12
423643,0
423748,0
423934,10
423934,11
423934,9
423934,0
423970,1
423970,5
423970,7
423970,186
423970,0
424145,0
424145,5
424172,22
424172,0
424172,1
424188,1
424188,5
424188,0
424188,2
424197,5
424197,1
424201,0
424201,1
424201,4
424215,3
424215,4
424215,1
424215,0
424215,2
424215,18
424215,62
424329,1
424329,0
424498,22
424548,1
424548,4
424548,14
424548,13
424548,39
424548,8
424548,18
424548,62
424580,0
424580,1
424649,1
424657,32
424668,1
424668,4
424668,3
424668,8
424681,0
424681,7
424681,186
424692,1
424900,0
424900,5
424900,1
424900,22
424924,0
424924,1
424924,3
424924,26
424924,13
424924,4
424959,5
424959,1
425042,4
425070,8
425099,0
425099,1
425160,0
425164,0
425331,1
425331,0
425390,0
425506,0
425506,2
425534,0
425563,7
425563,186
425563,5
425567,5
425567,1
425567,4
425567,3
425567,10
425567,15
425567,0
425567,9
425567,13
425567,18
425567,62
425611,0
425629,14
425629,17
425646,0
425703,5
425703,1
425703,0
425703,15
425703,3
425703,2
425752,0
425757,32
425757,0
425768,9
425768,4
425816,0
425848,1
425894,0
425894,4
425894,1
425956,0
425985,0
426020,7
426020,186
426020,1
426098,0
426098,5
426098,1
426222,1
426222,5
426222,15
426222,0
426231,0
426231,6
426231,4
426231,2
426231,18
426231,62
426347,1
426347,26
426380,0
426380,1
426380,20
426380,9
426494,0
426679,0
426679,1
426688,3
426688,0
426688,1
426788,13
426788,4
426788,8
426788,3
426788,1
426791,0
426791,1
426834,1
426842,0
426869,0
427001,0
427001,1
427174,4
427174,3
427174,1
427178,0
427178,5
427178,1
427178,7
427178,186
427178,15
427208,0
427208,16
427307,1
427361,16
427361,0
427361,2
427361,18
427361,62
427367,26
427367,0
427367,1
427367,5
427368,0
427368,18
427368,62
427389,0
427454,1
427454,0
427558,0
427566,4
427566,3
427566,5
427566,1
427566,0
427627,1
427627,0
427639,0
427679,1
427725,8
427769,15
427769,1
427883,26
427893,0
427893,22
427913,0
428010,1
428013,0
428013,1
428013,8
428026,1
428026,15
428078,0
428090,0
428090,26
428090,1
428090,25
428090,13
428090,14
428090,4
428090,30
428090,144
428090,18
428090,62
428090,8
428135,0
428135,1
428135,6
428135,2
428159,0
428211,3
428265,1
428265,3
428265,0
428265,6
428271,1
428271,0
428306,22
428306,1
428306,5
428306,0
428306,7
428306,186
428308,0
428308,23
428308,1
428335,0
428335,1
428335,5
428339,8
428339,1
428382,0
428493,0
428493,1
428493,5
428526,4
428526,3
428526,1
428526,0
428526,2
428526,24
428652,1
428652,0
428652,5
428662,1
428662,5
428662,2
428662,7
428662,186
428662,22
428715,0
428883,14
428883,4
428883,19
428883,3
428883,9
428903,4
428903,3
428903,1
428903,2
428903,0
428903,24
428903,6
429061,1
429061,5
429061,0
429061,7
429061,186
429061,2
429145,0
429145,3
429145,4
429145,1
429150,0
429150,1
429236,5
429236,1
429278,0
429278,1
429281,1
429298,0
429298,1
429298,5
429298,26
429298,4
429298,3
429328,1
429328,0
429407,1
429430,0
429464,38
429500,0
429554,0
429570,1
429570,4
429570,3
429570,0
429570,2
429692,1
429748,2
429806,4
429957,0
429957,2
429957,1
429993,0
429993,1
429993,3
430166,0
430166,1
430166,5
430166,14
430195,1
430195,0
430204,5
430204,1
430204,0
430294,0
430294,1
430294,2
430380,0
430380,1
430380,5
430380,26
430388,1
430440,5
430442,5
430442,1
430442,4
430442,9
430442,13
430592,1
430602,1
430602,0
430602,2
430621,5
430621,1
430621,9
430621,0
430621,7
430621,186
430820,0
430820,1
430938,1
430938,0
430938,4
430938,3
431156,1
431195,0
431195,1
431195,22
431207,0
431233,0
431303,1
431303,0
431303,14
431372,0
431372,26
431398,0
431442,0
431452,1
431452,5
431452,0
431496,0
431496,5
431496,1
431530,1
431530,0
431618,7
431618,186
431618,9
431620,9
431620,11
431620,10
431639,0
431639,1
431639,7
431639,186
431874,1
431904,5
431904,1
431904,0
432125,0
432125,26
432139,1
432155,1
432155,5
432221,4
432221,0
432221,16
432421,1
432421,5
432488,3
432488,4
432488,1
432507,0
432536,0
432536,7
432536,186
432536,1
432536,9
432591,1
432591,22
432591,0
432591,5
432711,1
432711,4
432711,0
432792,0
432797,7
432797,186
432797,0
432797,1
432797,5
432842,0
432922,0
432922,1
432965,0
432965,1
432969,1
432969,5
432969,26
432997,0
433059,8
433059,0
433101,0
433135,0
433135,1
433135,5
433138,0
433153,3
433218,0
433218,1
433304,1
433304,5
433304,0
433304,2
433306,4
433306,0
433401,1
433430,1
433520,1
433590,0
433590,1
433590,5
433590,3
433590,16
433590,2
433636,0
433636,1
433687,0
433687,1
433687,5
433687,4
433687,13
433687,28
433687,18
433687,62
433687,2
433750,0
433750,5
433791,3
433791,0
433808,1
433808,14
433808,4
433808,9
433808,17
433973,1
434039,0
434039,5
434039,20
434039,14
434105,0
434105,8
434133,0
434133,31
434133,7
434133,186
434151,0
434151,1
434151,15
434151,5
434151,7
434151,186
434157,3
434157,6
434158,1
434164,1
434223,1
434276,1
434276,0
434276,4
434276,2
434276,24
434276,3
434301,0
434350,1
434350,3
434350,0
434365,1
434464,2
434504,1
434504,4
434504,3
434504,0
434504,2
434648,1
434742,0
434757,0
434776,0
434859,1
434859,0
434961,1
434961,0
434961,2
435004,0
435004,7
435004,186
435174,0
435320,1
435320,4
435320,0
435320,2
435338,1
435338,0
435376,6
435376,1
435390,1
435395,2
435395,0
435395,1
435395,4
435395,9
435444,0
435444,3
435444,1
435558,1
435558,4
435558,0
435558,2
435567,0
435567,16
435567,22
435690,0
435690,1
435690,5
435690,9
435752,1
435752,3
435780,5
435780,0
435881,9
435881,0
435881,1
435886,14
435886,1
435886,0
435906,0
435906,21
436045,5
436136,1
436136,5
436136,0
436142,0
436142,5
436142,1
436142,8
436175,5
436175,1
436192,1
436192,4
436192,5
436192,13
436192,3
436377,0
436377,20
436445,1
436445,5
436445,0
436469,1
436469,0
436474,1
436474,4
436474,10
436474,11
436505,0
436538,0
436538,2
436538,18
436538,62
436538,1
436538,30
436538,144
436538,12
436577,0
436577,1
436590,25
436590,1
436590,17
436605,10
436605,11
436605,9
436605,5
436605,1
436633,0
436633,1
436633,5
436653,0
436653,5
436653,1
436656,0
436656,1
436851,0
436866,1
436866,12
436866,0
436877,1
436877,6
436877,2
436877,0
436986,0
437046,0
437135,1
437135,0
437168,0
437227,1
437227,0
437238,3
437238,1
437238,4
437238,0
437238,2
437241,0
437245,1
437245,5
437245,7
437245,186
437245,0
437287,1
437287,0
437287,4
437307,1
437368,0
437445,0
437450,1
437450,0
437515,0
437515,1
437610,1
437621,7
437621,186
437621,0
437621,5
437701,0
437701,1
437746,0
437798,1
437863,8
437863,1
437863,0
437933,1
437933,0
437933,9
437933,3
437933,4
437936,1
437936,0
437936,3
437936,5
438103,8
438172,1
438172,5
438172,0
438204,0
438316,1
438316,5
438316,0
438458,0
438525,1
438525,0
438596,0
438753,1
438753,31
438753,30
438753,144
438753,4
438768,1
438768,0
438778,1
438778,0
439003,18
439003,62
439003,1
439003,4
439003,0
439003,2
439029,0
439029,1
439071,1
439071,3
439071,0
439090,0
439177,1
439198,1
439198,26
439198,13
439202,0
439202,5
439202,1
439346,5
439346,1
439346,0
439346,18
439346,62
439346,27
439367,42
439367,0
439377,5
439377,1
439384,0
439384,1
439417,0
439420,1
439420,5
439420,0
439420,26
439468,7
439468,186
439468,5
439468,0
439518,1
439518,2
439518,0
439544,1
439544,8
439551,13
439551,1
439599,1
439599,5
439599,4
439599,10
439625,0
439640,0
439640,1
439640,9
439640,12
439640,20
439728,0
439728,1
439728,5
439800,1
439800,5
439800,4
439800,9
439800,0
439800,18
439800,62
439840,0
439841,0
439841,22
439841,1
439932,0
439932,1
440014,1
440014,7
440014,186
440016,0
440016,1
440066,27
440066,4
440066,1
440066,0
440077,0
440077,5
440077,1
440077,3
440109,0
440109,2
440297,22
440297,0
440297,10
440297,25
440297,9
440297,7
440297,186
440300,0
440300,1
440317,1
440381,0
440381,1
440383,0
440436,1
440436,4
440437,0
440451,1
440451,0
440451,5
440466,1
440466,0
440478,0
440504,0
440558,1
440558,27
440558,9
440667,7
440667,186
440667,5
440667,1
440719,0
440829,9
440829,17
440923,1
440923,5
440923,15
440923,7
440923,186
440930,0
440930,1
440979,0
440984,9
440984,1
441110,1
441110,5
441202,1
441202,2
441202,26
441202,31
441202,4
441202,25
441202,0
441224,1
441224,12
441267,1
441376,1
441376,0
441376,22
441380,7
441380,186
441380,22
441384,1
441384,5
441384,4
441384,14
441384,13
441516,1
441516,0
441652,8
441652,1
441652,0
441739,1
441739,0
441743,0
441743,3
441789,8
441808,0
441808,1
441923,1
441923,14
441923,4
441923,17
441923,0
441955,0
441955,1
442009,7
442009,186
442009,1
442009,5
442009,0
442022,0
442059,3
442059,1
442059,0
442103,0
442173,32
442173,13
442173,1
442173,0
442179,22
442179,15
442195,0
442225,1
442225,7
442225,186
442225,15
442289,0
442289,1
442289,4
442337,1
442337,5
442337,7
442337,186
442337,22
442337,10
442337,11
442337,9
442389,5
442389,1
442389,7
442389,186
442392,8
442392,1
442493,7
442493,186
442493,0
442493,8
442554,1
442554,0
442597,0
442614,1
442614,3
442614,5
442737,0
442737,1
442886,0
442941,1
442955,2
442955,0
442955,1
442955,6
442955,4
442955,18
442955,62
442955,3
442964,0
442964,8
443064,0
443085,1
443085,8
443149,7
443149,186
443149,1
443168,14
443168,5
443168,1
443168,0
443168,2
443197,0
443199,0
443199,1
443199,9
443204,0
443204,1
443219,1
443219,15
443219,5
443224,0
443224,2
443224,18
443224,62
443224,4
443224,1
443308,7
443308,186
443308,5
443308,0
443308,1
443308,14
443308,4
443308,13
443308,10
443351,0
443418,0
443418,1
443418,2
443418,5
443418,4
443431,5
443431,1
443431,0
443431,4
443481,1
443481,23
443481,0
443483,0
443483,1
443483,5
443483,15
443492,0
443492,1
443492,3
443597,0
443615,7
443615,186
443693,26
443717,7
443717,186
443717,5
443717,1
443717,0
443730,0
443730,1
443730,4
443730,3
443791,0
443791,1
443791,5
443791,8
443806,0
443806,1
443822,1
443822,5
443968,0
443968,2
444202,0
444225,2
444225,0
444225,4
444225,14
444225,1
444225,9
444245,0
444245,1
444245,5
444260,0
444260,1
444353,1
444353,4
444353,0
444392,14
444392,13
444392,4
444392,1
444460,5
444460,1
444460,0
444461,0
444478,1
444478,4
444478,7
444478,186
444534,0
444580,1
444720,0
444720,1
444820,1
444862,0
444862,20
444863,1
444863,0
444931,1
444931,9
444931,5
444931,4
444931,3
445000,0
445000,1
445215,0
445215,4
445215,6
445215,1
445215,5
445215,33
445215,14
445226,1
445226,5
445310,3
445310,4
445310,1
445310,8
445310,0
445327,1
445327,5
445327,0
445327,7
445327,186
445355,0
445355,1
445515,1
445515,5
445515,13
445515,4
445515,0
445515,2
445515,18
445515,62
445592,0
445592,2
445592,18
445592,62
445672,16
445672,0
445714,4
445714,3
445714,1
445714,0
445714,2
445740,0
445740,2
445740,18
445740,62
445740,1
445800,0
445800,1
445800,4
445839,1
445839,3
445839,4
445839,13
445839,0
445841,1
445841,0
445884,0
445884,1
445884,5
445888,0
445888,1
445888,8
445918,1
445918,5
445918,29
445918,15
445918,2
445918,18
445918,62
445918,0
445918,7
445918,186
445993,0
446048,1
446048,0
446048,2
446048,18
446048,62
446079,1
446079,29
446135,11
446326,0
446326,5
446326,7
446326,186
446326,1
446326,4
446326,3
446353,0
446428,0
446434,0
446434,1
446455,0
446455,2
446582,0
446598,14
446598,1
446598,4
446604,7
446604,186
446604,1
446604,5
446604,0
446604,22
446655,0
446655,1
446655,3
446692,0
446802,0
446802,5
446802,1
446864,5
446864,1
446864,0
446864,3
446864,4
446864,26
446864,14
446901,0
446901,5
446912,14
446912,4
446912,8
446912,20
446912,12
446912,1
446912,0
446916,1
446916,0
446988,0
446988,1
447030,1
447030,0
447081,8
447097,8
447097,0
447097,2
447097,18
447097,62
447213,8
447213,0
447213,1
447336,0
447336,1
447394,1
447394,5
447394,26
447425,1
447425,5
447425,7
447425,186
447425,0
447454,1
447454,0
447473,1
447473,5
447473,0
447473,9
447527,1
447527,4
447527,3
447527,0
447632,1
447696,1
447696,5
447696,7
447696,186
447910,1
447910,4
447910,3
447914,0
447914,2
447914,1
447920,14
447920,4
447920,1
447920,5
447931,1
447944,0
447944,5
447944,1
448000,1
448000,3
448096,9
448096,10
448096,11
448096,1
448137,0
448139,0
448177,0
448250,1
448250,0
448284,0
448321,1
448321,6
448321,0
448340,5
448340,1
448340,0
448438,1
448438,5
448438,3
448438,13
448438,4
448440,0
448452,1
448452,5
448452,13
448452,0
448540,1
448574,1
448574,0
448628,0
448637,0
448637,16
448637,20
448660,8
448670,1
448670,0
448670,5
448670,2
448789,4
448789,1
448789,0
448790,0
448790,1
448790,5
448835,7
448835,186
448835,5
448890,4
448890,3
448890,1
448890,6
448946,1
448946,5
448954,0
448994,1
448994,5
448994,0
449088,1
449088,0
449088,20
449114,13
449114,1
449114,15
449128,3
449139,0
449139,1
449189,1
449189,0
449250,2
449279,0
449407,8
449407,0
449449,1
449449,3
449449,4
449483,1
449483,0
449483,2
449533,0
449533,14
449533,9
449541,1
449541,4
449541,0
449549,6
449549,2
449549,4
449596,0
449596,5
449596,1
449598,0
449609,0
449664,1
449664,0
449664,3
449750,0
449750,1
449750,5
449824,8
449824,0
449824,1
449931,1
449931,0
449941,0
449941,22
450095,1
450095,0
450175,7
450175,186
450175,15
450175,4
450175,30
450175,144
450175,8
450188,0
450255,1
450255,0
450370,1
450370,5
450420,0
450424,37
450464,0
450487,1
450487,8
450487,0
450496,0
450496,1
450722,1
450742,0
450754,1
450754,51
450754,0
450828,0
450828,2
450828,1
450828,4
450934,1
450934,28
451011,4
451011,14
451011,13
451011,0
451164,1
451164,4
451214,7
451214,186
451214,0
451214,1
451214,5
451223,1
451223,5
451223,20
451223,4
451223,10
451223,0
451223,18
451223,62
451242,0
451249,0
451249,7
451249,186
451329,0
451351,0
451351,7
451351,186
451351,5
451351,1
451424,1
451425,0
451521,1
451574,1
451574,0
451591,5
451591,1
451591,3
451591,0
451704,5
451704,1
451727,0
451727,1
451885,0
451885,5
451885,1
451942,7
451942,186
451942,22
451942,0
451942,1
451966,0
451966,5
451966,1
452092,1
452092,0
452134,1
452134,51
452134,4
452134,24
452156,1
452255,0
452265,9
452298,1
452298,0
452414,0
452414,1
452414,4
452414,3
452414,8
452426,0
452451,0
452473,1
452478,0
452478,9
452478,7
452478,186
452532,0
452532,3
452532,4
452532,1
452532,6
452532,8
452532,9
452532,33
452532,7
452532,186
452594,1
452594,0
452685,0
452685,9
452685,1
452685,5
452707,2
452733,0
452733,5
452733,1
452733,7
452733,186
452761,0
452873,35
452873,26
452873,4
452873,18
452873,62
452875,0
452875,1
452902,1
452953,1
452953,5
452953,0
452974,0
452991,0
453019,6
453146,0
453146,1
453183,1
453183,0
453197,0
453197,1
453215,1
453215,0
453416,0
453416,1
453447,1
453467,0
453467,5
453467,1
453655,1
453655,0
453697,0
453697,1
453697,5
453706,1
453706,3
453706,2
453706,0
453747,1
453747,5
453747,7
453747,186
453747,0
453845,5
453845,1
453845,0
453871,1
453871,0
453875,1
453875,5
453875,0
453875,6
453875,20
453879,4
453892,0
453892,1
453929,0
453976,1
453976,20
453976,8
454022,1
454022,0
454046,0
454046,1
454065,0
454082,1
454082,5
454085,1
454085,5
454085,0
454311,1
454311,5
454311,4
454378,3
454378,1
454378,0
454378,5
454415,1
454415,8
454415,14
454489,1
454489,3
454489,0
454489,2
454489,18
454489,62
454532,4
454532,8
454532,1
454648,1
454673,7
454673,186
454673,0
454673,1
454728,1
454728,0
454747,0
454747,2
454747,7
454747,186
454747,1
454771,0
454771,28
454771,1
454813,0
454813,1
454839,1
454839,0
454860,0
454860,5
454860,1
454897,1
455020,0
455061,1
455061,20
455068,0
455068,1
455068,4
455068,3
455097,1
455097,0
455100,1
455100,0
455265,0
455265,2
455513,4
455513,1
455513,3
455513,2
455513,18
455513,62
455550,1
455550,5
455550,15
455683,1
455683,0
455685,0
455685,2
455685,6
455685,1
455685,3
455839,0
455839,22
455839,1
455920,1
456068,0
456141,1
456141,5
456141,3
456141,7
456141,186
456141,0
456172,0
456172,1
456389,26
456427,1
456427,0
456427,3
456427,10
456427,11
456427,9
456491,0
456491,4
456491,31
456491,25
456491,11
456551,0
456551,1
456551,5
456551,7
456551,186
456551,31
456551,4
456594,0
456598,5
456745,1
456745,5
456865,0
456877,4
456877,3
456877,1
456877,2
456877,0
456877,24
456877,6
456896,0
456896,1
456905,5
456905,1
456905,29
456905,7
456905,186
456905,15
456905,13
456905,14
456905,26
456953,1
456959,0
456959,8
456998,1
456998,12
457035,5
457035,1
457083,1
457111,0
457114,1
457201,0
457201,16
457203,1
457209,0
457356,1
457418,0
457418,1
457462,0
457462,2
457473,5
457505,1
457505,3
457505,5
457505,0
457594,8
457939,4
457939,3
457939,0
457939,18
457939,62
457939,12
458089,0
458089,7
458089,186
458089,1
458089,23
458089,21
458115,1
458115,0
458124,0
458185,0
458185,1
458185,2
458231,0
458392,25
458473,0
458473,2
458583,1
458583,0
458583,14
458583,26
458583,13
458583,4
458583,15
458601,0
458601,1
458604,0
458604,1
458604,4
458604,8
458657,0
458657,1
458657,5
458657,9
458681,1
458681,20
458681,12
458681,31
458681,6
458686,1
458686,5
458686,3
458686,4
458686,0
458719,4
458784,0
458795,0
458795,1
458849,0
458944,1
458944,5
458944,7
458944,186
458944,2
458963,1
458986,1
459019,1
459019,5
459019,0
459019,2
459084,0
459092,1
459092,5
459092,0
459099,1
459101,5
459101,1
459103,18
459103,62
459103,1
459112,1
459112,0
459112,2
459187,0
459187,1
459187,5
459285,4
459285,13
459285,14
459285,30
459285,144
459285,2
459285,10
459285,11
459285,9
459347,10
459347,9
459403,1
459440,1
459482,1
459487,0
459487,1
459526,7
459526,186
459526,0
459526,1
459537,1
459537,3
459651,1
459707,0
459707,1
459707,3
459707,8
459769,0
459769,1
459769,15
459817,1
459911,21
459911,1
459926,0
459969,0
459969,1
460002,5
460002,1
460002,0
460002,22
460003,0
460003,1
460123,0
460143,0
460143,16
460219,0
460272,1
460272,8
460311,0
460311,7
460311,186
460449,1
460449,4
460449,3
460449,0
460500,18
460500,62
460500,12
460500,1
460519,0
460519,1
460519,7
460519,186
460519,5
460562,5
460562,1
460562,0
460588,4
460637,6
460637,35
460639,26
460639,13
460639,27
460639,39
460639,1
460639,5
460754,35
460822,0
460822,1
460822,5
460895,0
460895,1
461046,0
461084,1
461120,4
461153,0
461178,4
461178,13
461178,14
461178,0
461201,0
461201,5
461201,1
461318,0
461742,0
461742,22
461753,4
461753,1
461753,25
461773,0
461773,2
461801,1
461801,0
461816,7
461816,186
461816,0
461928,1
461932,4
461932,25
461940,1
461978,1
461978,0
461992,1
461992,8
462026,0
462159,1
462159,5
462280,0
462291,4
462291,13
462291,26
462291,31
462375,0
462382,0
462382,1
462399,8
462399,1
462399,4
462399,3
462451,7
462451,186
462507,1
462507,3
462507,0
462619,5
462619,1
462635,1
462635,26
462635,0
462637,1
462637,0
462642,0
462721,0
462733,0
462733,1
462795,1
462795,8
462828,0
462836,1
462836,0
462836,4
462836,3
462837,1
462837,5
462837,0
462897,0
462897,20
462897,24
463001,1
463097,7
463097,186
463126,1
463128,1
463128,0
463159,13
463159,0
463159,2
463159,1
463159,4
463159,5
463159,3
463172,8
463172,1
463172,0
463258,0
463258,1
463305,0
463305,6
463305,1
463305,32
463308,1
463308,0
463308,16
463385,0
463578,1
463578,5
463578,0
463651,1
463651,26
463659,1
463659,3
463659,0
463659,4
463764,6
463764,1
463764,0
463921,1
463921,4
463921,31
463921,9
463921,3
463976,18
463976,62
464016,30
464016,144
464016,26
464016,8
464038,1
464038,5
464038,28
464040,7
464040,186
464040,1
464040,0
464040,3
464119,4
464119,0
464119,2
464119,1
464124,1
464124,5
464124,0
464172,1
464172,0
464172,20
464172,16
464172,8
464176,4
464176,3
464176,0
464198,1
464200,0
464383,1
464421,1
464421,7
464421,186
464421,0
464483,0
464620,3
464620,4
464620,1
464620,0
464774,18
464774,62
464871,1
464871,0
464879,1
464879,26
464887,0
464887,1
464887,2
464887,18
464887,62
464917,0
464973,0
464973,2
465012,0
465016,1
465016,4
465016,9
465016,3
465016,0
465058,1
465058,0
465126,1
465126,0
465145,7
465145,186
465145,0
465145,1
465145,5
465149,6
465149,0
465165,0
465165,2
465207,1
465207,0
465207,18
465207,62
465233,14
465233,1
465233,5
465233,0
465315,0
465315,1
465315,5
465387,0
465420,1
465420,0
465420,5
465420,7
465420,186
465580,4
465580,1
465642,0
465642,1
465642,5
465642,7
465642,186
465642,3
465868,1
465868,5
465868,0
465868,9
465912,1
465912,5
465912,0
465970,5
465970,15
465970,0
465970,2
465970,18
465970,62
466054,0
466054,2
466102,1
466102,0
466102,2
466197,0
466228,1
466228,5
466228,0
466241,1
466250,1
466250,5
466250,0
466250,7
466250,186
466250,4
466250,13
466250,10
466250,11
466250,31
466250,9
466270,0
466270,1
466270,4
466270,3
466270,2
466270,18
466270,62
466363,1
466363,4
466363,0
466466,15
466466,7
466466,186
466466,1
466466,9
466466,5
466466,13
466466,0
466531,5
466531,0
466531,22
466609,0
466609,1
466612,1
466612,0
466628,1
466628,0
466674,1
466674,0
466674,10
466674,11
466674,9
466674,12
466697,1
466697,5
466811,0
466811,1
466811,5
466811,7
466811,186
466900,0
466939,1
466939,4
466939,3
466974,1
466974,0
466974,3
467010,4
467010,1
467010,5
467010,0
467010,2
467010,24
467010,3
467010,15
467015,0
467069,0
467214,0
467252,5
467252,1
467261,0
467261,1
467264,1
467264,0
467264,14
467317,0
467322,1
467322,0
467322,2
467390,1
467390,8
467390,4
467489,0
467608,8
467622,0
467622,7
467622,186
467622,5
467622,1
467631,8
467631,4
467631,9
467631,13
467631,1
467705,0
467771,0
467771,1
467836,0
467852,8
467852,1
467852,5
467852,6
467889,9
467890,0
467890,1
467890,8
467982,1
467982,5
467982,31
468011,0
468011,18
468011,62
468011,1
468011,4
468011,3
468011,26
468034,1
468034,0
468039,1
468053,1
468053,0
468093,4
468093,0
468114,4
468114,1
468114,0
468115,0
468115,1
468156,0
468258,1
468258,15
468258,5
468258,0
468258,2
468282,1
468297,0
468326,5
468326,0
468432,10
468432,26
468491,1
468491,0
468586,7
468586,186
468590,0
468590,17
468722,0
468722,1
468849,3
468849,0
468849,1
468968,5
468968,1
468968,0
468968,4
468968,26
469017,1
469017,0
469037,0
469037,1
469299,1
469299,0
469307,1
469307,0
469307,7
469307,186
469496,4
469496,9
469496,13
469496,1
469590,0
469590,2
469590,5
469590,1
469716,7
469716,186
469716,0
469716,5
469716,1
469828,1
469828,30
469828,144
469828,5
469828,15
469828,3
469828,4
469828,7
469828,186
469828,0
469882,1
469882,5
469882,0
469901,0
469901,1
469966,0
469966,1
470001,0
470024,0
470029,0
470029,1
470040,0
470070,4
470070,0
470182,5
470182,1
470182,0
470203,26
470203,1
470203,0
470270,1
470270,0
470270,3
470270,9
470270,29
470292,8
470308,0
470308,1
470308,5
470328,1
470328,3
470328,0
470328,14
470328,4
470328,8
470432,4
470432,0
470499,0
470499,1
470664,1
470664,9
470664,5
470664,0
470760,0
470883,0
470883,1
470948,0
470948,29
471030,0
471204,0
471204,1
471219,1
471219,0
471219,18
471219,62
471368,1
471368,4
471400,1
471403,1
471440,0
471554,9
471554,0
471554,2
471600,1
471600,0
471638,1
471638,0
471703,9
471703,1
471703,4
471804,0
471804,1
471804,5
471804,29
471805,0
471805,1
471805,16
471904,0
471904,5
471904,1
471904,7
471904,186
472236,1
472236,0
472251,1
472251,4
472251,3
472260,1
472260,0
472260,5
472275,0
472337,0
472337,1
472337,26
472387,2
472418,6
472418,3
472418,1
472418,4
472425,1
472431,0
472431,1
472433,1
472433,0
472466,0
472472,1
472492,0
472492,1
472548,0
472548,16
472548,1
472553,0
472580,0
472580,2
472584,1
472584,5
472663,5
472663,1
472663,7
472663,186
472740,0
472741,1
472741,5
472741,0
472770,0
472801,0
472811,1
472830,1
472830,14
472830,9
472842,4
472871,0
472871,7
472871,186
472871,8
472902,1
472912,0
472969,1
472969,3
472969,0
473048,7
473048,186
473048,0
473052,1
473086,1
473096,7
473096,186
473096,5
473096,1
473096,2
473242,1
473338,1
473338,0
473338,6
473338,3
473368,0
473368,1
473396,1
473396,5
473396,9
473405,1
473405,0
473405,2
473587,5
473587,1
473587,4
473587,9
473587,0
473642,1
473642,0
473686,0
473698,1
473698,13
473759,8
473759,39
473759,17
473759,4
473759,19
473759,2
473959,1
473959,5
473959,7
473959,186
474045,1
474045,5
474054,0
474054,2
474055,0
474055,22
474077,17
474077,14
474077,18
474077,62
474077,0
474087,0
474087,1
474087,5
474209,7
474209,186
474209,0
474282,1
474282,0
474427,1
474427,0
474427,4
474491,13
474491,14
474579,1
474579,0
474579,5
474580,8
474580,0
474580,1
474580,4
474580,3
474662,0
474677,1
474677,5
474677,3
474697,4
474963,0
474983,1
474983,5
475006,16
475155,11
475155,47
475155,4
475155,9
475155,1
475280,0
475280,1
475280,7
475280,186
475280,5
475284,3
475284,0
475319,9
475319,17
475491,0
475491,2
475491,1
475491,4
475491,13
475491,3
475639,0
475639,5
475639,1
475639,3
475639,4
475639,13
475639,7
475639,186
475684,2
475684,0
475684,1
475684,26
475706,5
475706,1
475706,4
475706,13
475706,7
475706,186
475895,0
475895,1
475895,4
475895,14
475969,0
475987,0
475987,1
476007,0
476007,1
476007,5
476007,3
476039,7
476039,186
476039,0
476039,1
476073,0
476073,5
476073,1
476079,1
476079,0
476081,0
476081,1
476158,1
476158,4
476158,13
476158,9
476209,1
476209,0
476209,28
476327,2
476327,1
476327,4
476391,1
476434,1
476548,0
476548,6
476548,4
476548,2
476548,18
476548,62
476604,4
476604,3
476604,1
476604,14
476604,13
476604,0
476604,2
476604,18
476604,62
476673,0
476673,1
476673,5
476736,1
476736,5
476736,6
476749,8
476749,0
476749,5
476749,1
476754,7
476754,186
476754,5
476754,0
476789,0
476793,0
476793,2
476793,18
476793,62
476844,0
476878,0
476878,4
476878,13
476878,5
476878,7
476878,186
476878,15
476878,1
476962,4
476962,14
476962,13
476962,31
476962,1
476962,15
476985,22
476985,5
476985,1
476985,0
477009,0
477012,0
477012,5
477012,1
477012,15
477012,7
477012,186
477012,2
477067,1
477067,0
477067,16
477139,1
477139,0
477155,4
477155,0
477172,1
477172,4
477231,0
477231,5
477231,1
477231,7
477231,186
477231,29
477329,0
477329,2
477395,1
477420,1
477430,1
477430,5
477430,15
477430,0
477430,2
477430,18
477430,62
477456,0
477511,0
477511,18
477511,62
477511,1
477518,1
477626,0
477626,13
477626,1
477626,5
477626,4
477755,8
477755,0
477755,1
477760,15
477788,3
477788,4
477791,7
477791,186
477791,5
477791,0
477791,1
477795,12
477795,4
477812,1
477812,0
477833,0
477833,1
477897,0
477897,5
478022,1
478029,1
478029,5
478029,3
478029,0
478085,0
478085,1
478087,4
478164,1
478170,0
478173,7
478173,186
478308,4
478335,0
478335,1
478424,20
478424,0
478493,1
478493,5
478493,3
478530,4
478530,26
478629,0
478629,5
478629,1
478690,0
478690,1
478712,15
478712,1
478712,5
478712,0
478847,1
478847,0
478922,4
478922,13
478922,14
478922,1
478922,0
478922,5
478922,31
478922,7
478922,186
479277,0
479277,1
479305,5
479305,1
479305,4
479305,13
479305,9
479353,1
479353,0
479353,3
479353,13
479353,4
479400,0
479400,1
479485,0
479485,1
479485,5
479485,27
479588,0
479604,0
479626,30
479626,144
479626,1
479626,4
479630,1
479630,0
479667,4
479667,3
479667,1
479667,2
479667,0
479667,6
479728,0
479845,0
479845,4
479845,1
479845,31
479845,6
479857,5
479857,1
479857,29
479873,0
479873,1
480019,0
480019,1
480029,1
480029,22
480029,0
480029,5
480040,1
480040,5
480078,1
480127,16
480127,0
480133,3
480225,5
480225,0
480225,4
480229,7
480229,186
480229,1
480282,1
480282,5
480282,7
480282,186
480363,15
480363,1
480363,5
480363,13
480363,0
480549,7
480549,186
480576,1
480576,12
480576,0
480576,8
480582,0
480711,0
480755,0
480755,2
480755,18
480755,62
480818,0
480847,1
480847,2
480847,0
480852,1
480871,1
481050,1
481050,5
481050,7
481050,186
481050,4
481292,0
481312,1
481316,0
481316,1
481324,4
481324,3
481324,1
481324,2
481324,0
481324,24
481324,6
481359,5
481359,1
481359,7
481359,186
481359,0
481359,16
481376,1
481376,0
481414,1
481443,1
481451,0
481451,1
481506,0
481509,1
481517,1
481517,0
481519,0
481519,4
481526,1
481526,0
481526,5
481644,0
481644,6
481889,0
481906,1
482014,0
482014,1
482019,0
482019,1
482038,1
482125,0
482237,0
482363,8
482363,0
482363,1
482556,1
482556,7
482556,186
482556,0
482556,5
482626,0
482626,1
482646,0
482748,8
482756,0
482843,4
482843,1
482843,0
482843,2
483036,1
483036,0
483036,2
483036,18
483036,62
483107,1
483107,0
483115,0
483151,0
483151,1
483162,0
483203,3
483203,6
483289,0
483289,1
483306,0
483490,0
483490,1
483529,1
483615,0
483615,2
483615,4
483615,3
483615,1
483779,0
483790,0
483790,1
483810,5
483810,1
483810,4
483832,0
483832,28
483832,1
483859,0
483859,5
483859,1
483924,1
483959,0
483959,2
483959,5
483959,7
483959,186
483959,1
484051,1
484051,5
484051,0
484057,0
484057,1
484057,13
484057,14
484057,3
484133,0
484133,1
484133,13
484133,14
484133,3
484145,0
484145,16
484149,0
484154,5
484154,1
484154,0
484193,0
484254,0
484295,0
484295,1
484295,5
484507,1
484507,4
484507,3
484507,0
484555,0
484555,1
484609,1
484609,5
484609,29
484637,1
484637,0
484637,2
484637,24
484735,8
484735,1
484735,4
484735,3
484925,35
484925,1
484925,0
484925,8
485004,1
485004,0
485030,7
485030,186
485030,5
485030,1
485065,1
485065,5
485065,0
485075,0
485075,2
485075,18
485075,62
485075,4
485075,1
485157,0
485157,2
485162,1
485162,2
485162,18
485162,62
485162,4
485162,3
485166,0
485166,31
485166,1
485166,2
485232,22
485232,0
485232,1
485250,1
485250,0
485250,2
485267,0
485267,1
485267,5
485350,1
485350,13
485350,4
485350,3
485371,0
485529,7
485529,186
485529,0
485529,1
485594,14
485594,0
485715,3
485715,2
485715,1
485715,0
485715,4
485715,24
485715,6
485840,0
485840,16
485904,0
485907,0
485977,1
485977,3
485977,0
485994,8
486013,0
486013,1
486099,0
486193,0
486193,1
486298,0
486298,2
486320,0
486320,1
486320,5
486418,5
486418,4
486427,0
486493,0
486493,1
486698,0
486716,1
486716,0
486731,0
486731,1
486854,1
486854,0
486859,27
486874,0
486874,1
486915,0
486915,1
486915,5
486947,1
486947,10
486947,11
487002,1
487002,0
487017,1
487017,19
487017,4
487028,26
487028,1
487028,0
487065,7
487065,186
487065,0
487105,0
487105,1
487105,2
487105,4
487207,20
487207,12
487207,1
487213,26
487213,0
487213,1
487213,5
487213,8
487307,0
487307,7
487307,186
487374,0
487374,1
487468,0
487468,1
487468,5
487502,5
487502,1
487563,0
487563,20
487563,30
487563,144
487563,12
487603,0
487603,1
487603,4
487615,0
487745,0
487789,1
487849,3
487849,2
487849,4
487849,0
487849,28
487849,21
487849,10
487849,11
487849,9
487849,8
488032,4
488163,1
488163,8
488163,4
488163,19
488163,35
488255,0
488255,5
488255,1
488260,0
488260,1
488260,3
488280,15
488280,1
488285,1
488285,0
488392,1
488463,0
488463,1
488523,0
488523,1
488541,0
488541,1
488664,1
488666,14
488675,20
488675,0
488743,0
488743,5
488743,1
488785,1
488785,5
488785,0
488890,1
488890,4
488890,3
488890,0
488890,2
489041,0
489041,4
489041,1
489041,3
489041,5
489065,1
489065,0
489078,0
489078,5
489078,1
489286,1
489286,5
489384,1
489384,3
489445,0
489476,2
489476,0
489476,7
489476,186
489525,0
489525,1
489559,0
489583,0
489583,22
489672,1
489672,6
489790,0
489790,1
489790,5
489790,13
489790,4
489790,9
489840,1
489840,0
489845,1
489917,0
489919,0
489919,12
489919,26
489919,14
489919,4
490045,0
490045,1
490086,6
490086,1
490086,4
490086,8
490384,1
490384,0
490384,20
490384,12
490431,0
490431,14
490432,0
490432,4
490432,18
490432,62
490435,0
490435,2
490435,18
490435,62
490435,1
490477,20
490477,0
490491,4
490505,12
490505,6
490505,33
490505,1
490505,4
490505,14
490578,1
490603,8
490674,0
490761,1
490795,1
490795,5
490821,0
490821,22
490855,0
490878,2
490878,0
490878,12
490878,1
490878,6
490946,0
490949,1
490949,5
490949,0
490949,26
490981,0
491002,0
491002,1
491002,3
491002,5
491027,3
491027,12
491027,1
491027,0
491151,1
491151,5
491151,0
491162,1
491162,5
491195,18
491195,62
491234,5
491234,1
491234,0
491234,12
491277,1
491277,0
491292,1
491292,5
491292,9
491292,13
491292,0
491292,7
491292,186
491326,16
491338,0
491358,7
491358,186
491358,0
491365,0
491365,9
491462,16
491462,0
491462,1
491499,0
491526,0
491526,1
491681,0
491681,14
491681,13
491681,23
491681,4
491834,1
491834,3
491834,0
491891,0
491891,1
491973,1
491973,5
491973,0
491981,1
491981,26
492087,1
492087,5
492091,7
492091,186
492091,22
492091,1
492091,5
492160,1
492160,0
492171,1
492171,18
492171,62
492235,0
492235,1
492235,4
492255,5
492255,1
492255,0
492255,2
492255,10
492255,9
492266,2
492266,0
492275,1
492332,5
492332,1
492332,0
492337,0
492372,0
492415,5
492415,1
492454,0
492473,5
492473,1
492478,1
492480,0
492480,1
492487,0
492487,1
492487,13
492528,0
492528,5
492534,1
492560,1
492613,0
492665,10
492665,9
492665,0
492665,5
492665,7
492665,186
492680,8
492725,7
492725,186
492725,5
492734,0
492768,8
492778,0
492806,1
492834,1
492834,5
492834,0
492899,32
492939,1
492939,0
492939,18
492939,62
492939,10
492939,11
492939,9
493029,7
493029,186
493029,5
493033,21
493033,4
493033,22
493033,0
493177,1
493177,0
493472,1
493524,0
493590,0
493590,5
493590,1
493601,7
493601,186
493601,0
493629,29
493686,1
493686,19
493686,17
493686,0
493723,0
493723,1
493723,5
493723,18
493723,62
493740,0
493755,0
493755,1
493755,5
493787,0
493787,4
493787,1
493787,26
493794,1
493794,6
493794,0
493847,0
493957,1
493957,6
494134,0
494134,4
494153,1
494163,1
494163,5
494163,0
494197,8
494197,4
494197,3
494197,40
494250,0
494250,14
494250,1
494263,0
494357,7
494357,186
494357,5
494414,0
494463,1
494463,0
494488,1
494488,5
494488,6
494523,1
494523,5
494523,12
494540,1
494540,0
494558,0
494558,1
494558,5
494688,1
494688,0
494724,1
494724,5
494724,2
494724,0
494724,7
494724,186
494762,3
494762,1
494762,5
494799,1
494799,5
494810,8
494810,18
494810,62
494810,2
494810,31
494810,1
494810,4
494810,3
495052,5
495052,1
495065,5
495065,0
495065,1
495065,3
495065,4
495065,13
495068,1
495068,15
495068,12
495068,22
495087,0
495099,1
495099,4
495099,13
495099,3
495099,27
495099,0
495101,1
495101,5
495189,0
495189,1
495266,0
495278,0
495278,1
495278,8
495433,7
495433,186
495441,1
495441,5
495441,0
495567,0
495623,1
495664,1
495673,1
495693,0
495701,1
495701,5
495701,0
495890,0
495890,1
495890,30
495890,144
495943,0
496088,0
496088,26
496142,0
496162,4
496162,1
496162,9
496170,5
496170,4
496170,1
496224,7
496224,186
496232,0
496284,0
496284,5
496284,1
496306,0
496474,1
496547,1
496547,5
496604,0
496606,1
496606,7
496606,186
496606,22
496635,1
496635,0
496814,8
496814,1
496814,0
496950,1
496950,7
496950,186
496950,5
496950,0
496996,0
496996,1
496996,5
497004,0
497056,0
497056,1
497117,1
497117,5
497117,0
497177,0
497212,0
497372,4
497372,2
497392,0
497435,1
497444,5
497444,13
497444,7
497444,186
497510,0
497578,1
497615,3
497615,1
497986,1
498005,0
498116,0
498116,5
498128,1
498128,5
498128,0
498128,7
498128,186
498130,0
498146,1
498146,0
498201,0
498302,0
498311,0
498311,31
498311,12
498311,33
498311,1
498311,4
498311,6
498371,4
498371,9
498371,23
498371,26
498371,13
498371,25
498371,1
498371,0
498371,10
498371,27
498593,0
498593,7
498593,186
498606,0
498619,0
498619,1
498619,22
498737,1
498754,0
498754,1
498754,5
498754,22
498763,0
498763,21
498763,7
498763,186
498822,0
498822,7
498822,186
498822,1
498822,5
498844,0
498916,1
498916,5
498916,0
498918,0
498952,6
498952,0
498952,1
498952,3
498955,0
498962,0
498962,1
499115,1
499243,0
499296,1
499516,5
499516,7
499516,186
499516,1
499565,0
499565,5
499565,1
499595,3
499595,1
499595,5
499689,1
499689,0
499689,9
499826,0
499826,1
499826,5
500043,0
500072,1
500072,13
500168,0
500168,1
500201,0
500270,1
500270,0
500301,3
500301,1
500301,0
500304,1
500320,1
500320,3
500333,1
500333,0
500411,6
500411,1
500411,0
500509,0
500566,1
500702,0
500702,8
500749,8
500749,1
500753,0
500774,1
500774,4
500774,0
500922,0
500986,1
500986,0
501054,1
501054,0
501054,9
501056,0
501101,1
501139,31
501139,1
501139,12
501293,4
501293,9
501293,13
501293,0
501321,1
501321,5
501321,2
501321,0
501373,1
501386,1
501519,1
501519,0
501601,1
501601,0
501626,1
501626,5
501626,14
501626,0
501626,9
501626,11
501638,0
501638,1
501638,3
501732,0
502166,0
502166,1
502210,1
502210,0
502217,1
502217,5
502217,26
502221,0
502221,1
502221,20
502221,12
502232,9
502473,0
502510,0
502525,0
502595,1
502595,0
502595,12
502651,8
502651,1
502651,0
502689,1
502696,1
502696,4
502778,0
502793,1
502801,0
502801,5
502801,1
502804,0
502902,0
502966,0
502966,7
502966,186
502966,1
502966,18
502966,62
503086,0
503086,1
503165,22
503255,0
503255,1
503417,4
503417,13
503417,1
503417,2
503417,18
503417,62
503476,1
503546,0
503711,1
503711,4
503711,2
503750,0
503788,1
503788,15
503833,5
503833,1
503833,4
503833,12
503833,0
503833,2
504031,2
504055,0
504055,28
504055,1
504176,0
504260,4
504260,13
504260,14
504316,1
504316,5
504316,0
504415,4
504415,3
504415,1
504415,31
504415,5
504415,0
504415,9
504427,20
504427,0
504455,1
504514,1
504514,0
504514,6
504515,0
504554,1
504554,0
504555,0
504555,5
504555,1
504575,0
504575,1
504603,1
504615,0
504615,1
504615,4
504675,0
504702,6
504766,0
504863,1
504909,4
504909,0
504909,2
504909,18
504909,62
505147,0
505221,7
505221,186
505221,0
505242,0
505242,1
505242,3
505242,9
505312,1
505312,5
505325,1
505325,13
505325,4
505364,1
505364,5
505364,0
505364,2
505401,0
505401,2
505401,1
505401,4
505401,5
505401,7
505401,186
505415,4
505415,1
505415,0
505415,28
505415,18
505415,62
505648,0
505648,1
505688,0
505688,1
505797,0
505797,7
505797,186
505812,3
505812,1
505848,0
505848,1
505848,2
505871,0
505871,1
505881,1
505962,1
505962,0
505962,5
505969,1
505969,5
505969,0
506052,0
506052,1
506052,5
506052,7
506052,186
506149,0
506150,1
506150,0
506150,5
506163,3
506163,4
506163,1
506203,0
506203,1
506203,5
506238,0
506271,4
506271,3
506271,1
506271,2
506271,0
506271,24
506271,6
506300,0
506300,4
506300,3
506300,1
506300,5
506314,0
506314,1
506314,5
506378,1
506378,3
506378,0
506378,4
506378,2
506393,1
506393,18
506393,62
506434,8
506434,1
506449,1
506449,5
506449,15
506449,0
506469,1
506469,0
506520,0
506558,1
506559,32
506559,0
506562,1
506562,0
506687,0
506687,2
506708,0
506708,5
506708,1
506745,0
506745,1
506745,8
507005,22
507005,21
507005,0
507039,0
507229,5
507229,1
507229,0
507229,3
507229,4
507229,13
507229,15
507230,1
507230,0
507254,0
507306,1
507306,4
507309,0
507309,1
507346,1
507346,0
507346,8
507346,5
507435,0
507435,2
507435,18
507435,62
507435,1
507435,5
507435,4
507435,19
507435,33
507435,3
507474,1
507474,0
507593,5
507593,1
507593,0
507611,1
507611,0
507677,0
507677,1
507679,0
507683,1
507683,0
507746,0
507746,1
507802,1
507802,0
507802,5
507802,26
507820,1
507906,0
507932,0
507932,1
507932,5
508003,0
508003,2
508003,1
508003,30
508003,144
508003,25
508003,4
508003,14
508142,0
508247,1
508247,14
508247,0
508247,16
508396,1
508396,5
508518,0
508589,0
508609,0
508609,1
508714,0
508714,1
508855,4
508855,9
508855,10
508855,11
508896,1
508896,0
508917,1
508917,5
508917,7
508917,186
508917,0
509116,26
509116,0
509116,3
509116,5
509159,0
509184,0
509214,1
509214,0
509254,0
509283,10
509295,0
509295,1
509310,1
509310,5
509310,0
509346,1
509346,3
509346,4
509346,0
509482,0
509504,0
509504,1
509509,0
509543,0
509543,1
509543,5
509583,0
509641,1
509641,0
509641,9
509649,1
509649,5
509661,0
509730,1
509730,2
509730,4
509730,3
509813,1
509813,0
509825,20
509825,0
509825,8
509935,0
509991,0
509991,16
510137,0
510170,1
510170,7
510170,186
510230,0
510230,18
510230,62
510248,0
510248,1
510248,6
510248,33
510256,2
510256,0
510258,5
510258,1
510258,0
510258,2
510258,18
510258,62
510260,8
510358,0
510405,0
510405,1
510405,5
510423,0
510458,0
510458,1
510498,1
510544,7
510544,186
510544,1
510544,5
510590,0
510590,1
510825,1
510825,0
510825,3
510868,1
510868,0
510881,0
510881,1
510902,1
510902,31
511083,0
511083,2
511108,1
511108,17
511108,9
511108,4
511108,0
511364,18
511364,62
511364,0
511364,1
511364,3
511364,4
511388,0
511393,1
511393,0
511393,5
511423,1
511423,0
511450,5
511450,0
511460,0
511468,0
511482,1
511493,6
511493,1
511649,0
511649,1
511664,0
511664,1
511664,5
511701,0
511718,3
511718,4
511789,1
511887,0
511937,1
511937,0
511937,4
511948,8
511948,0
511948,1
511948,2
511953,0
511953,1
511953,4
511953,3
511953,5
511979,0
512025,4
512025,1
512025,0
512025,2
512044,8
512138,1
512336,0
512336,1
512450,7
512450,186
512611,1
512611,14
512617,3
512617,5
512617,1
512628,0
512628,5
512628,1
512691,1
512722,26
512773,1
512773,0
512773,4
512773,14
512853,8
512853,1
512853,5
512853,0
512878,1
512878,7
512878,186
512878,0
512878,5
512889,1
512889,4
512889,9
512889,0
512889,31
512889,25
512924,7
512924,186
512940,0
512969,0
512969,7
512969,186
512996,0
512996,16
512996,1
513018,1
513018,6
513019,0
513019,8
513094,0
513094,1
513094,3
513094,5
513121,1
513121,5
513121,0
513369,0
513369,2
513369,18
513369,62
513369,1
513369,4
513369,3
513394,0
513502,1
513502,5
513594,7
513594,186
513594,0
513594,1
513667,3
513667,1
513667,2
513669,0
513669,18
513669,62
513669,1
513669,4
513669,26
513718,1
513718,9
513719,1
513719,4
513719,3
513719,39
513719,0
513723,0
513779,0
513803,4
513803,1
513803,13
514045,0
514075,0
514075,2
514163,0
514163,1
514163,12
514240,5
514240,1
514240,0
514296,1
514296,5
514296,0
514433,0
514433,1
514447,0
514488,0
514488,7
514488,186
514488,1
514488,5
514488,22
514552,1
514552,4
514552,2
514552,24
514650,5
514650,1
514656,7
514656,186
514690,1
514826,0
514826,1
514835,0
514835,7
514835,186
514835,5
514835,1
514927,0
514927,1
514927,5
514927,7
514927,186
514927,15
514927,2
514931,0
514982,1
514982,4
514982,3
515109,0
515109,1
515109,12
515203,0
515203,4
515203,3
515203,1
515233,0
515233,1
515272,8
515281,0
515281,1
515281,5
515281,7
515281,186
515316,0
515378,1
515378,4
515378,0
515458,1
515458,2
515464,0
515464,1
515610,8
515610,19
515610,18
515610,62
515610,13
515610,6
515632,1
515645,1
515645,0
515739,9
515797,1
515797,5
515801,1
515801,14
515801,0
515801,20
515827,1
515827,4
515832,1
515832,0
515888,1
515888,0
516085,1
516085,5
516085,0
516085,4
516085,3
516105,0
516105,5
516105,1
516127,3
516206,0
516258,1
516258,13
516269,1
516284,0
516284,1
516453,0
516453,14
516462,0
516462,7
516462,186
516519,0
516519,3
516519,4
516574,0
516604,8
516606,1
516606,12
516666,1
516666,17
516667,2
516667,8
516667,1
516738,1
516753,0
516753,5
516753,1
516812,0
516812,1
516812,5
516812,7
516812,186
516844,1
516844,4
516853,12
516853,6
516853,33
516853,1
516853,4
516853,14
516959,3
516959,4
516959,0
516959,2
517000,0
517027,1
517079,1
517079,5
517079,0
517180,0
517180,20
517180,12
517180,1
517230,1
517230,3
517328,1
517328,0
517365,0
517492,0
517492,1
517527,1
517527,5
517527,0
517612,1
517689,1
517689,16
517705,1
517713,0
517713,7
517713,186
517721,24
517721,7
517721,186
517721,1
517774,0
517774,1
517860,7
517860,186
517866,1
517866,3
517866,13
517930,0
517930,1
517930,8
518018,0
518018,1
518126,5
518126,1
518128,0
518251,1
518251,5
518251,0
518532,0
518532,1
518664,1
518664,0
518763,1
518763,0
518763,5
518763,7
518763,186
518787,1
518787,0
518816,0
518816,1
518851,7
518851,186
518851,5
518977,0
518977,6
518977,1
519021,7
519021,186
519230,0
519230,5
519230,7
519230,186
519230,1
519240,7
519240,186
519240,0
519240,1
519240,5
519245,0
519292,1
519292,13
519292,3
519292,0
519292,9
519292,17
519341,5
519341,1
519341,7
519341,186
519363,1
519363,5
519363,0
519400,4
519400,1
519400,30
519400,144
519414,5
519414,1
519437,7
519437,186
519437,5
519679,1
519679,5
519679,0
519701,0
519701,5
519701,15
519701,1
519701,7
519701,186
519753,1
519753,0
519912,0
519944,1
519944,0
519944,5
520065,0
520065,1
520065,14
520065,30
520065,144
520065,25
520127,4
520127,3
520127,1
520127,2
520127,0
520162,4
520162,28
520162,24
520162,0
520220,0
520325,1
520325,2
520602,8
520602,1
520602,7
520602,186
520639,1
520676,1
520758,0
520758,1
520758,5
520786,0
520827,7
520827,186
520827,1
520827,5
520827,6
520870,1
520870,3
520870,8
520870,0
520893,1
520893,0
520893,8
520894,0
520902,7
520902,186
520902,1
520902,5
520902,22
520909,0
521063,1
521063,0
521063,5
521063,3
521063,15
521087,0
521087,1
521087,5
521269,1
521269,4
521269,3
521337,0
521337,1
521441,0
521447,4
521447,3
521447,1
521447,2
521447,24
521447,6
521546,1
521615,1
521619,0
521668,1
521668,0
521668,45
521784,26
521784,13
521784,4
521784,9
521784,5
521784,1
521784,0
521784,7
521784,186
521871,1
521927,0
522016,1
522016,0
522028,8
522028,0
522028,1
522028,20
522031,0
522031,1
522045,0
522045,1
522117,7
522117,186
522117,0
522148,6
522148,0
522148,7
522148,186
522162,7
522162,186
522162,0
522173,1
522173,5
522173,7
522173,186
522173,0
522280,0
522280,1
522280,5
522351,0
522351,1
522416,7
522416,186
522416,0
522420,1
522508,1
522508,0
522556,0
522570,1
522570,0
522610,1
522643,0
522643,1
522643,4
522643,3
522671,1
522671,5
522671,7
522671,186
522798,4
522798,1
522798,0
522798,14
522798,9
522862,0
522862,1
522883,1
522883,4
522883,0
522945,1
522945,3
522945,5
522945,0
522980,7
522980,186
522980,1
523058,5
523058,1
523058,7
523058,186
523076,1
523076,0
523113,1
523169,1
523232,0
523259,0
523259,1
523277,0
523277,5
523277,1
523306,12
523306,1
523416,0
523416,1
523416,8
523424,0
523424,1
523427,0
523467,4
523467,1
523467,19
523735,21
523766,1
523766,0
523867,4
524060,0
524195,3
524195,4
524195,1
524195,2
524242,0
524242,22
524262,0
524262,1
524262,4
524262,3
524262,2
524262,18
524262,62
524264,4
524264,1
524264,3
524264,2
524304,0
524304,1
524304,5
524304,15
524326,0
524326,1
524326,5
524344,0
524344,2
524344,3
524513,1
524513,5
524513,26
524513,4
524595,4
524595,19
524595,17
524595,1
524595,0
524595,2
524614,0
524614,7
524614,186
524614,23
524635,4
524635,0
524678,1
524678,3
524697,1
524697,5
524697,0
524702,7
524702,186
524800,0
524800,3
524800,5
524800,1
524851,4
524851,1
524851,25
524851,0
524851,6
524860,4
524860,3
524860,1
524860,2
524860,0
524860,6
524880,1
524880,4
524880,3
524880,5
524880,0
524880,10
524880,9
525049,8
525054,26
525054,0
525054,5
525054,1
525054,4
525054,7
525054,186
525054,8
525059,1
525059,14
525059,13
525059,9
525059,4
525108,23
525108,0
525108,22
525155,7
525155,186
525155,5
525155,1
525155,0
525196,5
525196,1
525196,0
525243,1
525368,1
525370,12
525370,20
525370,1
525402,1
525402,0
525444,1
525549,0
525549,1
525549,16
525587,0
525595,1
525595,0
525595,12
525595,2
525595,18
525595,62
525610,0
525816,4
525816,3
525816,1
525816,0
525816,2
525839,5
525839,1
525915,1
525938,1
525938,0
526147,23
526147,7
526147,186
526168,0
526263,0
526264,1
526264,0
526264,3
526264,4
526292,0
526301,0
526319,0
526319,1
526473,0
526473,1
526473,4
526491,0
526491,1
526497,1
526547,0
526547,1
526547,8
526573,0
526573,1
526573,4
526573,14
526575,8
526593,4
526593,26
526593,1
526621,1
526621,13
526637,0
526637,1
526678,0
526678,4
526678,1
526678,42
526678,14
526678,6
526679,1
526697,8
526697,1
526697,0
526769,0
526769,1
526916,22
526916,0
526916,1
526916,13
526916,4
527031,1
527031,5
527133,0
527133,1
527149,0
527149,1
527306,1
527306,5
527333,0
527374,1
527374,5
527374,0
527468,1
527468,0
527504,7
527504,186
527504,5
527504,1
527504,0
527659,3
527659,4
527659,1
527748,0
527748,2
527851,1
527851,5
527851,4
527851,13
527851,0
527852,23
527852,0
527876,0
527896,1
527933,0
527933,1
527967,0
527967,1
527967,3
527967,4
528034,0
528034,1
528103,1
528103,5
528103,3
528103,0
528148,0
528148,1
528148,2
528150,1
528150,5
528150,0
528154,0
528154,1
528154,5
528170,0
528170,1
528170,5
528217,0
528217,1
528217,8
528237,0
528237,2
528237,24
528237,4
528237,3
528237,1
528237,6
528270,0
528413,0
528413,1
528443,1
528443,5
528443,0
528456,1
528456,0
528456,18
528456,62
528469,0
528469,2
528581,1
528581,0
528604,5
528604,1
528604,7
528604,186
528604,3
528604,0
528696,0
528696,1
528809,1
528983,0
528983,1
528996,0
528996,16
528996,20
528996,1
529093,0
529104,1
529122,0
529122,6
529122,4
529122,1
529122,14
529128,5
529128,1
529128,0
529128,2
529128,18
529128,62
529190,5
529190,3
529190,1
529190,0
529341,0
529341,1
529341,5
529392,0
529402,0
529402,1
529402,2
529482,5
529482,1
529482,7
529482,186
529482,0
529533,1
529533,5
529533,0
529607,0
529607,1
529607,5
529653,0
529826,0
530029,6
530029,0
530029,1
530058,7
530058,186
530230,1
530299,0
530299,1
530386,1
530386,5
530516,1
530529,0
530576,1
530576,5
530576,4
530633,1
530633,6
530633,5
530633,4
530633,3
530633,27
530633,13
530667,0
530669,1
530699,1
530699,0
530699,18
530699,62
530708,1
530708,5
530708,7
530708,186
530759,1
530814,0
530934,8
530934,0
530934,7
530934,186
530969,0
530969,5
530987,0
530987,6
530987,4
530987,2
530987,18
530987,62
531076,0
531076,1
531139,0
531149,1
531149,0
531149,6
531169,8
531169,1
531187,1
531187,5
531231,5
531231,1
531231,22
531326,0
531355,8
531355,1
531355,0
531434,0
531434,1
531525,1
531525,0
531568,1
531568,4
531568,13
531568,0
531568,2
531568,5
531604,0
531604,1
531697,1
531697,0
531699,0
531699,1
531699,5
531819,0
531819,1
531908,1
531908,5
531908,0
531908,7
531908,186
531914,14
531914,4
531914,1
531914,0
531994,0
531994,2
531994,1
531994,4
532001,1
532001,5
532001,0
532004,0
532004,1
532004,5
532114,0
532346,1
532346,0
532380,0
532442,1
532442,0
532450,1
532549,0
532562,4
532562,18
532562,62
532562,2
532562,3
532562,0
532562,1
532667,4
532719,1
532719,0
532751,1
532751,14
532751,0
532751,2
532751,18
532751,62
532833,22
532864,10
532864,0
532907,0
532907,4
532907,3
532907,11
532935,0
532972,1
533010,0
533015,5
533038,1
533038,5
533089,1
533089,4
533143,1
533143,5
533143,8
533183,8
533183,0
533183,1
533183,3
533183,4
533183,18
533183,62
533183,5
533355,5
533355,1
533355,0
533360,5
533396,0
533396,1
533396,3
533396,2
533442,0
533506,0
533506,16
533506,10
533506,9
533693,1
533717,9
533717,10
533717,11
533823,1
533823,5
533823,0
533823,22
533832,1
533832,0
534014,1
534014,5
534014,0
534015,0
534015,1
534015,5
534044,0
534044,18
534044,62
534089,24
534089,0
534167,1
534167,5
534167,4
534167,9
534167,13
534167,0
534167,2
534312,4
534312,0
534312,1
534312,3
534312,8
534382,9
534382,10
534382,11
534382,1
534434,0
534434,1
534498,0
534498,1
534550,0
534550,1
534550,5
534550,4
534550,3
534550,17
534563,0
534633,1
534633,0
534633,2
534673,5
534716,0
534716,1
534722,1
534786,0
534789,26
534910,1
534910,4
534910,9
534910,0
534932,0
534968,1
534968,5
534977,5
534977,1
534977,0
535012,0
535018,0
535018,25
535018,10
535018,11
535018,6
535018,9
535049,14
535049,0
535116,0
535125,1
535125,5
535125,0
535125,7
535125,186
535150,20
535150,1
535150,0
535150,23
535150,5
535150,15
535223,10
535223,11
535223,9
535223,0
535223,5
535223,1
535243,5
535243,1
535243,0
535330,4
535330,1
535330,3
535330,0
535333,0
535333,1
535333,3
535333,28
535348,5
535348,1
535359,8
535359,17
535359,1
535382,1
535382,4
535470,4
535470,31
535470,0
535482,0
535511,1
535511,5
535511,0
535561,32
535561,1
535561,0
535616,1
535616,12
535616,0
535618,0
535619,0
535722,0
535733,0
535733,5
535733,1
535733,3
535740,0
535740,1
535762,0
535762,1
535765,35
535765,33
535806,0
535806,7
535806,186
535806,1
535994,1
536030,1
536030,0
536090,0
536094,1
536121,1
536121,5
536121,4
536311,1
536311,5
536361,3
536419,5
536441,0
536723,0
536723,1
536740,0
536740,1
536749,7
536749,186
536749,21
536786,0
536786,1
536806,1
536806,0
536806,2
536806,18
536806,62
536806,9
536806,17
536824,0
536825,1
536825,4
536825,0
536825,2
536825,8
536837,0
536857,0
536857,7
536857,186
536857,1
536912,0
536953,1
536953,4
537049,7
537049,186
537049,5
537049,16
537049,0
537049,1
537158,0
537158,1
537278,1
537278,0
537278,9
537278,5
537362,0
537362,1
537362,5
537362,7
537362,186
537362,15
537362,31
537388,4
537388,32
537388,0
537388,1
537655,1
537849,0
537849,4
537849,6
537849,1
537849,5
537849,33
537849,14
537861,1
537869,0
537900,5
537900,1
537900,29
537900,4
537900,3
537900,0
538049,1
538202,1
538202,6
538202,12
538256,24
538256,4
538283,0
538283,1
538283,3
538283,4
538350,5
538350,1
538412,5
538412,1
538448,5
538448,3
538448,1
538448,4
538448,7
538448,186
538529,4
538529,26
538529,1
538545,1
538545,0
538566,4
538609,1
538609,3
538609,0
538657,10
538657,0
538691,5
538691,1
538724,1
538724,0
538757,1
538757,0
538849,0
538893,1
538893,5
538893,0
538893,7
538893,186
538937,0
538955,1
538955,0
539114,1
539114,0
539119,0
539119,1
539153,1
539153,5
539153,0
539225,0
539225,1
539227,1
539227,5
539227,0
539227,8
539302,0
539302,5
539302,1
539369,0
539412,0
539412,4
539412,1
539412,5
539412,7
539412,186
539483,0
539483,1
539536,0
539536,1
539594,1
539594,18
539594,62
539594,0
539780,18
539780,62
539780,1
539844,27
539844,9
539844,4
539844,1
539844,30
539844,144
539844,25
539863,5
539863,1
539863,0
539863,2
539897,1
539897,6
539897,20
539897,0
539907,2
539910,0
539911,0
539911,7
539911,186
539911,1
539911,4
539911,13
539911,3
539974,0
539974,1
540075,8
540189,1
540189,3
540189,4
540189,2
540189,0
540189,24
540189,6
540221,4
540221,9
540221,13
540221,7
540221,186
540221,1
540339,0
540356,0
540356,6
540356,12
540356,5
540356,1
540385,1
540385,0
540462,9
540462,24
540462,0
540462,8
540535,5
540535,1
540535,3
540614,4
540614,1
540774,0
540774,2
540774,1
540832,0
540859,1
540859,4
540859,18
540859,62
540923,0
540923,2
540983,0
540983,22
541057,1
541057,0
541118,1
541118,0
541129,0
541208,1
541208,4
541208,0
541277,3
541277,1
541277,4
541277,2
541277,0
541277,24
541277,6
541312,1
541312,13
541336,5
541336,1
541336,7
541336,186
541336,0
541345,0
541345,1
541425,0
541613,0
541632,12
541632,20
541734,8
541743,1
541743,0
541743,9
541987,7
541987,186
541987,5
541987,1
541987,22
542073,1
542092,0
542092,4
542092,1
542092,3
542092,6
542105,0
542199,0
542199,1
542199,5
542231,0
542231,7
542231,186
542259,1
542259,5
542297,1
542312,0
542356,1
542447,1
542447,0
542474,1
542474,5
542474,7
542474,186
542525,1
542525,4
542525,5
542526,0
542555,7
542555,186
542555,0
542772,27
542772,17
542772,39
542772,38
542842,0
542934,26
542934,0
542979,0
543043,0
543060,8
543060,0
543060,1
543103,1
543103,0
543182,0
543232,0
543253,0
543253,1
543253,6
543253,12
543269,0
543269,1
543269,5
543269,4
543269,3
543269,6
543284,1
543284,30
543284,144
543284,2
543496,1
543496,6
543496,0
543500,1
543500,5
543500,3
543500,4
543500,0
543566,0
543568,1
543568,0
543664,4
543678,1
543678,0
543678,4
543678,27
543678,13
543678,2
543706,1
543706,0
543733,0
543733,1
543783,0
543877,9
543877,17
543877,10
543877,11
543940,1
543940,5
543940,3
543940,0
543940,2
543940,18
543940,62
544050,1
544050,9
544137,1
544137,26
544137,2
544182,0
544182,1
544214,1
544226,1
544226,0
544226,10
544226,11
544226,9
544291,0
544291,5
544291,1
544293,1
544293,0
544325,8
544342,1
544342,0
544387,4
544387,9
544387,1
544387,0
544441,0
544514,0
544514,22
544535,0
544569,12
544569,20
544569,1
544604,0
544604,1
544609,1
544609,27
544609,0
544684,1
544684,5
544684,0
544684,2
544684,3
544822,12
544822,1
544822,4
544822,3
544963,0
544963,1
544963,5
544974,0
545097,0
545097,1
545097,4
545097,2
545104,0
545104,2
545104,1
545117,0
545117,5
545117,1
545126,0
545126,4
545139,0
545139,1
545139,14
545139,4
545139,2
545202,0
545240,1
545240,5
545240,0
545271,0
545292,0
545308,1
545308,0
545308,12
545343,1
545351,1
545351,0
545376,0
545376,1
545464,1
545464,8
545466,0
545466,1
545484,0
545579,0
545579,1
545579,8
545599,17
545695,0
545749,0
545749,8
545780,8
545780,4
545801,1
545801,4
545801,3
545801,0
545801,2
545903,4
545903,0
545903,1
545947,0
545947,1
545968,0
546007,0
546106,1
546108,1
546108,0
546111,1
546111,4
546111,3
546111,0
546111,2
546111,18
546111,62
546243,0
546243,14
546365,0
546365,1
546365,4
546382,5
546435,7
546435,186
546435,1
546562,0
546562,1
546562,5
546564,1
546621,8
546674,1
546674,0
546740,5
546740,0
546746,0
546746,1
546746,8
546757,1
546757,0
546800,0
547139,14
547139,4
547139,17
547139,39
547212,1
547212,8
547212,4
547275,1
547275,14
547275,4
547275,0
547345,0
547345,16
547345,1
547345,14
547345,2
547405,21
547405,0
547470,0
547470,1
547470,8
547514,1
547514,0
547520,0
547603,0
547603,2
547693,0
547693,16
547731,25
547731,1
547731,0
547786,1
547787,8
547787,1
547787,0
547808,5
547808,1
547828,0
547828,1
547828,13
547828,14
547865,0
547865,1
547865,2
547922,1
547922,0
547922,7
547922,186
548043,1
548043,0
548050,1
548050,0
548165,7
548165,186
548187,0
548187,1
548323,1
548331,1
548331,5
548516,1
548516,5
548516,7
548516,186
548516,0
548525,0
548574,10
548574,11
548574,9
548574,17
548574,0
548574,1
548576,1
548576,0
548585,9
548585,10
548585,25
548646,4
548733,1
548733,13
548858,1
548858,14
548885,0
548931,0
548931,7
548931,186
548980,0
549010,1
549011,8
549052,1
549071,1
549139,12
549139,5
549139,1
549139,8
549228,25
549229,1
549229,0
549236,15
549236,5
549236,7
549236,186
549289,0
549289,1
549301,0
549408,8
549462,0
549462,14
549462,1
549462,3
549462,4
549462,5
549503,1
549539,1
549564,1
549564,5
549564,2
549630,1
549772,8
549808,1
549808,5
549907,0
549974,0
550018,8
550028,0
550028,1
550125,7
550125,186
550125,18
550125,62
550125,1
550125,3
550125,4
550125,14
550125,52
550156,0
550321,0
550416,1
550416,4
550416,13
550416,14
550467,3
550471,1
550471,12
550471,6
550501,5
550559,1
550559,5
550559,2
550559,6
550559,0
550585,5
550585,0
550614,1
550614,0
550672,1
550672,5
550672,4
550673,1
550673,0
550673,5
550673,7
550673,186
550673,8
550901,0
551017,25
551017,0
551024,14
551024,9
551074,0
551074,1
551074,31
551074,9
551074,6
551117,6
551117,1
551120,0
551179,0
551179,1
551179,8
551218,0
551218,16
551232,0
551232,1
551232,5
551260,0
551312,1
551312,0
551338,1
551338,0
551376,4
551376,1
551376,8
551450,0
551450,1
551516,3
551516,0
551516,2
551538,0
551538,1
551574,1
551832,1
551832,0
551897,1
551897,0
551897,7
551897,186
551897,26
551955,0
551984,1
551984,8
551991,1
551991,5
551991,0
552073,0
552129,0
552129,7
552129,186
552252,18
552252,62
552252,0
552252,2
552276,4
552276,1
552276,3
552276,8
552326,1
552331,0
552331,1
552331,38
552337,5
552337,15
552337,0
552337,18
552337,62
552545,0
552545,1
552580,1
552580,0
552710,0
552759,1
552759,0
552837,1
552839,0
552839,1
552871,1
553035,1
553035,4
553053,1
553053,5
553053,0
553145,5
553145,0
553162,14
553162,1
553162,9
553162,0
553201,2
553201,26
553201,13
553201,0
553201,30
553201,144
553201,11
553201,1
553201,6
553233,1
553233,5
553233,0
553233,2
553266,0
553342,2
553342,1
553342,0
553366,1
553366,5
553366,0
553387,0
553475,1
553475,4
553475,30
553475,144
553475,8
553498,0
553498,1
553498,5
553500,1
553500,13
553500,10
553565,0
553568,1
553568,4
553717,0
553831,0
553845,0
553845,4
553845,1
553845,3
553851,0
553851,1
554095,1
554095,0
554100,0
554100,5
554100,1
554124,0
554124,1
554124,3
554124,8
554173,0
554259,0
554320,5
554320,7
554320,186
554320,15
554320,0
554320,25
554320,1
554407,1
554407,0
554501,0
554524,0
554524,5
554524,1
554649,24
554649,5
554649,1
554649,0
554649,20
554663,1
554663,0
554680,8
554680,26
554680,13
554680,1
554680,5
554720,1
554761,0
554761,5
554761,1
554761,7
554761,186
554819,0
554850,5
554850,1
554850,15
554872,8
554872,0
554872,1
554975,1
554975,0
554975,5
554995,32
555018,1
555018,4
555018,3
555076,1
555098,3
555098,2
555098,0
555098,1
555266,1
555338,5
555386,8
555509,1
555695,1
555695,39
555695,9
555695,0
555702,5
555702,1
555702,15
555702,30
555702,144
555988,1
556034,0
556034,18
556034,62
556034,1
556127,1
556127,14
556227,1
556227,5
556227,0
556227,24
556241,1
556248,1
556248,0
556248,5
556252,20
556256,0
556284,1
556284,5
556287,1
556287,9
556287,10
556287,30
556287,144
556287,5
556287,0
556289,0
556289,1
556511,1
556511,5
556511,0
556511,8
556568,1
556568,5
556568,2
556685,4
556685,9
556685,13
556685,7
556685,186
556685,1
556690,0
556749,0
556887,0
556887,5
556887,1
557033,0
557033,16
557033,1
557033,5
557033,4
557033,18
557033,62
557037,0
557037,1
557037,5
557121,0
557141,1
557141,5
557210,0
557210,22
557341,1
557341,0
557341,5
557341,15
557341,2
557341,18
557341,62
557345,3
557345,1
557345,4
557345,26
557363,0
557395,1
557395,3
557443,5
557443,1
557443,0
557510,0
557510,1
557558,5
557558,1
557585,1
557585,12
557585,39
557585,8
557585,31
557590,4
557590,1
557590,27
557590,9
557590,8
557590,12
557597,5
557597,1
557597,8
557597,0
557598,0
557778,0
557800,0
557800,22
557870,5
557870,7
557870,186
557870,1
557870,0
557898,0
557925,0
557925,1
557925,5
557925,15
558007,1
558031,7
558031,186
558031,0
558031,1
558116,0
558116,1
558247,8
558247,1
558247,0
558247,2
558383,8
558393,1
558393,0
558436,1
558455,7
558455,186
558455,0
558455,1
558455,5
558478,3
558478,0
558478,4
558558,1
558576,1
558576,0
558594,1
558594,0
558594,9
558594,5
558604,1
558604,0
558630,1
558630,4
558630,0
558696,0
558696,1
558721,0
558721,5
558721,1
558727,0
558727,1
558789,0
558789,1
558789,7
558789,186
558789,5
558814,5
558814,7
558814,186
558814,1
558814,3
558814,2
558939,1
558939,0
558995,4
558995,8
559019,1
559019,4
559019,2
559036,1
559036,0
559036,4
559053,1
559053,5
559053,7
559053,186
559078,0
559263,5
559263,0
559284,0
559286,0
559339,1
559387,0
559400,0
559400,14
559440,4
559440,0
559440,1
559513,1
559513,9
559513,0
559590,0
559590,5
559590,1
559646,1
559646,0
559646,13
559701,1
559701,5
559701,0
559853,3
559853,0
559912,1
559912,0
559915,0
560146,5
560146,1
560146,0
560146,2
560168,0
560168,7
560168,186
560204,3
560204,4
560204,1
560204,0
560205,9
560205,0
560387,11
560387,9
560533,0
560553,0
560580,4
560580,1
560709,1
560709,0
560724,0
560737,1
560772,0
560772,16
560793,1
560793,0
560831,1
560831,0
560990,2
560990,1
560990,5
561024,3
561024,1
561024,0
561213,0
561216,1
561324,1
561324,4
561324,13
561330,1
561330,0
561330,2
561330,18
561330,62
561337,0
561337,1
561337,5
561508,5
561508,15
561508,0
561508,2
561508,18
561508,62
561538,8
561538,0
561538,7
561538,186
561664,0
561664,1
561664,4
561719,0
561719,7
561719,186
561749,1
561749,7
561749,186
561749,5
561816,22
561816,0
561874,1
562017,4
562017,3
562017,2
562034,26
562034,14
562034,4
562192,1
562192,7
562192,186
562199,7
562199,186
562204,0
562242,0
562242,1
562242,3
562251,1
562251,9
562251,17
562269,1
562269,0
562310,1
562310,9
562310,14
562310,42
562310,4
562310,0
562329,0
562346,1
562346,4
562346,3
562346,0
562346,18
562346,62
562432,0
562432,1
562466,0
562466,1
562466,3
562466,4
562467,0
562467,16
562467,14
562597,0
562597,1
562665,1
562665,5
562665,3
562675,4
562675,1
562751,0
562751,5
562751,1
562762,0
562762,1
562764,1
562764,5
562774,0
562774,1
562795,2
562795,0
562795,1
562824,1
562824,0
562824,6
562827,0
562827,1
562827,5
562832,0
562852,1
562852,0
562860,1
562979,0
562979,13
563069,1
563069,0
563069,5
563069,3
563083,1
563083,13
563083,27
563135,1
563232,0
563232,16
563232,1
563232,5
563251,1
563251,0
563276,1
563276,13
563276,14
563276,0
563330,0
563330,1
563357,1
563357,0
563438,1
563484,1
563484,4
563484,9
563484,13
563557,0
563557,1
563602,0
563602,1
563608,9
563608,11
563608,10
563707,1
563707,0
563757,4
563757,7
563757,186
563757,0
563776,0
563776,1
563779,4
563779,3
563779,1
563779,2
563779,0
563779,24
563779,6
563827,1
563827,5
563827,0
563844,1
563844,0
563844,15
563943,1
563943,5
563943,0
564095,0
564127,1
564127,0
564132,1
564132,0
564187,5
564187,1
564187,4
564187,0
564213,1
564213,0
564213,8
564433,0
564433,5
564433,1
564433,15
564474,1
564474,0
564524,0
564550,4
564550,3
564550,0
564550,6
564550,1
564550,5
564550,14
564550,25
564550,2
564571,1
564571,0
564590,0
564590,1
564590,5
564590,9
564650,0
564651,1
564719,1
565064,1
565064,5
565064,0
565206,1
565206,0
565235,0
565386,0
565386,1
565386,4
565386,3
565386,2
565438,1
565438,8
565515,1
565515,3
565515,5
565515,4
565588,1
565588,0
565593,0
565593,1
565671,1
565671,4
565671,3
565679,0
565687,4
565687,9
565687,1
565687,5
565687,3
565714,26
565736,1
565736,0
565751,4
565751,3
565751,1
565751,2
565751,0
565751,24
565751,6
565864,1
565864,0
565917,1
565917,0
565938,5
565938,1
565951,3
565951,1
565951,4
565951,2
565951,18
565951,62
565951,0
566106,0
566106,1
566106,5
566106,7
566106,186
566164,15
566164,1
566164,8
566197,0
566233,1
566233,0
566275,3
566275,18
566275,62
566275,0
566354,8
566354,0
566354,1
566391,0
566428,1
566428,13
566428,0
566440,23
566440,26
566456,0
566456,2
566486,0
566486,1
566491,0
566541,4
566541,0
566541,1
566541,3
566541,6
566585,0
566585,1
566585,2
566685,0
566685,1
566730,21
566821,0
566821,1
566824,0
566824,1
566862,1
566980,0
567010,1
567011,1
567011,3
567011,4
567011,0
567068,26
567068,1
567068,5
567068,29
567068,0
567074,1
567074,31
567074,13
567110,0
567110,13
567110,14
567110,1
567110,20
567110,31
567246,0
567246,1
567246,5
567276,0
567276,1
567395,1
567395,12
567397,1
567397,5
567397,3
567397,0
567449,1
567468,0
567468,7
567468,186
567490,1
567490,0
567490,5
567490,8
567496,1
567528,1
567528,12
567528,26
567528,13
567542,14
567542,0
567548,1
567548,0
567607,1
567724,1
567724,5
567724,0
567782,1
567797,0
567797,2
567797,1
567834,1
567834,0
567834,2
567967,0
567982,1
567982,5
567982,0
567982,7
567982,186
567996,0
567996,1
568123,0
568123,18
568123,62
568123,20
568123,1
568171,0
568171,1
568180,5
568180,1
568180,4
568180,9
568331,0
568343,0
568343,9
568343,14
568343,13
568392,1
568392,0
568494,1
568517,1
568517,0
568611,0
568611,1
568611,5
568611,3
568620,1
568842,0
568842,1
568930,0
568930,1
568930,5
568952,0
569109,0
569109,22
569233,5
569233,22
569233,1
569233,0
569255,1
569255,3
569255,4
569276,1
569286,8
569386,1
569386,5
569386,0
569386,2
569386,7
569386,186
569396,1
569411,1
569412,1
569412,0
569412,2
569415,1
569415,11
569513,8
569513,0
569513,2
569513,5
569513,1
569513,6
569528,0
569528,1
569551,1
569551,0
569551,12
569613,0
569622,0
569622,1
569733,5
569733,0
569879,14
569879,0
569879,16
569978,0
570138,0
570141,1
570141,5
570141,0
570141,2
570254,0
570263,6
570263,0
570263,1
570263,5
570267,0
570267,1
570267,9
570403,0
570453,1
570453,13
570599,0
570599,7
570599,186
570599,1
570634,7
570634,186
570634,5
570634,1
570634,0
570644,3
570644,1
570644,5
570665,31
570665,6
570710,1
570710,5
570792,1
570835,7
570835,186
570835,5
570835,0
570948,8
571100,0
571131,0
571131,1
571131,4
571197,1
571209,0
571209,1
571257,1
571257,5
571278,8
571278,1
571278,0
571293,10
571296,5
571296,7
571296,186
571316,4
571316,0
571373,1
571373,41
571373,13
571373,9
571373,8
571419,5
571419,1
571419,7
571419,186
571419,4
571419,13
571419,9
571419,10
571419,11
571471,0
571471,1
571547,22
571547,16
571547,0
571557,4
571557,1
571562,1
571562,0
571591,5
571591,0
571668,1
571668,5
571668,4
571668,13
571668,0
571674,0
571818,4
571818,3
571818,1
571847,0
571847,6
571847,4
571847,2
571847,18
571847,62
571859,1
571859,0
571946,0
571946,1
571953,1
572000,1
572000,7
572000,186
572000,5
572000,0
572111,0
572111,16
572111,1
572133,13
572133,1
572133,8
572133,0
572311,5
572311,8
572311,1
572374,0
572410,0
572415,4
572415,1
572415,0
572439,0
572460,1
572460,5
572471,16
572471,0
572471,4
572471,1
572531,0
572531,1
572659,0
572659,5
572659,1
572659,6
572724,0
572759,1
572830,1
572830,3
572927,0
573050,4
573050,1
573050,0
573168,3
573168,0
573203,4
573203,1
573203,3
573203,24
573237,5
573237,7
573237,186
573295,0
573295,1
573304,0
573304,5
573304,1
573334,0
573334,1
573334,5
573443,0
573443,1
573443,16
573482,3
573482,1
573482,2
573589,1
573702,0
573702,1
573776,5
573776,7
573776,186
573878,0
573878,1
573878,8
573878,14
573878,4
574042,0
574104,0
574111,0
574129,0
574129,1
574235,1
574235,20
574235,0
574235,5
574235,6
574235,30
574235,144
574255,1
574255,5
574255,0
574332,1
574332,0
574332,5
574332,4
574332,26
574377,0
574377,2
574377,5
574377,4
574377,15
574377,9
574377,38
574390,1
574390,6
574660,1
574660,39
574660,0
574660,12
574715,0
574758,0
574763,8
574843,0
574966,0
574966,3
575050,5
575050,1
575050,0
575058,0
575098,7
575098,186
575098,5
575098,0
575098,25
575193,1
575323,4
575323,1
575323,0
575397,26
575576,1
575576,0
575644,0
575644,1
575661,3
575661,1
575661,0
575675,1
575675,5
575675,0
575689,0
575689,1
575705,1
575705,4
575705,3
575705,0
575705,2
575705,8
575735,0
575735,1
575735,5
575761,4
575761,3
575882,7
575882,186
575882,5
575882,1
575891,22
576075,0
576075,1
576113,4
576113,9
576113,1
576113,18
576113,62
576247,1
576247,0
576265,3
576298,1
576298,0
576298,28
576558,4
576558,3
576698,5
576698,1
576698,0
576730,0
576730,5
576730,1
576796,22
576844,1
576844,5
576968,0
576968,5
576968,4
576968,3
576968,1
577021,1
577052,0
577052,1
577052,5
577052,4
577127,1
577127,5
577127,0
577132,1
577132,5
577132,0
577231,1
577289,0
577289,1
577310,1
577310,0
577444,5
577444,1
577444,7
577444,186
577444,0
577501,0
577512,23
577572,0
577623,1
577623,0
577623,5
577623,8
577705,0
577705,7
577705,186
577705,1
577705,5
577785,0
577785,22
577810,0
577858,0
577861,1
577922,0
577922,1
578051,0
578051,2
578052,0
578052,5
578052,1
578076,1
578076,5
578076,15
578076,0
578100,12
578162,1
578260,0
578345,1
578345,0
578345,2
578345,6
578354,1
578354,5
578354,0
578354,18
578354,62
578426,1
578426,4
578426,13
578426,0
578458,0
578458,1
578467,13
578467,31
578467,1
578467,12
578485,0
578533,0
578549,4
578549,0
578641,0
578641,1
578755,1
578807,1
578850,1
578850,4
578850,5
578850,13
578858,0
578858,16
578858,1
578858,14
578858,4
578968,0
579067,1
579207,0
579207,7
579207,186
579207,5
579220,1
579220,0
579381,0
579381,1
579381,5
579381,2
579479,1
579479,0
579530,1
579530,0
579541,4
579541,3
579541,1
579541,2
579541,0
579541,24
579541,6
579610,0
579610,1
579655,0
579660,0
579662,0
579662,5
579662,1
579698,1
579698,2
579774,0
579784,0
579784,1
579818,1
579818,4
579818,3
579818,0
580042,5
580042,1
580042,0
580075,5
580075,1
580181,1
580181,8
580198,5
580198,1
580208,0
580208,7
580208,186
580285,0
580285,24
580285,27
580285,25
580285,18
580285,62
580311,0
580334,0
580340,0
580340,1
580340,5
580340,3
580344,0
580344,1
580349,1
580349,0
580349,18
580349,62
580536,26
580536,5
580536,1
580580,18
580580,62
580580,4
580580,1
580580,30
580580,144
580580,26
580580,13
580580,14
580580,9
580580,8
580580,25
580580,31
580632,1
580632,0
580721,1
580721,0
580754,1
580754,5
580849,2
580849,0
580849,18
580849,62
580854,0
580854,1
580854,8
580890,8
580890,28
580890,2
580932,5
580932,1
580932,0
580932,26
580932,13
580932,4
580932,9
581008,1
581008,0
581008,5
581008,7
581008,186
581015,0
581015,1
581030,1
581030,4
581030,5
581035,1
581035,0
581042,26
581042,0
581088,0
581088,1
581088,5
581149,1
581149,5
581182,0
581268,0
581323,14
581323,1
581323,3
581328,5
581328,1
581328,0
581436,0
581436,5
581436,1
581575,7
581575,186
581575,0
581575,8
581627,1
581628,1
581628,5
581676,0
581676,1
581722,8
581722,4
581722,0
581722,2
581722,1
581722,3
581770,0
581802,3
581802,1
581802,0
581869,1
581869,0
581958,0
581958,1
581985,17
582050,0
582069,4
582099,0
582099,1
582170,1
582170,0
582225,18
582225,62
582225,2
582225,20
582225,1
582255,0
582255,22
582329,23
582329,0
582394,0
582394,1
582394,5
582394,7
582394,186
582394,15
582433,1
582433,0
582543,0
582543,5
582543,1
582579,1
582631,0
582631,1
582631,5
582759,0
582759,5
582759,7
582759,186
582759,1
582861,0
582870,7
582870,186
582870,1
582870,0
582882,1
582882,0
582901,1
582901,4
582901,26
582901,0
583046,14
583046,9
583046,0
583048,0
583048,1
583048,5
583048,2
583048,18
583048,62
583140,21
583169,1
583169,0
583190,1
583190,0
583217,22
583217,7
583217,186
583217,1
583238,26
583238,0
583238,1
583323,0
583348,22
583348,0
583359,0
583422,10
583422,11
583422,9
583422,5
583422,1
583494,1
583494,0
583494,5
583494,7
583494,186
583512,0
583512,1
583586,4
583594,7
583594,186
583599,1
583599,5
583599,0
583604,0
583729,4
583729,26
583729,13
583729,1
583729,3
583744,1
583744,5
583744,7
583744,186
583774,0
583774,1
583862,0
583862,1
583862,5
583862,7
583862,186
583885,0
583885,1
583913,1
583913,27
583916,1
583968,32
583968,8
583974,1
583974,0
584013,7
584013,186
584013,22
584013,1
584110,0
584110,1
584144,6
584144,20
584144,1
584144,14
584165,4
584165,1
584174,5
584174,1
584358,1
584362,0
584398,1
584529,0
584531,1
584531,0
584613,0
584691,0
584691,1
584691,5
584691,7
584691,186
584748,22
584748,0
584789,3
584789,1
584789,5
584789,7
584789,186
584789,0
584812,8
584854,1
584854,5
584854,0
584854,4
584854,3
584961,5
584961,1
585022,1
585230,1
585230,22
585315,0
585315,5
585315,1
585339,0
585339,1
585339,7
585339,186
585339,5
585438,0
585438,2
585503,0
585531,1
585531,0
585590,0
585675,26
585675,1
585675,3
585675,0
585781,1
585781,0
585781,17
585852,7
585852,186
585852,1
585852,5
585936,1
585936,0
586023,5
586023,1
586023,0
586023,6
586092,2
586092,0
586092,7
586092,186
586098,8
586098,0
586098,1
586102,1
586102,0
586102,2
586102,5
586121,0
586167,0
586167,5
586167,1
586218,0
586218,24
586218,2
586251,45
586265,0
586265,1
586272,1
586326,0
586480,5
586480,1
586480,7
586480,186
586480,0
586514,0
586548,0
586575,1
586575,14
586575,29
586638,1
586638,5
586638,0
586744,8
586744,4
586744,9
586744,13
586744,7
586744,186
586744,1
586760,0
586760,5
586760,1
586760,7
586760,186
586878,1
586878,5
586878,0
586955,7
586955,186
587085,1
587085,3
587085,0
587165,1
587165,4
587165,5
587165,26
587165,13
587261,0
587261,2
587261,4
587261,3
587272,7
587272,186
587272,5
587272,1
587272,0
587801,7
587801,186
587801,0
587801,1
588138,7
588138,186
588138,5
588138,1
588157,0
588192,3
588192,0
588192,7
588192,186
588307,0
588307,1
588367,1
588367,18
588367,62
588412,1
588412,5
588412,0
588412,28
588415,0
588415,1
588415,5
588428,1
588428,0
588461,4
588461,9
588461,0
588461,11
588461,10
588465,9
588465,11
588479,1
588479,6
588479,5
588486,0
588486,1
588639,0
588661,1
588661,4
588661,12
588745,7
588745,186
588745,22
588745,0
588769,1
588769,4
588769,0
588779,1
588779,5
588916,5
588975,0
588975,6
588975,1
589213,1
589213,5
589213,0
589213,22
589213,4
589227,0
589227,1
589318,0
589318,1
589337,1
589346,0
589346,1
589445,0
589515,0
589515,1
589515,5
590054,8
590073,1
590073,0
590073,2
590227,8
590227,1
590227,5
590413,8
590564,1
590564,5
590625,0
590691,26
590691,0
590691,1
590691,5
590691,8
590777,6
590777,28
590777,0
590784,6
590814,1
590814,4
590814,3
590965,0
590965,1
590965,5
591047,8
591097,4
591097,1
591097,0
591120,0
591189,16
591189,14
591189,1
591260,0
591260,1
591260,2
591260,18
591260,62
591404,4
591425,0
591425,1
591430,1
591430,5
591430,0
591430,15
591438,0
591526,0
591526,14
591526,26
591526,4
591720,1
591720,0
591720,38
591862,0
591862,1
591862,5
591908,1
591908,0
591927,14
591939,0
591939,1
591939,5
591941,18
591941,62
591941,8
591941,4
591941,1
591941,3
591968,0
592041,1
592041,3
592041,4
592064,1
592064,4
592064,27
592177,22
592177,1
592177,5
592248,1
592248,0
592269,2
592406,1
592406,4
592406,3
592406,18
592406,62
592406,0
592590,4
592590,12
592590,20
592600,0
592669,7
592669,186
592669,5
592669,1
592669,0
592694,0
592727,13
592901,0
592901,5
592901,1
592901,7
592901,186
592901,2
592901,3
592901,9
592908,1
592908,4
592970,0
593012,0
593012,4
593012,14
593012,1
593024,1
593024,9
593024,29
593024,5
593024,4
593024,0
593142,1
593142,3
593142,4
593142,0
593268,0
593268,3
593268,1
593268,4
593269,0
593269,1
593269,3
593322,0
593368,0
593368,1
593438,0
593541,23
593541,0
593760,1
593780,0
593789,0
593789,6
593852,5
593852,1
593853,0
593853,1
593853,5
593853,7
593853,186
593855,1
593855,0
593925,0
593925,5
593925,1
593959,1
593959,4
593959,6
593959,0
594043,1
594043,13
594047,0
594087,0
594103,26
594103,1
594103,5
594149,0
594149,1
594149,9
594163,1
594163,0
594170,29
594402,0
594407,2
594407,0
594407,9
594459,0
594459,4
594459,1
594488,1
594488,5
594488,0
594566,0
594566,4
594566,1
594602,0
594609,10
594609,11
594609,9
594645,1
594645,0
594695,0
594695,1
594730,8
594730,4
594730,17
594730,1
594730,0
594786,7
594786,186
594786,5
594809,13
594809,4
594809,22
594809,0
594809,1
594829,0
594829,1
594829,2
594855,0
594855,1
594910,1
594918,0
595040,0
595180,8
595314,2
595425,1
595425,18
595425,62
595563,0
595563,1
595576,1
595576,5
595576,0
595624,0
595641,0
595641,1
595718,1
595718,5
595718,0
595718,2
595911,1
595972,1
595972,5
595972,4
596062,0
596062,1
596062,5
596062,14
596062,8
596104,0
596104,1
596214,0
596214,1
596256,1
596256,0
596256,20
596286,7
596286,186
596286,0
596286,1
596334,3
596334,4
596334,1
596334,0
596334,2
596334,18
596334,62
596363,1
596363,0
596408,1
596408,5
596470,0
596476,1
596476,0
596476,12
596482,26
596539,1
596539,0
596539,2
596539,18
596539,62
596542,7
596542,186
596542,0
596542,1
596553,0
596553,1
596561,7
596561,186
596561,5
596561,0
596568,0
596568,1
596568,5
596568,26
596793,35
596793,1
596793,4
596793,2
596793,0
596793,6
596793,31
596801,0
596801,5
596801,1
596829,7
596829,186
596829,5
596829,0
596854,0
596854,2
596884,0
596884,5
596909,0
596909,1
597161,0
597203,4
597203,13
597203,1
597221,1
597221,3
597221,0
597256,5
597256,0
597256,1
597328,0
597328,4
597328,22
597328,1
597328,5
597328,11
597328,10
597418,1
597418,4
597418,5
597446,7
597446,186
597446,5
597474,1
597474,5
597474,0
597474,4
597513,0
597513,22
597513,1
597556,0
597556,5
597556,1
597556,15
597567,1
597567,5
597567,0
597647,1
597647,5
597647,0
597784,0
597873,1
597873,3
597892,8
597892,0
597941,7
597941,186
597941,1
597941,5
597941,0
598068,1
598068,0
598068,20
598122,5
598122,1
598122,0
598243,6
598250,25
598250,4
598250,0
598262,0
598262,1
598296,1
598296,15
598378,0
598478,1
598478,2
598650,7
598650,186
598650,0
598660,1
598695,5
598720,0
598791,1
598791,0
598840,0
598840,1
598915,1
598954,1
598954,5
599061,0
599245,1
599264,1
599264,0
599443,9
599443,0
599465,0
599528,7
599528,186
599528,0
599540,2
599540,0
599540,1
599545,5
599545,1
599610,2
599610,18
599610,62
599610,0
599610,4
599610,1
599610,3
599732,1
599732,3
599732,27
599970,0
599970,6
599999,1
599999,5
599999,0
600019,1
600019,0
600036,1
600036,0
600036,16
600041,0
600083,1
600083,3
600083,0
600185,1
600185,8
600243,0
600316,1
600316,3
600316,0
600316,5
600316,28
600326,1
600326,13
600326,4
600326,3
600368,0
600392,0
600493,1
600493,0
600534,0
600576,0
600587,1
600587,0
600598,0
600598,1
600599,0
600646,7
600646,186
600646,5
600667,10
600829,1
600829,0
600984,4
600984,13
600984,1
601105,0
601109,0
601140,3
601324,1
601431,0
601431,1
601470,0
601470,1
601539,1
601539,5
601539,0
601539,8
601551,1
601603,0
601603,1
601603,5
601603,6
601609,0
601609,1
601686,0
601706,0
601706,1
601758,5
601758,0
601886,4
601886,1
601886,30
601886,144
601886,3
601886,2
601886,6
601886,0
601947,0
601947,1
601947,5
602009,8
602009,4
602009,3
602009,6
602009,0
602070,0
602070,10
602070,11
602070,9
602070,1
602070,4
602070,25
602107,0
602174,1
602174,0
602182,8
602182,0
602184,0
602209,10
602209,0
602239,31
602239,9
602239,25
602239,6
602239,1
602294,0
602294,10
602425,1
602425,5
602425,0
602425,18
602425,62
602703,0
602703,6
602703,27
602703,1
602790,0
602790,1
602790,20
602790,5
602790,9
602790,4
602790,14
602790,7
602790,186
602840,5
602840,1
602880,1
602984,1
602984,5
602984,3
602984,4
602984,0
602984,13
602984,2
602988,1
602988,5
602991,0
602991,5
602991,7
602991,186
602991,1
602997,3
602997,6
603027,0
603068,0
603079,16
603079,0
603160,0
603160,1
603160,2
603178,1
603178,9
603178,4
603219,1
603236,1
603236,5
603236,4
603351,7
603351,186
603351,0
603380,0
603380,1
603384,1
603384,5
603399,1
603442,1
603442,0
603463,0
603463,8
603481,0
603645,1
603674,1
603674,0
603704,1
603704,5
603704,0
603723,1
603809,0
603809,16
603883,8
603883,39
603883,1
603883,4
604198,0
604198,5
604198,15
604198,1
604254,1
604417,0
604464,1
604464,3
604464,0
604464,24
604481,0
604481,6
604610,0
604610,1
604610,5
604668,0
604668,5
604668,1
604675,5
604738,0
604820,1
604854,0
604931,0
604931,2
604931,18
604931,62
604931,1
604931,3
604931,5
604932,1
604932,5
604932,0
604958,0
604958,1
604959,0
604959,1
605026,1
605026,4
605026,0
605026,9
605026,10
605035,4
605035,3
605035,1
605035,2
605035,0
605035,24
605035,6
605053,10
605053,11
605053,14
605073,5
605073,1
605073,0
605087,26
605143,0
605143,2
605143,1
605143,4
605182,1
605315,0
605315,5
605315,7
605315,186
605447,0
605447,1
605545,0
605565,0
605565,13
605565,14
605565,4
605565,1
605575,5
605575,15
605575,26
605575,1
605699,0
605818,5
605818,0
605818,1
605831,0
605863,7
605863,186
605863,5
605863,1
605880,3
605880,1
605880,8
606012,2
606012,4
606012,3
606012,1
606012,24
606012,0
606117,25
606117,8
606117,4
606117,13
606117,14
606117,6
606117,12
606160,0
606376,0
606376,9
606376,7
606376,186
606431,0
606431,1
606431,5
606463,1
606463,0
606468,8
606468,5
606468,1
606468,0
606519,0
606519,1
606519,5
606521,1
606521,5
606521,20
606521,0
606521,2
606557,14
606557,0
606557,17
606557,26
606690,0
606690,2
606690,4
606726,4
606726,19
606726,3
606782,13
606782,1
606782,33
606809,0
606819,0
606819,1
606819,5
606866,0
606866,1
606866,5
606991,0
607064,1
607064,4
607064,3
607064,0
607202,0
607202,1
607204,1
607204,4
607204,12
607204,0
607204,2
607204,18
607204,62
607206,0
607368,8
607401,0
607426,1
607426,0
607432,2
607432,18
607432,62
607432,14
607432,13
607432,11
607432,4
607432,20
607432,1
607432,0
607480,22
607480,1
607480,14
607493,0
607531,2
607531,0
607573,1
607659,0
607702,4
607702,0
607708,3
607708,2
607708,1
607708,4
607731,0
607731,1
607772,5
607772,1
607772,0
607783,0
607783,6
607783,2
607783,24
607783,18
607783,62
607783,1
607783,31
607783,20
607806,0
607806,1
607814,0
607814,1
607814,5
607830,1
607830,0
607834,0
607866,0
607919,5
607919,1
607919,0
608137,1
608231,0
608231,1
608231,3
608231,4
608231,2
608430,24
608568,1
608568,5
608568,15
608581,1
608581,5
608658,1
608658,4
608658,3
608658,0
608658,7
608658,186
608729,1
608869,0
608895,1
608937,8
608937,1
608937,3
608937,0
608998,0
608998,7
608998,186
608998,21
608998,5
608998,22
608999,1
608999,4
608999,3
609004,0
609052,1
609093,9
609093,10
609093,11
609093,1
609238,0
609310,0
609310,3
609310,1
609310,5
609310,4
609329,1
609329,3
609329,6
609329,0
609468,0
609468,18
609468,62
609507,1
609582,1
609582,5
609606,1
609606,0
609675,0
609704,1
609704,0
609925,0
609925,1
609925,26
609925,8
609998,4
610216,12
610216,1
610216,4
610347,4
610347,19
610347,9
610347,17
610347,11
610464,0
610560,8
610560,0
610582,12
610582,1
610655,9
610655,0
610655,10
610655,5
610655,7
610655,186
610655,1
610813,0
610813,5
610813,1
610813,8
610886,22
610886,0
610886,1
611038,0
611038,1
611065,5
611065,0
611132,1
611132,0
611164,0
611164,1
611249,5
611249,1
611249,0
611258,1
611258,0
611258,6
611372,0
611636,1
611636,12
611712,1
611755,0
611817,0
611817,1
611878,0
611878,1
611920,0
611920,1
611926,5
611926,1
611926,0
612058,0
612140,0
612140,1
612140,8
612142,1
612142,0
612325,1
612327,4
612327,1
612432,0
612432,22
612432,1
612432,4
612447,1
612447,0
612506,0
612626,0
612626,1
612626,6
612642,6
612642,1
612642,4
612642,3
612680,1
612688,0
612688,1
612768,0
612768,5
612768,1
612814,4
612814,0
612886,18
612886,62
612900,0
612942,8
612942,1
612942,0
612986,0
613176,1
613211,0
613211,1
613211,5
613211,25
613243,0
613243,8
613261,1
613261,6
613261,5
613277,7
613277,186
613277,5
613277,1
613277,0
613277,2
613498,0
613546,0
613559,1
613585,8
613639,0
613650,0
613654,5
613654,1
613654,0
613656,24
613656,1
613656,4
613677,0
613677,5
613677,1
613677,9
613678,1
613678,5
613689,0
613761,1
613761,0
613819,30
613819,144
613819,1
613819,31
613870,0
613871,1
613871,3
613957,0
614216,14
614284,1
614284,0
614323,0
614366,0
614366,1
614391,1
614435,22
614455,0
614455,5
614455,1
614455,15
614462,1
614472,5
614472,1
614534,0
614534,1
614534,5
614615,1
614615,0
614615,3
614624,0
614708,1
614708,5
614708,0
614729,0
614797,8
614797,0
614797,12
614797,1
614808,14
614808,4
614808,1
614808,8
614830,0
614830,1
614866,14
614866,0
614866,9
614871,1
614871,5
614871,0
614871,22
614985,1
615003,1
615041,3
615041,0
615041,1
615041,38
615065,0
615065,16
615065,5
615065,1
615144,1
615181,3
615181,1
615218,1
615264,5
615264,1
615269,0
615269,4
615347,0
615395,1
615494,1
615494,0
615556,0
615619,26
615628,26
615628,0
615628,1
615633,0
615633,1
615653,1
615653,0
615796,0
615818,0
615818,1
615818,5
615850,1
615850,5
615850,7
615850,186
615850,0
616021,0
616024,3
616166,0
616166,1
616185,0
616185,1
616185,3
616185,5
616222,0
616222,1
616274,0
616274,9
616274,7
616274,186
616308,4
616308,17
616349,8
616349,0
616395,0
616395,1
616453,0
616453,10
616453,4
616453,9
616453,1
616453,20
616453,6
616552,7
616552,186
616552,0
616552,4
616607,1
616607,0
616607,2
616607,25
616854,1
616854,3
616854,5
616854,0
616854,8
616861,0
616861,1
616984,4
616984,1
616984,2
616985,0
617193,18
617193,62
617193,2
617193,9
617193,1
617193,12
617193,30
617193,144
617193,25
617193,4
617193,26
617193,13
617193,14
617193,8
617193,31
617243,14
617243,0
617245,1
617245,0
617292,0
617292,1
617388,0
617388,14
617407,1
617407,4
617407,5
617473,4
617479,1
617479,0
617529,5
617529,7
617529,186
617529,1
617670,4
617670,1
617702,1
617702,5
617702,12
617702,0
617702,2
617702,18
617702,62
617702,3
617702,4
617702,26
617767,1
617767,3
617767,5
617945,0
617945,8
617945,1
617945,5
618027,1
618027,0
618109,0
618109,3
618109,4
618109,1
618109,2
618109,24
618130,1
618185,4
618185,0
618185,1
618187,1
618187,7
618187,186
618187,5
618187,0
618212,0
618220,1
618220,6
618303,1
618303,0
618397,0
618397,1
618437,5
618437,1
618437,0
618437,7
618437,186
618490,22
618546,1
618546,8
618546,0
618546,2
618556,0
618556,1
618626,1
618626,5
618811,1
618811,5
618938,1
618938,0
618969,1
618969,26
619003,0
619235,0
619235,1
619637,0
619682,1
619682,0
619709,0
619709,1
619709,5
619709,4
619779,0
619779,1
619781,0
619809,0
619809,5
619809,1
619809,30
619809,144
619809,25
619809,9
619905,1
619905,4
619905,14
619905,3
619905,29
619905,5
619905,7
619905,186
619914,1
619914,0
619914,4
619914,3
619957,4
619977,2
619977,4
620035,1
620035,5
620035,0
620074,5
620074,1
620121,0
620153,1
620153,5
620153,0
620223,5
620223,1
620223,0
620322,31
620322,1
620356,1
620356,3
620400,1
620400,0
620436,4
620436,1
620436,0
620436,2
620436,24
620530,5
620530,1
620530,0
620552,0
620552,20
620563,8
620563,0
620584,0
620587,4
620587,0
620655,16
620655,0
620655,1
620655,18
620655,62
620710,1
620710,0
620724,1
620732,1
620732,0
620732,2
620746,5
620746,1
620746,0
620769,1
620769,0
620773,35
620773,0
620773,1
620796,1
620796,8
620838,0
620917,0
620981,8
621020,0
621072,17
621072,0
621072,2
621072,1
621115,8
621115,1
621115,26
621115,39
621166,1
621219,1
621219,0
621219,20
621247,4
621247,0
621247,12
621368,5
621387,1
621387,0
621396,3
621396,0
621396,1
621442,0
621442,1
621463,0
621505,4
621517,1
621564,5
621564,1
621564,15
621564,0
621570,1
621570,0
621570,31
621586,0
621671,1
621673,1
621673,0
621673,2
621704,0
621721,0
621721,1
621760,0
621771,1
621795,0
621795,28
621878,22
621940,5
621941,8
621941,6
622004,0
622004,5
622004,7
622004,186
622004,1
622021,1
622021,29
622021,15
622021,5
622078,1
622078,5
622277,5
622277,4
622277,1
622277,7
622277,186
622277,15
622283,0
622292,0
622292,1
622292,4
622330,1
622366,3
622366,1
622367,1
622367,0
622398,1
622402,1
622402,5
622402,7
622402,186
622447,0
622580,1
622580,5
622580,0
622580,8
622625,1
622625,0
622676,1
622676,4
622676,0
622676,6
622788,1
622788,4
622788,13
622788,0
622788,2
622788,5
622898,0
622898,5
622898,1
622898,8
622931,0
623013,1
623013,0
623074,1
623074,0
623152,1
623152,8
623184,1
623307,9
623307,17
623307,35
623307,34
623307,4
623307,19
623328,13
623328,4
623328,25
623328,1
623328,30
623328,144
623328,0
623328,7
623328,186
623328,18
623328,62
623561,1
623581,1
623581,5
623581,0
623608,1
623608,5
623608,0
623608,26
623750,1
623750,0
623759,0
623778,0
623778,2
623783,1
623783,5
623791,0
623791,1
623795,8
623877,0
623877,1
623880,1
623880,13
623980,0
623997,0
624002,4
624002,1
624002,0
624029,4
624072,0
624194,2
624263,0
624263,13
624263,4
624263,1
624263,8
624534,1
624534,4
624538,8
624538,0
624538,3
624565,5
624565,1
624695,0
624744,1
624744,5
624744,0
624830,5
624830,1
624830,0
624830,8
625057,5
625244,1
625244,5
625244,8
625244,0
625319,8
625332,1
625332,7
625332,186
625332,5
625332,0
625332,2
625366,1
625366,12
625384,0
625384,1
625384,3
625384,4
625390,5
625390,1
625390,9
625390,0
625415,22
625415,5
625415,0
625424,1
625424,0
625447,0
625447,4
625447,1
625447,6
625512,1
625512,3
625676,0
625683,1
625730,17
625730,4
625737,0
625837,0
625863,20
625878,1
626093,1
626095,1
626095,0
626150,0
626211,1
626287,1
626287,5
626287,0
626310,0
626410,0
626424,0
626424,2
626494,5
626559,0
626562,9
626562,0
626562,35
626562,14
626562,4
626670,26
626700,0
626720,3
626720,1
626720,5
626902,1
626977,1
626977,0
627069,0
627069,7
627069,186
627069,5
627069,1
627102,22
627102,0
627102,5
627107,1
627107,5
627165,1
627181,1
627181,4
627247,19
627247,8
627341,1
627341,13
627341,0
627416,0
627416,20
627436,5
627486,0
627486,2
627486,1
627486,4
627565,1
627668,1
627668,22
627789,0
627796,1
627796,29
627798,1
627798,4
627798,9
627798,8
628007,1
628007,5
628007,15
628007,29
628007,3
628078,1
628078,0
628084,1
628084,0
628110,1
628110,4
628110,5
628132,0
628132,1
628184,1
628184,3
628184,0
628308,5
628308,22
628308,1
628308,7
628308,186
628356,1
628356,8
628357,26
628404,1
628432,5
628432,1
628432,0
628462,5
628523,0
628523,16
628523,1
628523,5
628529,0
628611,1
628611,0
628611,5
628612,31
628612,1
628647,1
628647,5
628647,3
628672,1
628672,0
628672,2
628672,18
628672,62
628705,17
628705,9
628705,11
628725,0
628732,0
628732,1
628739,1
628744,1
628768,1
628768,0
628768,4
628768,3
628782,4
628782,1
628782,2
628878,0
629028,0
629029,0
629029,1
629029,3
629029,2
629092,18
629092,62
629092,0
629092,4
629092,9
629092,12
629092,1
629099,0
629099,4
629099,3
629099,1
629107,1
629107,5
629107,3
629107,7
629107,186
629107,0
629107,2
629194,26
629194,13
629194,4
629194,1
629194,8
629194,31
629194,30
629194,144
629273,0
629282,1
629282,5
629296,0
629326,7
629326,186
629327,0
629327,4
629327,19
629327,33
629327,1
629327,8
629363,1
629363,4
629363,3
629363,0
629363,2
629391,0
629455,1
629455,0
629529,0
629529,1
629529,5
629728,0
629728,18
629728,62
629767,1
629767,5
629827,9
629827,17
629827,11
629827,47
629941,0
629991,1
629991,0
630007,0
630007,21
630055,0
630055,1
630172,3
630182,0
630182,23
630218,1
630259,0
630259,1
630259,5
630320,4
630320,1
630320,0
630325,0
630383,1
630383,0
630462,0
630462,5
630462,1
630462,7
630462,186
630470,1
630528,4
630528,9
630528,6
630659,0
630659,3
630659,1
630659,4
630659,14
630659,13
630659,26
630684,0
630684,7
630684,186
630684,5
630684,1
630706,8
630706,1
630706,0
630778,2
630820,0
630820,1
630938,1
630938,3
630938,4
630954,0
630954,2
630954,4
630954,1
630996,5
630996,1
631031,0
631031,1
631031,3
631049,24
631049,4
631139,1
631139,7
631139,186
631168,1
631168,18
631168,62
631279,7
631279,186
631279,5
631286,0
631286,1
631286,35
631304,0
631304,1
631576,0
631576,1
631576,5
631587,0
631596,0
631596,4
631596,1
631596,3
631596,6
631648,1
631699,0
631715,0
631715,1
631715,5
631715,29
631816,0
631816,1
631816,5
631816,3
631816,26
631844,0
631844,4
631864,12
631864,1
631864,30
631864,144
631864,5
631864,0
631915,0
631915,1
631915,5
631974,0
631974,1
631974,5
631974,26
631974,8
632183,3
632206,0
632206,1
632206,5
632254,0
632266,0
632275,4
632275,1
632275,14
632275,27
632275,0
632275,2
632275,6
632285,1
632285,0
632285,4
632363,1
632363,0
632363,2
632503,1
632503,5
632544,1
632544,0
632607,1
632607,0
632607,5
632608,7
632608,186
632699,23
632703,1
632703,5
632703,13
632703,0
632796,1
632796,5
632807,0
632955,1
632955,5
632955,0
632955,4
632973,0
632973,1
632973,5
633059,7
633059,186
633115,0
633115,1
633115,5
633153,0
633153,5
633153,7
633153,186
633153,1
633153,4
633153,3
633159,4
633159,2
633159,18
633159,62
633350,0
633368,8
633461,16
633461,0
633461,6
633461,20
633481,5
633481,1
633534,22
633560,3
633560,2
633560,1
633645,0
633645,5
633645,14
633645,9
633645,10
633645,11
633645,1
633653,1
633673,0
633673,1
633673,5
633695,1
633695,5
633735,1
633735,5
633735,4
633773,0
633783,0
634015,0
634030,0
634067,1
634073,1
634115,5
634115,1
634149,4
634149,3
634149,0
634149,2
634149,18
634149,62
634218,1
634229,6
634229,3
634229,1
634229,4
634336,0
634336,1
634374,4
634374,1
634568,0
634568,1
634568,4
634577,0
634743,0
634743,1
634743,5
634915,1
634915,0
634937,5
634937,1
634943,0
634943,16
634954,0
634954,1
634954,4
634964,0
634964,1
634964,5
634964,4
635010,4
635010,1
635024,7
635024,186
635041,0
635041,1
635079,0
635134,8
635134,0
635134,1
635134,9
635183,1
635187,1
635187,0
635187,2
635187,18
635187,62
635208,1
635208,0
635324,1
635389,0
635389,1
635507,0
635507,1
635523,4
635523,3
635523,0
635554,0
635575,0
635575,2
635575,1
635575,4
635575,3
635635,0
635635,1
635635,4
635635,3
635763,8
635763,9
635834,0
635834,2
635896,1
635896,5
635896,6
635896,12
635897,0
635899,0
635930,0
635930,20
635941,5
635941,1
635941,0
635942,1
635945,0
636067,8
636194,1
636194,7
636194,186
636210,1
636210,0
636258,1
636258,4
636258,5
636258,13
636264,5
636264,1
636264,0
636285,0
636293,1
636293,15
636307,7
636307,186
636307,1
636307,5
636321,0
636321,7
636321,186
636426,0
636637,0
636637,4
636637,1
636637,21
636657,1
636657,4
636820,4
636820,1
636835,4
636835,19
636847,0
636869,1
636869,4
636869,0
636927,8
636927,0
636965,0
636965,1
637119,32
637119,0
637143,0
637143,1
637143,3
637169,1
637169,0
637180,28
637180,18
637180,62
637180,4
637180,14
637180,1
637180,12
637180,9
637306,0
637338,0
637338,1
637338,18
637338,62
637550,0
637550,5
637550,7
637550,186
637550,1
637566,0
637601,1
637601,0
637601,6
637601,2
637697,0
637745,15
637745,1
637745,5
637745,0
637747,0
637747,16
637780,0
637807,1
637807,5
637894,13
638083,1
638083,5
638111,1
638111,6
638111,0
638144,0
638144,1
638144,5
638171,0
638171,5
638171,1
638172,8
638172,0
638172,1
638172,21
638316,2
638316,7
638316,186
638316,5
638316,3
638316,1
638316,4
638378,0
638378,1
638385,1
638530,0
638540,1
638540,4
638569,0
638569,1
638610,5
638610,1
638610,4
638663,0
638718,4
638718,1
638718,9
638718,0
638718,18
638718,62
638737,0
638737,1
638749,1
638749,5
638749,0
638766,0
638766,7
638766,186
638766,1
638782,7
638782,186
638782,0
638782,1
638782,5
638843,1
638843,26
638843,0
638843,2
639003,0
639059,1
639059,5
639059,9
639059,4
639123,0
639152,1
639152,5
639152,4
639152,7
639152,186
639152,0
639184,0
639184,22
639196,1
639196,0
639198,0
639325,1
639325,5
639325,0
639329,0
639378,0
639425,0
639425,7
639425,186
639452,5
639534,6
639598,1
639598,0
639759,0
639771,1
639771,0
639774,1
639774,0
639779,1
639779,0
639779,8
639851,0
639951,5
639951,0
639952,1
640117,1
640302,0
640381,0
640381,22
640391,0
640460,0
640460,1
640460,20
640460,16
640638,1
640638,0
640728,1
640728,0
640781,1
640781,13
640834,1
640834,0
640834,4
641034,8
641034,4
641034,1
641034,3
641034,0
641236,1
641236,0
641269,1
641269,0
641269,6
641393,5
641393,1
641394,0
641394,22
641394,24
641394,1
641394,5
641397,0
641397,26
641397,14
641397,1
641445,0
641445,2
641481,0
641710,1
641717,7
641717,186
641807,0
642025,9
642025,3
642025,0
642038,0
642048,20
642048,0
642094,0
642094,1
642141,1
642141,4
642141,5
642141,0
642202,0
642202,1
642210,0
642210,14
642210,4
642210,1
642210,9
642361,20
642361,0
642361,1
642409,0
642444,0
642444,1
642444,3
642444,9
642600,5
642600,1
642600,26
642628,1
642628,5
642628,7
642628,186
642628,4
642686,1
642686,0
642731,26
642731,1
642731,0
642731,2
642757,0
642792,0
642792,5
642792,7
642792,186
642810,1
642810,5
642822,0
642822,1
642872,5
642872,1
642910,17
642910,4
642910,0
642910,2
642910,1
642910,21
642916,0
642916,1
642976,0
642976,1
643007,1
643007,0
643007,2
643025,0
643026,1
643026,0
643061,6
643061,0
643061,1
643061,5
643091,0
643091,1
643100,1
643100,2
643126,1
643134,26
643253,0
643253,1
643619,0
643619,2
643619,18
643619,62
643619,1
643619,4
643619,13
643619,3
643624,1
643624,5
643691,0
643855,1
643855,14
643855,0
643855,20
643963,0
644030,1
644067,5
644067,1
644067,13
644067,9
644067,8
644077,7
644077,186
644103,1
644103,4
644103,3
644103,0
644176,0
644176,16
644176,1
644176,3
644176,5
644196,0
644196,1
644196,4
644197,0
644197,2
644197,18
644197,62
644197,1
644197,5
644311,26
644315,0
644315,1
644318,0
644318,1
644318,4
644318,3
644448,1
644448,5
644500,0
644500,24
644500,2
644579,0
644579,1
644579,5
644594,0
644594,1
644633,0
644633,1
644665,0
644665,5
644665,1
644665,15
644665,7
644665,186
644754,0
644781,7
644781,186
644781,5
644781,0
644834,0
644880,0
644880,2
644880,1
644880,4
644901,0
644901,4
644901,13
644901,1
644901,2
644901,5
644901,3
644971,0
644971,5
644971,1
645121,0
645121,1
645121,3
645121,2
645121,18
645121,62
645170,1
645170,5
645173,0
645173,7
645173,186
645173,5
645173,1
645298,3
645298,1
645298,0
645298,4
645298,8
645333,4
645333,3
645333,1
645393,0
645451,46
645478,0
645480,14
645480,9
645480,17
645480,0
645500,5
645574,0
645574,7
645574,186
645610,1
645610,0
645610,3
645625,0
645652,7
645652,186
645652,5
645652,0
645652,1
645652,8
645687,1
645687,3
645687,18
645687,62
645824,0
645824,1
645894,22
645894,0
645984,4
646002,7
646002,186
646002,0
646002,31
646005,0
646005,1
646005,4
646005,3
646012,0
646046,0
646046,1
646092,0
646092,1
646092,3
646092,4
646126,0
646139,0
646139,1
646146,1
646169,14
646169,1
646204,0
646204,1
646204,5
646204,3
646296,0
646421,4
646421,0
646457,0
646473,0
646600,1
646600,6
646600,8
646705,0
646705,5
646705,22
646738,0
646738,18
646738,62
646813,1
646830,0
646830,7
646830,186
646830,1
646830,5
646881,0
646941,1
646941,18
646941,62
646941,0
646942,4
646942,13
646942,14
646942,1
646942,30
646942,144
646942,0
646942,8
647010,7
647010,186
647055,20
647055,1
647055,3
647055,5
647320,0
647370,1
647370,3
647370,0
647370,4
647534,26
647534,13
647534,4
647534,1
647534,8
647534,31
647534,30
647534,144
647536,3
647547,1
647547,0
647567,8
647567,0
647567,18
647567,62
647567,2
647567,1
647567,6
647569,0
647590,1
647623,1
647623,5
647623,0
647657,0
647740,0
647740,1
647808,0
648036,0
648036,16
648037,4
648106,0
648106,1
648106,5
648171,0
648171,16
648171,2
648171,20
648248,0
648248,7
648248,186
648248,5
648248,18
648248,62
648524,0
648576,1
648576,0
648602,0
648652,1
648652,0
648727,16
648727,0
648985,0
648985,1
648985,5
648985,15
649001,0
649001,1
649032,1
649032,0
649065,13
649065,14
649065,0
649079,0
649079,1
649079,5
649130,14
649130,22
649157,1
649174,0
649183,1
649186,8
649264,1
649264,5
649264,3
649264,0
649264,2
649264,18
649264,62
649342,1
649343,0
649343,2
649343,1
649491,1
649491,5
649491,0
649491,14
649491,9
649491,27
649637,1
649637,0
649720,3
649720,1
649720,17
649720,0
649720,4
649807,17
649807,30
649807,144
649870,1
649870,0
649878,0
649878,1
649914,0
650025,1
650025,4
650051,0
650051,5
650051,1
650085,1
650085,5
650085,15
650085,7
650085,186
650085,0
650110,0
650110,1
650110,4
650110,13
650110,3
650140,0
650140,2
650193,0
650193,1
650193,5
650391,0
650481,0
650481,1
650565,1
650565,0
650565,14
650565,4
650576,2
650576,0
650576,1
650603,1
650603,5
650603,0
650682,0
650682,22
650682,1
650732,1
650732,0
650732,5
650774,1
650774,0
650924,0
651006,0
651064,1
651068,0
651068,1
651068,33
651068,4
651068,31
651127,0
651142,1
651142,0
651179,0
651179,1
651203,1
651203,4
651203,3
651223,1
651223,0
651245,1
651245,0
651250,1
651250,3
651373,0
651484,1
651539,0
651542,1
651726,0
651726,1
651726,5
651927,14
651927,0
651928,32
651938,0
652120,4
652120,1
652120,0
652127,1
652262,0
652294,0
652336,0
652336,5
652336,1
652336,13
652336,4
652479,5
652479,1
652479,0
652632,0
652728,22
652728,0
652742,5
652742,1
652742,0
652742,7
652742,186
652742,22
652796,22
652796,0
652796,5
652815,0
652910,1
652910,5
652945,1
652961,0
652961,7
652961,186
652961,5
652961,1
653047,1
653047,5
653082,1
653154,0
653154,1
653154,5
653267,0
653318,0
653318,1
653318,3
653329,1
653329,5
653377,1
653377,28
653518,0
653518,1
653536,1
653536,0
653536,5
653536,4
653536,2
653536,18
653536,62
653618,5
653651,10
653651,9
653772,0
653772,1
653772,8
653772,4
653777,9
653777,0
653777,17
653807,1
653891,0
653891,1
654030,0
654030,4
654030,1
654073,0
654073,1
654174,8
654177,1
654177,0
654188,1
654188,0
654201,0
654226,1
654226,0
654288,0
654288,1
654288,7
654288,186
654288,22
654379,1
654379,0
654379,5
654379,4
654379,8
654458,0
654458,1
654458,5
654566,1
654566,5
654566,9
654566,4
654615,5
654615,1
654615,7
654615,186
654615,0
654615,2
654767,35
654767,6
654851,1
654851,5
654857,7
654857,186
654857,0
654857,5
654857,1
654857,15
654964,0
654964,1
654964,3
654964,2
654964,6
655054,0
655054,1
655054,5
655125,0
655125,1
655125,5
655134,1
655134,4
655134,0
655151,1
655213,1
655213,0
655217,1
655284,0
655284,1
655284,5
655436,1
655436,6
655469,0
655469,4
655469,1
655528,1
655584,0
655584,1
655680,1
655738,1
655738,0
655828,1
655828,0
655890,22
655979,0
655979,1
655979,5
655979,3
656025,1
656025,0
656082,0
656082,1
656170,0
656191,0
656191,1
656373,16
656454,1
656454,5
656454,4
656454,26
656454,3
656454,15
656454,29
656454,0
656489,0
656499,0
656499,16
656499,1
656586,0
656694,0
656770,3
656770,0
656770,1
656770,5
656770,8
656824,2
656953,0
656953,1
657014,1
657014,12
657085,0
657085,16
657087,0
657096,0
657106,1
657106,27
657284,1
657284,25
657332,1
657332,4
657332,13
657386,1
657386,0
657386,2
657479,8
657487,1
657488,0
657488,16
657488,14
657488,4
657488,18
657488,62
657500,8
657500,1
657500,6
657582,1
657582,26
657673,0
657673,5
657694,0
657694,1
657694,5
657785,1
657785,4
657785,8
657785,13
657824,18
657824,62
657824,2
657824,24
657824,0
657898,0
657898,1
657985,1
657985,3
657985,4
657985,0
657985,2
657999,1
658018,0
658018,5
658018,1
658018,4
658018,13
658018,7
658018,186
658048,6
658048,4
658048,0
658097,3
658097,4
658097,1
658097,0
658106,0
658106,1
658106,5
658207,0
658207,1
658209,1
658355,1
658355,0
658380,7
658380,186
658380,0
658380,1
658380,5
658411,1
658411,0
658444,4
658444,3
658444,30
658444,144
658444,25
658444,31
658444,1
658458,2
658458,0
658473,0
658473,20
658510,1
658510,0
658558,0
658571,1
658571,0
658575,1
659013,5
659013,1
659013,0
659024,0
659208,0
659208,1
659208,5
659208,7
659208,186
659255,0
659255,1
659343,4
659343,13
659494,0
659503,1
659639,0
659639,21
659657,1
659657,3
659657,0
659657,2
659657,18
659657,62
659685,1
659710,0
659720,15
659720,1
659720,5
659720,0
659838,4
659838,3
659838,30
659838,144
659838,13
659870,0
659870,1
659870,13
659870,9
659950,1
659950,8
660057,0
660057,1
660057,5
660057,25
660118,0
660118,1
660118,4
660118,3
660118,8
660209,0
660209,1
660209,4
660209,3
660279,7
660279,186
660279,5
660344,0
660362,1
660411,1
660411,0
660578,1
660578,5
660646,0
660646,1
660646,5
660654,3
660654,1
660654,5
660671,1
660671,26
660686,16
660686,1
660686,14
660686,0
660743,0
660743,17
661035,0
661080,1
661082,10
661082,0
661144,0
661189,0
661221,0
661221,26
661475,29
661475,1
661475,5
661475,0
661579,1
661594,7
661594,186
661594,0
661594,1
661666,14
661669,0
661669,22
661669,8
661713,0
661713,1
661748,1
661748,5
661748,26
661906,1
661906,5
662008,0
662043,0
662056,0
662056,1
662102,0
662102,1
662165,0
662177,0
662190,0
662190,1
662190,5
662190,14
662190,9
662234,0
662267,0
662267,1
662267,5
662332,0
662332,5
662332,1
662332,7
662332,186
662538,1
662538,0
662550,5
662550,1
662550,7
662550,186
662550,15
662550,22
662550,0
662550,9
662550,10
662573,0
662606,1
662606,0
662608,15
662608,7
662608,186
662608,1
662608,5
662608,0
662615,5
662615,1
662615,15
662693,27
662693,4
662693,1
662761,1
662761,0
662765,5
662765,0
662765,1
662765,4
662792,1
662833,0
662833,1
663101,0
663101,1
663101,5
663101,3
663347,0
663347,1
663371,1
663371,5
663391,4
663564,0
663564,1
663564,5
663573,22
663636,0
663732,0
663732,1
663771,0
663771,1
663771,5
663795,1
663795,13
663795,4
663811,1
663811,0
663842,0
663842,4
663842,1
663903,1
663903,5
663903,3
663903,4
663903,15
663903,13
663903,0
664101,0
664102,7
664102,186
664102,22
664102,0
664116,0
664116,2
664145,1
664145,0
664166,1
664168,1
664168,0
664168,7
664168,186
664168,5
664285,0
664302,7
664302,186
664307,1
664307,3
664307,0
664330,2
664330,3
664330,1
664330,14
664330,25
664330,4
664330,29
664330,26
664376,7
664376,186
664376,0
664376,5
664376,1
664460,0
664460,14
664484,1
664521,1
664521,33
664521,0
664804,3
664884,1
664932,0
664937,1
664937,5
664937,0
664937,24
664985,1
664985,8
665033,0
665079,7
665079,186
665079,5
665079,1
665079,0
665168,4
665168,1
665182,1
665182,0
665184,1
665184,4
665184,0
665185,0
665194,1
665194,4
665194,0
665218,1
665323,1
665386,5
665386,1
665483,0
665494,0
665616,0
665616,1
665635,5
665635,1
665815,1
665815,0
665892,0
665928,0
665928,2
665928,1
665928,4
665928,3
665928,12
665994,1
665994,9
666021,33
666021,4
666021,1
666076,1
666076,0
666127,0
666127,1
666127,5
666127,7
666127,186
666138,0
666194,1
666194,3
666194,4
666194,0
666194,18
666194,62
666284,14
666284,42
666284,25
666284,11
666284,4
666284,10
666284,26
666284,13
666284,9
666284,0
666284,1
666284,5
666284,30
666284,144
666284,46
666284,34
666284,21
666316,3
666559,4
666559,3
666574,1
666574,0
666643,1
666643,0
666643,5
666722,0
666722,1
666898,0
666898,1
666912,0
666972,5
666980,1
666980,0
667054,1
667054,0
667054,31
667054,2
667054,18
667054,62
667078,0
667078,9
667078,1
667157,1
667157,0
667175,0
667175,1
667175,5
667238,1
667280,0
667281,0
667281,1
667406,1
667426,32
667464,0
667464,8
667485,1
667485,6
667485,0
667521,15
667521,1
667521,26
667676,0
667676,1
667676,5
667697,0
667736,1
667736,5
667773,1
667773,5
667889,0
667889,9
667889,4
667889,35
667890,1
667890,0
667956,0
667956,16
667963,1
667963,5
668055,1
668055,0
668093,0
668093,2
668093,1
668093,4
668093,5
668260,7
668260,186
668260,1
668260,5
668434,0
668446,1
668446,0
668447,0
668447,2
668458,1
668458,0
668518,0
668518,18
668518,62
668518,2
668518,1
668660,5
668660,1
668661,0
668661,1
668678,32
668678,1
668678,0
668678,5
668744,4
668744,9
668787,0
668923,1
668923,0
668923,5
668956,0
668965,0
669269,1
669269,5
669269,4
669269,9
669269,0
669290,1
669290,0
669376,0
669376,1
669477,1
669477,5
669484,0
669484,1
669484,7
669484,186
669484,5
669498,6
669498,4
669581,0
669581,1
669581,9
669581,5
669623,1
669721,0
669721,5
669721,1
669737,0
669737,1
669766,0
669766,26
669766,13
669788,1
669788,5
669788,7
669788,186
669905,0
669905,1
669994,5
669994,1
670010,0
670010,1
670010,5
670131,0
670162,0
670162,1
670179,4
670179,6
670179,31
670179,1
670285,1
670285,4
670285,3
670348,0
670415,0
670415,1
670415,5
670485,6
670485,0
670541,0
670573,1
670573,0
670695,0
670695,5
670695,1
670695,4
670695,10
670724,0
670724,16
670754,5
670754,1
670754,0
670890,22
670895,1
670895,13
671127,0
671127,1
671127,5
671127,8
671204,0
671322,1
671322,8
671348,1
671348,0
671387,31
671387,1
671387,15
671387,5
671387,12
671387,0
671387,2
671387,18
671387,62
671414,0
671427,0
671464,0
671464,1
671464,26
671529,0
671557,4
671784,7
671784,186
671784,1
671784,5
671861,9
671861,0
671937,0
671937,1
671959,35
671959,26
671967,4
671967,1
672001,0
672001,5
672001,1
672001,3
672001,4
672001,13
672007,0
672007,1
672192,1
672192,5
672247,0
672247,9
672247,20
672247,1
672247,12
672284,0
672284,1
672284,5
672362,1
672362,0
672454,5
672454,0
672454,1
672490,0
672490,1
672490,5
672688,0
672688,20
672688,5
672688,1
672689,1
672752,0
672752,5
672752,1
672764,1
672764,5
672766,1
672766,7
672766,186
672766,22
672849,1
672849,0
672877,4
672877,8
672879,0
672879,1
672887,0
672887,7
672887,186
672887,1
672887,5
672907,1
672907,0
672938,5
672938,0
672989,7
672989,186
672989,5
672989,0
673080,7
673080,186
673080,5
673080,15
673080,0
673098,1
673359,13
673359,1
673575,0
673575,7
673575,186
673575,22
673584,0
673584,22
673661,1
673661,14
673661,0
673661,2
673681,0
673681,1
673681,2
673754,0
673754,42
673754,8
673810,1
673810,3
673860,1
673860,0
673860,5
673938,0
673938,1
673938,4
673938,3
673938,2
673938,18
673938,62
673939,1
673939,0
673962,0
673962,1
673962,5
674106,1
674106,5
674106,4
674106,13
674106,15
674127,0
674127,1
674142,0
674194,0
674206,0
674279,1
674279,0
674325,0
674376,1
674376,5
674376,0
674392,1
674392,35
674473,1
674501,4
674501,1
674501,0
674507,0
674662,0
674662,1
674814,5
674814,1
674814,8
674844,0
674844,16
674844,1
674844,14
674844,2
674866,26
674915,14
674915,11
674915,47
674917,0
674917,1
674941,1
674941,0
674941,7
674941,186
674941,5
675050,0
675067,7
675067,186
675067,0
675209,0
675209,1
675209,20
675331,4
675331,1
675331,0
675503,1
675503,5
675503,0
675508,0
675519,0
675519,2
675519,1
675538,1
675538,0
675566,0
675634,1
675719,0
675805,1
675805,3
675805,5
675857,0
675857,1
675862,1
675888,0
675888,2
675888,1
675888,5
675914,1
675914,5
676026,1
676026,5
676026,0
676109,0
676109,1
676112,1
676112,15
676179,1
676179,13
676179,4
676179,5
676179,7
676179,186
676179,15
676241,1
676241,5
676241,4
676241,0
676241,18
676241,62
676321,0
676321,22
676443,0
676636,1
676636,3
676636,5
676636,0
676777,1
676777,13
676777,4
676777,0
676825,0
676825,1
676825,5
676839,0
676849,0
676849,1
676849,5
676900,0
676900,23
676900,10
676900,42
676900,14
676900,22
676902,0
676902,1
676902,5
676980,26
676980,1
676980,0
676980,3
677058,5
677058,0
677076,0
677076,6
677076,31
677076,1
677151,0
677151,5
677155,0
677155,1
677155,5
677351,8
677471,0
677471,2
677471,1
677471,17
677498,5
677498,1
677507,26
677514,1
677514,0
677563,1
677563,5
677563,0
677590,0
677590,1
677607,1
677607,4
677607,0
677653,1
677681,0
677681,1
677745,0
677745,1
677749,1
677749,0
677862,0
677862,1
677909,0
677909,1
677925,0
677925,6
677925,1
677949,3
677949,0
677949,12
677949,1
677949,4
678019,1
678019,5
678019,0
678019,4
678086,1
678123,26
678193,0
678193,16
678255,0
678255,23
678552,1
678552,5
678552,15
678633,0
678657,0
678714,1
678714,4
678714,3
678749,0
678749,1
678749,8
678836,0
678886,1
678886,18
678886,62
678931,1
678931,0
678991,0
678991,1
679001,1
679001,0
679004,22
679036,1
679163,5
679163,0
679163,1
679163,3
679163,4
679163,13
679287,0
679287,1
679287,9
679384,1
679384,5
679384,0
679438,5
679438,1
679494,0
679494,1
679494,5
679511,0
679511,1
679541,1
679541,6
679541,0
679541,4
679541,3
679613,0
679613,1
679613,5
679665,0
679665,1
679665,5
679677,0
679679,1
679679,5
679698,1
679801,0
679895,1
679895,0
679895,2
680002,4
680002,1
680057,1
680070,1
680080,0
680080,1
680080,14
680154,0
680228,3
680285,1
680285,13
680285,12
680285,27
680285,0
680294,1
680301,8
680325,1
680325,0
680355,2
680355,1
680355,5
680355,7
680355,186
680355,8
680374,0
680374,5
680374,1
680424,0
680425,2
680425,0
680447,0
680476,1
680476,5
680476,0
680476,9
680488,1
680488,0
680529,1
680529,0
680595,0
680595,1
680609,0
680609,1
680680,7
680680,186
680680,1
680701,1
680701,0
680758,0
680758,2
680758,18
680758,62
680768,1
680768,0
680892,1
680892,0
680892,28
680970,1
680970,0
681016,1
681023,0
681034,0
681079,0
681083,0
681159,1
681159,0
681211,1
681211,3
681211,0
681211,2
681211,18
681211,62
681259,0
681359,0
681359,1
681395,1
681395,5
681395,0
681477,1
681477,0
681477,13
681477,4
681477,9
681477,11
681644,1
681644,0
681680,0
681694,0
681720,1
681720,0
682004,0
682004,1
682017,1
682017,8
682119,39
682119,1
682119,0
682236,0
682236,1
682249,0
682264,20
682280,5
682280,1
682280,0
682284,0
682300,0
682300,1
682343,0
682343,1
682343,4
682343,25
682367,0
682381,0
682494,1
682494,4
682494,3
682494,0
682528,3
682528,0
682601,1
682601,0
682693,1
682693,3
682693,4
682707,1
682707,5
682722,1
682722,4
682722,0
682722,13
682722,10
682722,9
682722,14
682752,1
682795,1
682795,5
682795,0
682930,1
682930,5
682930,4
682936,1
682936,0
683026,0
683051,1
683051,18
683051,62
683174,0
683174,7
683174,186
683204,0
683204,1
683204,20
683204,16
683301,1
683301,35
683318,0
683318,22
683318,5
683318,1
683480,0
683480,6
683480,1
683480,31
683480,30
683480,144
683480,8
683509,8
683509,1
683509,0
683546,2
683546,0
683546,1
683546,3
683601,9
683687,16
683772,0
683820,16
683820,0
683824,0
683824,1
683962,7
683962,186
683962,0
684058,0
684065,1
684065,7
684065,186
684065,15
684065,5
684065,0
684065,3
684065,4
684065,13
684088,1
684199,1
684201,8
684201,0
684201,1
684406,0
684697,7
684697,186
684697,5
684717,0
684748,0
684903,0
684903,1
684903,9
684941,2
684941,0
684941,7
684941,186
684957,1
684957,0
685008,0
685018,1
685018,5
685018,0
685018,9
685019,1
685019,0
685153,0
685242,1
685242,3
685242,4
685242,0
685242,2
685285,1
685285,3
685285,4
685285,0
685363,0
685363,1
685367,0
685367,1
685367,3
685581,5
685581,0
685581,1
685692,0
685695,0
685763,1
685773,1
685775,0
685842,1
685842,0
685954,0
685954,2
685954,18
685954,62
686005,4
686005,2
686013,0
686013,1
686041,0
686064,8
686064,5
686064,1
686064,0
686064,15
686064,26
686135,0
686135,14
686135,1
686271,14
686271,39
686271,9
686281,1
686281,0
686356,1
686356,0
686383,0
686405,7
686405,186
686405,5
686405,1
686405,0
686436,8
686436,13
686436,18
686436,62
686451,0
686451,1
686451,5
686451,7
686451,186
686451,4
686451,13
686451,14
686485,0
686485,1
686615,2
686615,0
686615,1
686615,4
686735,0
686864,0
686864,1
686864,5
686864,4
686864,13
686864,28
686864,18
686864,62
686864,2
686951,10
686951,5
687030,5
687097,3
687097,0
687207,13
687263,0
687263,5
687263,1
687361,10
687361,11
687361,9
687365,7
687365,186
687365,15
687365,5
687365,16
687389,8
687389,0
687389,1
687389,4
687389,3
687389,2
687432,0
687517,7
687517,186
687517,0
687517,1
687517,5
687526,1
687526,0
687648,6
687754,3
687754,1
687886,8
687886,5
687896,0
688096,0
688096,1
688118,2
688164,0
688164,1
688164,4
688319,1
688319,5
688319,3
688339,0
688375,1
688375,0
688407,0
688407,26
688459,1
688459,0
688539,5
688539,1
688539,0
688566,0
688566,5
688566,7
688566,186
688566,1
688826,0
688854,2
688878,8
688878,0
688878,1
688878,4
688878,3
688878,2
688913,2
688957,15
688957,1
688969,5
688969,1
688969,0
689070,1
689070,5
689070,0
689070,2
689331,1
689472,1
689472,24
689515,0
689654,0
689848,0
689848,1
689889,0
689889,1
689889,2
689969,0
690024,13
690024,1
690024,0
690024,26
690024,14
690241,26
690369,1
690369,0
690461,4
690461,6
690461,0
690470,0
690556,1
690556,5
690556,3
690556,0
690819,1
690819,0
690819,7
690819,186
690819,26
690870,1
690870,4
690870,3
690904,0
690904,1
690904,22
691019,1
691019,3
691019,9
691019,18
691019,62
691021,0
691021,6
691021,1
691021,4
691021,2
691030,1
691207,4
691207,3
691207,1
691207,2
691207,0
691207,24
691207,6
691214,1
691214,0
691214,15
691214,5
691323,13
691323,1
691323,4
691323,8
691324,0
691369,1
691564,0
691717,0
691819,0
691819,1
691942,1
691995,1
691995,0
691995,2
692273,0
692273,1
692346,0
692346,1
692374,1
692374,0
692492,1
692569,1
692569,3
692620,5
692620,1
692620,0
692690,32
692690,1
692690,0
692799,4
692799,3
692799,1
692799,31
692799,0
692805,1
692805,0
692900,0
692999,1
693050,1
693050,0
693050,5
693224,0
693224,2
693338,8
693338,0
693338,1
693338,3
693349,0
693349,7
693349,186
693469,1
693469,0
693469,2
693580,0
693580,1
693832,0
693832,1
693911,1
693911,11
693911,0
693911,26
693911,13
693911,14
693911,4
693911,9
693977,4
693977,13
694028,7
694028,186
694071,20
694071,0
694231,0
694316,0
694416,13
694416,1
694463,0
694561,1
694561,4
694632,18
694632,62
694691,0
694759,1
694802,0
694802,1
694855,22
694855,0
694855,1
694855,5
694912,5
694912,22
694912,1
694912,7
694912,186
695057,1
695057,0
695134,0
695134,5
695134,1
695214,0
695214,1
695214,5
695231,5
695231,1
695231,0
695231,3
695308,1
695308,28
695308,13
695308,4
695308,14
695324,5
695324,1
695440,0
695440,1
695460,5
695460,1
695460,0
695460,9
695460,10
695460,11
695469,0
695469,16
695481,0
695499,5
695499,0
695499,1
695582,1
695878,0
695919,1
695919,0
695969,1
695969,0
696003,0
696003,3
696003,1
696043,0
696043,1
696123,0
696123,1
696123,14
696123,30
696123,144
696123,25
696152,1
696152,5
696152,0
696494,4
696621,0
696621,1
696621,5
696640,1
696640,0
696640,3
696656,5
696656,1
696656,7
696656,186
696656,0
696767,0
696767,2
696767,1
696767,4
696813,0
696813,7
696813,186
696813,1
696813,4
696813,5
697068,0
697107,0
697170,1
697170,5
697404,1
697438,1
697438,4
697498,0
697825,12
697825,6
697825,1
697907,1
697949,1
697984,1
697984,0
698032,1
698032,3
698032,4
698032,5
698032,13
698032,12
698032,20
698032,0
698032,2
698032,18
698032,62
698047,5
698047,0
698047,1
698059,0
698059,1
698075,18
698075,62
698075,0
698075,2
698177,0
698348,0
698394,1
698414,8
698414,1
698414,4
698414,26
698414,13
698459,8
698459,1
698459,5
698459,0
698459,2
698459,6
698487,8
698487,26
698594,3
698594,1
698594,0
698594,52
698594,43
698608,19
698608,4
698624,1
698664,0
698664,1
698664,5
698750,5
698750,1
698750,7
698750,186
698768,1
698768,11
698858,1
698858,5
698858,7
698858,186
698858,15
698858,0
698994,1
698994,0
699127,1
699127,2
699131,7
699131,186
699131,5
699171,0
699171,25
699171,31
699171,1
699209,22
699209,9
699209,1
699236,0
699236,9
699361,0
699478,0
699478,1
699611,0
699647,4
699647,6
699647,0
699703,7
699703,186
699703,0
699707,1
699720,0
699720,18
699720,62
699720,1
699720,9
699742,1
699742,5
699747,1
699783,0
699829,1
699829,5
699829,0
700003,1
700003,4
700003,3
700003,0
700007,0
700007,1
700007,9
700077,1
700084,0
700084,1
700159,35
700227,0
700227,14
700227,13
700227,16
700227,20
700286,5
700286,1
700318,4
700318,3
700318,1
700318,0
700318,2
700495,0
700495,2
700495,1
700504,1
700504,0
700539,1
700539,5
700539,0
700539,4
700589,0
700589,1
700589,5
700589,3
700602,1
700602,10
700602,11
700765,0
700790,0
700790,1
700808,0
700808,1
700811,0
700831,12
700831,1
700831,30
700831,144
700868,7
700868,186
700868,5
700868,1
700868,0
700890,0
700919,0
701287,4
701287,1
701287,5
701293,0
701293,14
701326,1
701537,1
701537,0
701537,5
701563,0
701672,0
701672,1
701672,5
701956,1
702000,0
702000,7
702000,186
702000,26
702007,8
702009,0
702009,1
702029,0
702029,8
702058,0
702058,2
702058,1
702058,5
702058,3
702158,0
702158,1
702165,0
702165,16
702168,1
702168,0
702168,17
702168,2
702268,0
702378,1
702447,0
702447,5
702447,1
702457,0
702461,0
702758,0
702789,0
702789,1
702789,5
702860,0
702860,1
702860,3
702887,1
702887,8
703066,1
703122,1
703145,4
703145,13
703145,1
703145,3
703200,0
703200,1
703207,1
703207,0
703210,0
703210,9
703210,7
703210,186
703471,0
703509,1
703509,5
703538,8
703538,27
703538,12
703538,4
703538,1
703538,9
703538,2
703549,0
703621,1
703621,5
703621,8
703621,15
703621,0
703650,1
703650,4
703707,8
703707,26
703796,0
703796,1
703883,0
703930,8
704060,0
704060,1
704060,5
704060,7
704060,186
704060,9
704089,5
704089,1
704104,5
704104,1
704104,0
704137,1
704137,0
704176,1
704176,0
704208,1
704208,5
704208,4
704230,1
704230,0
704266,1
704266,5
704406,5
704406,1
704406,4
704416,26
704416,13
704416,1
704577,1
704620,14
704620,0
704666,26
704666,0
704666,1
704696,7
704696,186
704696,1
704775,1
704819,0
704895,0
704895,7
704895,186
704895,5
704895,23
705016,5
705016,1
705030,0
705030,16
705030,20
705084,0
705084,1
705093,1
705182,0
705182,5
705182,7
705182,186
705182,26
705316,1
705316,0
705316,15
705316,7
705316,186
705316,5
705324,0
705324,1
705324,5
705541,1
705541,15
705541,0
705570,1
705615,1
705726,22
705726,0
705759,0
705759,5
705759,1
705949,1
705975,0
705975,1
706072,1
706072,0
706072,5
706072,9
706072,3
706072,4
706072,13
706097,3
706097,0
706134,1
706134,7
706134,186
706134,0
706213,0
706327,4
706327,13
706327,26
706327,1
706327,0
706386,1
706386,0
706386,2
706480,25
706480,14
706480,9
706537,0
706709,25
706709,4
706709,0
707009,3
707009,1
707094,0
707094,2
707239,7
707239,186
707239,0
707254,1
707254,39
707254,0
707313,0
707313,1
707313,5
707328,1
707328,0
707390,1
707390,4
707390,0
707390,2
707403,0
707403,2
707404,8
707414,4
707414,1
707414,3
707414,0
707414,6
707562,1
707598,1
707598,0
707612,1
707612,7
707612,186
707612,0
707612,5
707623,0
707623,1
707623,8
707636,0
707861,4
707861,0
707861,1
707861,3
707916,0
707987,0
707987,5
707987,1
708033,1
708033,5
708033,0
708048,4
708120,1
708120,5
708303,8
708303,0
708303,1
708316,0
708316,1
708316,5
708362,0
708362,1
708362,16
708449,8
708471,0
708471,1
708514,0
708580,0
708749,1
708749,5
708749,0
708758,1
708758,5
708758,4
708758,26
708758,13
708758,14
708813,0
708813,1
708813,12
708813,31
708822,0
708822,2
708822,1
708822,4
708822,13
708903,1
708930,0
708940,5
708940,1
709032,0
709032,1
709032,4
709045,0
709110,1
709110,0
709180,5
709180,0
709180,1
709385,0
709457,1
709457,5
709457,0
709555,1
709555,0
709615,5
709681,0
709681,1
709681,5
709681,7
709681,186
709860,0
709860,1
709877,1
709877,0
709948,0
709948,5
709948,1
709948,7
709948,186
709948,14
709948,42
709948,4
709970,26
709970,34
709970,35
709994,0
709994,2
709994,1
709994,8
710012,1
710043,5
710043,1
710043,0
710043,2
710076,1
710076,5
710098,0
710098,1
710215,1
710215,25
710215,11
710215,0
710215,2
710215,10
710215,9
710249,16
710249,0
710335,1
710369,0
710369,4
710369,1
710369,5
710369,7
710369,186
710432,1
710432,4
710432,0
710488,0
710488,1
710902,4
710902,26
710902,9
710902,0
710914,0
710914,1
710931,1
710931,5
710931,7
710931,186
710931,0
710935,0
710935,14
710935,4
710938,7
710938,186
710938,5
710938,1
710938,2
710938,8
710986,0
710998,0
710998,1
711018,1
711018,39
711018,0
711118,1
711118,0
711124,1
711124,26
711210,1
711210,3
711210,0
711272,26
711348,0
711348,1
711348,4
711357,1
711357,15
711373,0
711373,1
711373,5
711385,1
711385,0
711407,0
711407,1
711407,6
711418,15
711501,0
711606,1
711606,5
711606,0
711606,2
711789,0
711789,1
711789,9
711789,2
711789,18
711789,62
711995,1
711995,0
711995,10
711995,9
711995,11
712088,5
712088,1
712165,4
712165,9
712165,13
712165,7
712165,186
712165,1
712221,1
712221,0
712239,0
712247,0
712392,0
712450,1
712450,5
712450,3
712512,1
712512,0
712825,0
712825,16
712825,1
712844,0
712844,1
712860,1
712860,5
712860,29
712860,13
712860,9
712860,14
712860,30
712860,144
712967,1
712967,5
712981,0
712981,16
712993,0
712993,3
712995,0
713189,8
713189,0
713191,0
713213,26
713220,5
713220,1
713220,0
713220,25
713233,1
713233,5
713247,7
713247,186
713247,1
713247,5
713280,8
713280,1
713337,0
713337,1
713337,6
713504,15
713552,1
713552,5
713596,9
713596,2
713596,1
713631,4
713631,2
713631,0
713631,18
713631,62
713639,0
713693,1
713693,0
713693,9
713846,1
713846,31
713846,5
713846,30
713846,144
713846,26
713846,13
713882,25
713896,7
713896,186
713896,0
713896,5
713896,1
713896,26
713939,0
714059,0
714059,1
714059,18
714059,62
714223,0
714299,1
714305,40
714553,0
714582,0
714582,5
714582,1
714600,4
714600,3
714600,1
714600,2
714600,0
714600,6
714753,0
714753,1
715047,1
715047,0
715093,22
715093,0
715093,1
715116,1
715116,13
715160,8
715187,3
715187,1
715187,4
715187,0
715187,8
715204,0
715204,12
715204,20
715204,1
715204,6
715204,9
715214,0
715214,22
715289,0
715311,1
715311,8
715341,1
715399,7
715399,186
715399,0
715399,1
715591,1
715591,0
715591,8
715617,1
715659,1
715686,1
715686,0
715705,0
715834,0
715977,1
715977,0
715977,28
716049,0
716049,1
716049,8
716049,3
716062,0
716208,4
716208,3
716208,1
716208,18
716208,62
716213,1
716213,5
716232,0
716250,8
716250,1
716250,4
716250,0
716250,28
716257,5
716257,1
716257,12
716257,6
716299,1
716299,24
716423,0
716442,0
716478,0
716478,5
716478,1
716490,1
716490,5
716515,1
716515,0
716541,1
716545,0
716583,0
716633,0
716633,5
716633,1
716712,1
716712,5
716712,8
716712,4
716728,1
716728,4
716728,8
716742,3
716742,18
716742,62
716742,0
716810,1
716826,6
716936,0
716936,1
716939,0
716945,1
716945,5
716945,0
716961,1
716977,0
716977,1
717128,1
717128,5
717128,0
717160,0
717160,2
717187,5
717288,0
717305,1
717305,5
717305,26
717305,13
717305,0
717305,2
717373,1
717407,8
717428,1
717428,5
717428,0
717486,1
717531,0
717575,0
717575,1
717741,17
717741,9
717741,0
717741,5
717741,1
717749,0
717760,1
717760,0
717760,9
717760,7
717760,186
717879,7
717879,186
717879,1
717879,5
717928,35
717941,0
717941,1
717941,5
718016,0
718016,1
718016,5
718026,0
718096,3
718096,4
718096,18
718096,62
718140,1
718179,1
718179,0
718443,1
718443,0
718450,1
718562,1
718562,5
718562,0
718610,9
718807,1
718808,0
718808,1
718808,4
718808,5
718910,0
718910,1
718927,6
718927,1
718927,3
718927,0
719058,0
719058,1
719058,8
719075,0
719075,1
719075,5
719075,4
719075,7
719075,186
719163,0
719349,6
719349,0
719349,1
719349,5
719491,0
719525,0
719525,1
719525,5
719663,0
719663,1
719663,5
719668,0
719668,1
719725,0
719725,16
719807,3
719807,1
719874,1
719874,13
719874,9
719874,12
719874,18
719874,62
719879,1
719879,4
719896,1
719896,0
719939,1
719993,1
719993,5
719993,3
719999,1
719999,4
719999,9
719999,0
719999,2
720139,1
720139,0
720194,0
720207,1
720207,5
720207,0
720226,0
720226,16
720259,1
720259,4
720259,0
720338,0
720359,0
720359,1
720390,1
720390,0
720390,5
720402,1
720402,0
720417,0
720460,8
720460,5
720460,1
720460,0
720643,0
720691,1
720693,1
720705,0
720761,0
720782,1
720782,0
720782,2
720805,0
720852,1
720852,5
720856,1
720856,0
720873,5
720873,1
720957,4
720957,3
721086,1
721086,3
721086,4
721177,1
721291,1
721291,5
721300,1
721300,0
721300,2
721433,1
721433,8
721484,26
721484,0
721516,0
721516,1
721556,0
721556,7
721556,186
721581,0
721581,16
721581,1
721581,14
721622,0
721622,1
721801,4
721801,1
721830,7
721830,186
721830,1
721830,5
721986,1
722034,0
722034,1
722034,5
722109,0
722109,22
722150,1
722343,0
722367,1
722367,0
722470,1
722470,0
722523,1
722523,0
722750,3
722750,1
722750,12
722750,0
722750,6
722769,22
722769,0
722817,1
722817,0
722915,0
722915,1
722927,0
722927,1
723032,1
723138,0
723138,16
723138,1
723209,1
723209,0
723403,22
723534,1
723534,13
723594,1
723607,7
723607,186
723658,4
723658,1
723658,14
723658,12
723658,2
723658,3
723707,0
723901,0
723901,14
723934,0
723934,1
723991,0
724027,1
724027,5
724028,1
724028,5
724028,0
724074,1
724089,1
724204,0
724204,1
724262,0
724262,1
724262,5
724303,0
724303,1
724447,12
724447,1
724467,5
724467,1
724467,0
724548,8
724548,1
724584,0
724584,22
724681,1
724697,1
724697,3
724697,2
724697,18
724697,62
724865,0
724865,5
724878,1
724878,4
724878,3
724878,0
724891,9
724891,0
724891,2
724917,8
724932,1
724932,0
725058,0
725336,1
725336,0
725432,0
725432,6
725432,1
725579,1
725633,0
725633,1
725633,5
725686,1
725709,0
725779,0
725779,2
725841,1
725841,5
725841,4
725841,13
725876,1
725905,1
725905,5
725905,0
725916,0
725916,1
725922,0
725948,1
725948,0
725962,0
726022,0
726022,1
726040,0
726075,0
726075,16
726075,1
726084,0
726159,1
726159,5
726174,4
726174,1
726219,0
726291,1
726291,13
726363,1
726363,5
726363,4
726377,0
726377,16
726546,1
726560,0
726560,1
726590,1
726688,5
726688,1
726688,8
726784,0
726784,2
726832,5
726832,8
726940,7
726940,186
726973,4
727040,7
727040,186
727040,5
727040,1
727040,0
727126,1
727126,0
727201,0
727201,1
727245,1
727245,5
727245,7
727245,186
727295,8
727300,1
727300,5
727489,0
727489,4
727489,1
727489,5
727489,3
727489,9
727489,11
727587,20
727587,1
727797,0
727831,0
727831,1
727890,0
727890,1
727890,30
727890,144
727890,4
727890,2
728011,5
728140,1
728140,0
728140,6
728165,0
728251,1
728251,14
728251,4
728251,0
728272,1
728272,0
728272,5
728287,0
728287,3
728287,4
728287,1
728308,1
728308,4
728352,0
728394,8
728452,1
728452,0
728506,7
728506,186
728506,0
728530,12
728530,0
728531,14
728648,1
728835,1
728835,4
728835,0
729099,0
729099,1
729109,8
729109,0
729181,1
729195,1
729224,1
729224,0
729311,1
729311,9
729311,0
729320,1
729320,6
729320,4
729320,2
729320,5
729331,25
729331,9
729331,14
729331,4
729331,1
729331,18
729331,62
729331,0
729488,0
729614,0
729630,0
729630,1
729642,1
729642,5
729689,0
729689,1
729689,3
729733,1
729733,5
729733,0
729797,7
729797,186
729797,0
729797,5
729797,1
729828,4
729886,13
729886,1
729886,5
729886,15
729886,0
730099,31
730099,1
730099,4
730159,1
730159,4
730193,1
730194,6
730194,1
730381,5
730381,1
730506,1
730506,0
730506,16
730553,5
730617,1
730661,0
730683,0
730683,18
730683,62
730683,1
730683,4
730683,26
730862,8
730894,4
730894,1
730894,18
730894,62
730919,0
731083,0
731185,1
731185,0
731185,4
731185,6
731255,1
731255,0
731255,5
731271,0
731271,16
731404,7
731404,186
731404,0
731404,8
731500,5
731500,1
731574,1
731574,0
731614,27
731614,14
731615,0
731615,1
731615,5
731713,1
731713,3
731817,1
731817,9
731971,5
731971,1
731978,1
731978,5
731978,0
732005,0
732005,2
732005,1
732034,0
732034,1
732034,5
732111,5
732111,1
732111,3
732111,7
732111,186
732478,1
732495,0
732495,1
732554,1
732554,4
732564,3
732564,1
732564,4
732564,8
732564,2
732565,1
732569,1
732569,0
732617,1
732617,0
732617,2
732617,18
732617,62
732667,0
732667,1
732687,1
732733,8
732809,5
732809,0
732809,1
732864,1
732880,0
732880,18
732880,62
732880,1
732980,0
732980,16
733045,1
733045,0
733045,18
733045,62
733337,5
733337,1
733337,0
733345,0
733345,1
733345,5
733345,26
733383,0
733410,1
733411,0
733439,0
733505,16
733565,0
733565,16
733721,0
733721,20
733812,0
733812,2
733812,5
733812,1
733812,3
733812,4
733812,13
733886,1
733886,5
733888,15
733888,5
733888,1
733888,0
733888,2
733921,0
734017,0
734017,16
734176,1
734205,18
734205,62
734205,0
734205,1
734205,5
734290,1
734290,3
734383,1
734465,1
734465,4
734465,0
734482,8
734528,1
734543,1
734543,3
734543,5
734615,0
734624,7
734624,186
734624,0
734730,1
734730,9
734752,4
734878,0
734883,0
734883,1
734883,5
734955,0
734955,1
734955,31
734955,3
734955,4
734955,7
734955,186
734955,13
735022,0
735022,5
735022,1
735058,0
735058,5
735061,26
735077,1
735077,0
735098,0
735098,1
735098,22
735103,1
735103,6
735173,0
735173,1
735173,3
735173,5
735186,0
735186,1
735186,5
735253,0
735253,1
735253,5
735258,9
735258,0
735310,1
735310,4
735321,1
735321,0
735325,4
735325,9
735325,1
735325,5
735346,1
735346,13
735346,4
735346,15
735403,0
735519,1
735519,4
735519,3
735519,6
735626,0
735828,1
735828,4
735828,13
735828,33
735886,1
735889,0
735889,1
735943,1
735943,3
736228,13
736228,1
736311,0
736381,7
736381,186
736381,22
736381,21
736452,0
736668,0
736668,1
736800,7
736800,186
736800,5
736800,1
736812,7
736812,186
736812,0
736812,4
736812,1
736864,0
736878,8
736885,1
736885,0
736981,0
736981,1
737025,5
737025,0
737031,0
737031,18
737031,62
737180,0
737180,1
737232,0
737232,1
737232,5
737423,0
737494,2
737494,1
737494,3
737494,0
737525,1
737580,0
737580,2
737580,1
737580,4
737658,1
737767,1
737767,0
737767,20
737779,0
737815,1
737820,7
737820,186
737820,0
737870,0
737870,1
737870,2
737871,4
737905,1
737905,0
737933,1
738048,0
738067,0
738067,1
738067,5
738121,22
738168,1
738168,4
738168,2
738198,1
738198,4
738198,13
738198,0
738198,2
738198,18
738198,62
738230,1
738230,4
738230,14
738231,1
738312,0
738312,2
738341,0
738347,1
738347,4
738355,33
738355,4
738355,1
738355,5
738457,0
738486,5
738486,0
738486,2
738665,8
738884,0
738884,28
738884,18
738884,62
738884,1
738884,8
738888,4
738888,1
738888,3
738888,14
738888,0
738888,16
738908,0
738908,1
738908,5
738921,1
738921,0
739033,1
739117,0
739117,5
739117,1
739120,4
739120,3
739120,1
739295,0
739327,0
739327,1
739331,1
739437,0
739484,8
739484,0
739503,0
739515,1
739515,0
739534,0
739586,0
739586,20
739586,1
739586,16
739673,8
739673,0
739684,1
739684,0
739684,2
739739,1
739739,0
739762,1
739762,0
739843,8
739887,1
739887,4
739887,9
739887,6
739887,0
739941,4
739941,1
739941,0
739972,0
740112,0
740131,0
740138,8
740296,1
740296,5
740332,1
740332,12
740332,0
740332,7
740332,186
740332,8
740349,0
740397,0
740463,1
740463,0
740607,1
740607,3
740607,4
740650,0
740747,0
740844,0
740844,1
740844,5
740863,0
740882,0
740907,1
741024,0
741168,1
741168,0
741168,2
741168,8
741168,4
741168,3
741226,1
741226,5
741234,1
741252,1
741252,3
741252,4
741252,0
741252,8
741252,5
741435,0
741435,22
741606,0
741606,1
741606,4
741648,0
741648,7
741648,186
741678,8
741678,0
741678,1
741698,8
741698,0
741698,5
741698,1
741698,7
741698,186
741762,1
741762,0
741807,1
741807,0
741807,8
741877,0
741878,1
741878,0
741891,1
741891,3
741941,1
741941,4
741977,1
741977,5
741977,0
742058,1
742058,0
742058,5
742063,1
742063,0
742079,9
742079,11
742079,10
742261,0
742261,2
742261,1
742261,30
742261,144
742283,0
742325,0
742325,1
742355,1
742355,0
742397,0
742411,4
742411,3
742411,0
742411,6
742443,1
742443,0
742481,1
742481,8
742496,8
742533,0
742541,0
742541,22
742674,0
742674,1
742707,3
742707,0
742707,2
742804,8
742828,1
742828,13
742831,0
742831,3
742831,4
742831,1
742848,0
742856,1
742858,1
742858,26
742871,1
742871,0
742939,1
742950,0
742950,1
742950,8
742951,7
742951,186
742951,5
742951,1
743071,0
743162,0
743162,4
743162,1
743162,3
743217,0
743217,3
743217,1
743253,1
743253,3
743253,0
743253,4
743284,0
743284,1
743436,1
743436,2
743436,18
743436,62
743436,15
743436,5
743493,0
743576,0
743576,1
743614,1
743656,1
743656,0
743668,0
743668,1
743668,4
743668,3
743668,8
743700,6
743700,2
743700,18
743700,62
743791,1
743791,13
743791,3
743791,4
743791,0
743791,8
743797,5
743797,1
743797,0
743843,4
743981,0
744015,1
744015,0
744061,1
744181,1
744181,5
744182,3
744182,1
744182,0
744183,1
744256,14
744256,0
744297,1
744336,5
744336,0
744336,1
744336,3
744336,4
744336,13
744357,1
744357,13
744435,4
744435,19
744435,9
744435,1
744435,8
744435,2
744479,22
744479,0
744543,1
744543,8
744550,0
744589,1
744589,0
744607,1
744608,4
744608,1
744608,0
744686,5
744707,1
744709,3
744709,1
744709,5
744709,0
744819,0
744895,1
744895,0
744983,0
744983,7
744983,186
745047,1
745047,0
745117,4
745117,13
745117,7
745117,186
745117,1
745144,0
745144,1
745144,5
745218,0
745218,22
745218,1
745282,2
745293,4
745293,1
745454,8
745454,0
745454,1
745457,5
745457,0
745483,1
745494,0
745584,1
745616,0
745616,5
745616,1
745636,5
745636,1
745636,0
745745,15
745745,1
745745,5
745745,0
745750,1
745750,5
745874,1
745974,1
745974,5
745974,0
746479,0
746564,4
746564,0
746564,2
746564,6
746609,0
746710,0
746748,4
746748,1
746748,0
746789,0
747015,0
747015,2
747015,1
747015,12
747015,4
747015,3
747136,26
747145,0
747336,0
747349,4
747349,0
747378,1
747378,0
747390,0
747486,2
747486,24
747486,12
747486,31
747486,30
747486,144
747486,1
747486,4
747486,0
747491,1
747569,13
747569,4
747569,3
747569,1
747569,0
747569,17
747569,9
747627,0
747671,26
747671,14
747676,8
747676,20
747780,1
747813,1
747813,8
747858,0
747858,1
747868,8
747868,0
747868,2
747868,14
747868,1
747998,5
747998,9
747998,1
747998,10
747998,47
748024,8
748146,0
748286,0
748286,1
748483,0
748527,0
748594,0
748594,1
748674,1
748674,0
748674,2
748694,0
748694,1
748694,5
748732,1
748752,0
748752,1
748752,4
748752,3
748796,0
748796,5
748796,1
748802,1
748813,0
748813,2
748813,1
748813,4
748813,13
748813,3
748913,0
749007,5
749007,1
749066,0
749067,0
749067,1
749154,1
749154,0
749156,0
749188,0
749206,0
749243,0
749271,1
749271,4
749271,3
749408,0
749408,1
749418,0
749418,6
749420,1
749420,0
749503,0
749535,1
749535,0
749621,1
749621,5
749621,0
749720,1
749720,5
749720,4
749720,0
749720,9
749737,1
749737,5
749737,0
749802,0
749822,0
749865,5
749865,0
749879,0
749879,1
749879,5
749978,0
749978,7
749978,186
749978,5
750306,8
750306,1
750330,12
750330,5
750330,1
750330,8
750364,1
750483,0
750483,2
750483,1
750483,4
750483,26
750483,3
750505,1
750505,6
750529,0
750621,0
750621,1
750621,3
750660,0
750782,0
750782,1
750782,5
750782,7
750782,186
750782,15
750782,3
750782,31
750808,31
750808,4
750808,25
750903,8
750903,1
750981,0
750981,1
750981,2
750981,18
750981,62
751022,8
751022,0
751037,1
751037,0
751045,0
751045,1
751045,7
751045,186
751158,4
751158,1
751158,0
751158,2
751158,18
751158,62
751158,5
751158,13
751158,9
751158,15
751158,29
751160,1
751270,1
751271,0
751312,0
751312,22
751312,5
751330,0
751409,0
751417,1
751417,3
751459,0
751498,0
751685,1
751685,0
751756,0
751894,8
751894,0
751922,0
751947,1
751969,35
752070,1
752070,5
752070,0
752175,8
752196,5
752196,1
752196,0
752354,0
752354,1
752354,4
752354,3
752404,1
752404,0
752435,1
752435,5
752435,7
752435,186
752435,0
752487,0
752487,1
752487,5
752506,0
752506,3
752510,1
752510,0
752700,0
752700,23
752702,25
752702,4
752702,0
752702,1
752702,14
752736,8
752736,1
752736,0
752746,1
752746,5
752746,7
752746,186
752816,5
752816,1
752818,1
752818,5
752818,3
752818,7
752818,186
752821,1
752932,0
752932,1
752983,0
753087,1
753087,5
753091,0
753091,7
753091,186
753091,5
753091,23
753118,0
753118,1
753118,5
753118,3
753231,0
753253,1
753253,4
753253,13
753268,0
753482,0
753482,7
753482,186
753545,3
753545,4
753545,2
753545,18
753545,62
753555,0
753555,1
753591,8
753591,22
753591,1
753591,0
753658,1
753717,1
753754,0
753754,1
753754,21
753754,11
753754,10
753764,1
753764,5
753764,15
753792,3
753802,1
753802,0
753802,5
753828,5
753828,0
753828,1
753828,4
753828,13
753838,0
753900,0
753900,1
753966,4
753966,3
753966,0
753972,0
753972,5
753972,1
754054,1
754086,1
754086,0
754121,1
754121,0
754172,0
754172,28
754172,1
754172,5
754172,4
754182,1
754182,3
754182,4
754182,2
754182,24
754301,4
754301,3
754301,2
754339,1
754339,0
754339,2
754372,0
754372,16
754372,1
754372,3
754372,5
754379,0
754379,16
754379,11
754379,14
754379,1
754444,1
754444,0
754467,5
754467,0
754528,0
754528,1
754528,3
754539,0
754539,5
754539,8
754561,49
754562,5
754562,1
754562,0
754562,2
754562,10
754562,9
754592,41
754687,0
754687,20
754687,24
754843,9
754843,17
755014,5
755014,1
755014,15
755014,0
755070,0
755070,2
755070,1
755070,4
755070,13
755114,1
755114,5
755137,1
755137,0
755292,0
755292,4
755292,1
755292,3
755343,8
755343,16
755343,0
755343,1
755475,1
755524,2
755524,0
755524,1
755524,5
755661,0
755705,4
755705,0
755726,0
755726,1
755726,2
755726,18
755726,62
755726,6
755755,0
755845,0
755865,1
755865,31
755865,5
755984,4
755993,0
755993,1
755993,16
756204,0
756406,22
756406,0
756421,0
756421,1
756495,0
756584,1
756584,13
756584,5
756754,1
756907,1
756907,0
756907,5
756907,7
756907,186
756907,12
756907,20
756907,4
756907,22
756928,10
756928,0
757025,0
757101,1
757116,1
757156,0
757156,31
757156,1
757438,1
757438,3
757438,5
757438,26
757438,13
757438,4
757438,0
757438,2
757439,4
757439,10
757439,9
757439,0
757584,0
757584,5
757584,1
757665,1
757665,6
757759,51
757759,0
757888,1
757888,3
757888,0
757902,1
757902,0
757902,5
757942,0
757942,5
757942,1
757979,0
757979,7
757979,186
757979,5
758009,12
758009,1
758009,5
758023,0
758445,0
758445,1
758525,0
758693,0
758693,1
758693,20
758703,1
758815,2
758815,4
758815,1
758815,3
758876,0
758876,1
759046,0
759142,0
759142,1
759261,1
759308,0
759308,1
759386,8
759386,1
759445,0
759511,1
759511,0
759527,0
759527,1
759570,1
759570,0
759691,0
759691,1
759701,0
759704,0
759755,5
760044,1
760044,0
760128,1
760162,0
760162,1
760188,6
760188,1
760196,4
760196,3
760196,1
760196,0
760196,6
760196,8
760288,0
760385,1
760385,0
760385,18
760385,62
760413,0
760413,3
760413,1
760492,0
760492,1
760492,20
760492,8
760592,1
760622,0
760622,23
760758,0
760765,5
760805,1
760805,5
760805,0
760805,7
760805,186
760965,1
760965,0
760969,24
760969,20
760969,6
761005,7
761005,186
761022,16
761022,1
761022,0
761030,0
761163,0
761163,1
761166,0
761186,1
761186,0
761325,1
761325,5
761325,0
761331,0
761331,7
761331,186
761331,4
761331,5
761392,1
761392,0
761401,1
761401,25
761401,5
761520,7
761520,186
761520,0
761520,1
761533,0
761533,1
761533,5
761535,0
761535,5
761535,1
761596,1
761861,1
761861,0
761861,6
761861,2
761861,18
761861,62
762153,1
762153,4
762153,0
762184,1
762243,7
762243,186
762243,0
762243,1
762250,8
762277,20
762333,1
762333,0
762339,0
762374,1
762374,5
762405,7
762405,186
762455,0
762455,1
762513,0
762513,2
762513,4
762513,1
762598,0
762598,1
762598,3
762695,8
762695,11
762695,9
762704,1
762704,2
762829,0
762829,5
762829,1
762829,7
762829,186
762905,1
762905,3
762905,0
762934,0
762934,9
762999,1
763083,0
763129,1
763129,0
763129,12
763165,1
763165,0
763165,22
763390,0
763406,1
763423,1
763423,5
763423,0
763515,1
763597,4
763597,17
763597,1
763597,0
763597,2
763655,5
763655,1
763854,26
763918,1
763918,2
763918,18
763918,62
763918,0
763918,9
763918,17
763918,20
763918,6
763923,26
763923,13
763923,1
763923,15
763953,7
763953,186
763953,1
763953,0
763953,2
763979,0
763994,1
764154,1
764154,5
764154,4
764154,0
764169,5
764169,1
764169,7
764169,186
764169,0
764285,1
764285,4
764285,5
764285,13
764294,1
764294,9
764294,17
764333,0
764587,5
764587,1
764587,7
764587,186
764591,1
764591,0
764596,0
764682,1
764682,5
764836,0
764836,7
764836,186
764909,0
764909,2
764909,4
764909,13
764909,1
764909,5
764909,3
764915,1
764915,3
764928,5
764928,1
764928,0
765054,0
765092,8
765092,0
765140,20
765140,1
765253,20
765266,1
765291,1
765392,1
765392,5
765392,0
765424,1
765424,0
765443,7
765443,186
765472,0
765472,8
765610,5
765640,5
765640,0
765640,1
765715,3
765715,30
765715,144
765715,1
765715,4
765724,1
765724,0
765732,0
765732,1
765732,5
765732,29
765757,22
765757,5
765813,8
765813,0
765813,2
765813,23
765813,18
765813,62
765813,14
765813,4
765813,3
765813,1
765813,20
765813,26
765853,1
765853,5
765920,18
765920,62
765920,0
765920,4
765920,9
765920,12
765920,1
766092,0
766112,1
766112,0
766177,0
766177,2
766199,1
766199,5
766199,2
766277,0
766277,1
766390,1
766390,0
766390,4
766427,0
766427,2
766738,12
766738,25
766738,1
766743,1
766800,0
766866,1
766866,8
766875,1
766875,4
766875,25
766887,0
766887,1
767039,4
767039,0
767039,18
767039,62
767101,26
767101,13
767101,4
767101,9
767101,7
767101,186
767101,5
767101,1
767376,32
767376,1
767376,5
767376,7
767376,186
767376,0
767393,14
767393,0
767393,16
767427,0
767427,30
767427,144
767427,35
767427,1
767441,5
767441,1
767441,0
767447,0
767447,16
767447,1
767494,0
767529,1
767568,1
767568,5
767568,3
767568,0
767588,0
767592,9
767592,3
767592,1
767592,0
767592,2
767689,1
767689,9
767689,10
767689,11
767707,1
767920,1
767930,1
767930,0
767992,0
768010,2
768010,1
768010,5
768010,7
768010,186
768025,1
768028,0
768028,5
768028,1
768028,30
768028,144
768028,25
768028,9
768094,0
768094,1
768160,2
768337,0
768365,0
768365,5
768365,1
768365,4
768365,14
768365,30
768365,144
768369,1
768478,1
768565,5
768565,1
768686,0
768686,1
768686,9
768686,5
768816,0
768816,1
768829,0
768861,1
768861,0
768905,0
768905,1
768920,1
768920,19
768920,4
768920,0
768972,1
768972,0
768980,1
769022,5
769022,1
769239,0
769239,1
769239,2
769596,5
769596,0
769651,1
769651,14
769651,25
769703,0
769718,0
769718,7
769718,186
769936,1
769936,3
769981,0
769981,1
770129,0
770129,1
770358,1
770358,0
770368,7
770368,186
770368,0
770368,22
770428,5
770428,1
770461,0
770506,5
770506,7
770506,186
770506,0
770564,1
770564,38
770702,0
770797,9
770861,0
770861,1
770922,0
770922,1
771188,7
771188,186
771188,0
771248,4
771418,14
771418,1
771418,39
771418,8
771465,0
771465,1
771545,4
771545,1
771545,3
771587,1
771587,3
771588,9
771588,10
771588,11
771588,5
771588,0
771611,1
771611,0
771641,1
771641,0
771759,1
771759,5
771759,0
771795,1
771853,15
771853,1
771896,22
771896,1
771896,0
772021,1
772021,0
772079,1
772079,0
772079,5
772099,0
772099,2
772099,1
772099,5
772099,3
772232,0
772232,1
772232,9
772238,0
772357,0
772357,1
772616,1
772616,5
772616,21
772616,0
772735,7
772735,186
772735,0
772735,1
772761,1
772761,3
772761,4
772761,30
772761,144
772761,8
772789,1
772789,5
772789,0
772789,2
772789,9
772898,1
772898,5
772898,0
773004,0
773004,1
773075,8
773113,1
773113,7
773113,186
773113,0
773150,1
773150,0
773150,5
773150,3
773150,4
773150,13
773163,0
773163,5
773249,1
773249,5
773249,14
773249,0
773255,0
773328,5
773328,1
773328,0
773368,32
773646,1
773646,0
773719,1
773719,29
773739,5
773739,1
773788,0
773788,1
773829,0
773829,1
773969,1
773969,0
773988,8
773988,0
773993,0
773993,1
773998,2
773998,3
773998,0
773998,18
773998,62
773998,1
773998,4
773998,13
774046,1
774046,0
774077,8
774077,5
774112,1
774222,1
774222,5
774222,15
774222,0
774222,9
774290,7
774290,186
774290,5
774317,1
774317,0
774317,3
774335,4
774335,1
774335,26
774335,13
774335,27
774335,9
774335,24
774336,0
774351,4
774351,2
774376,1
774376,0
774376,2
774448,1
774448,0
774448,2
774448,18
774448,62
774525,1
774525,3
774525,8
774525,0
774525,5
774635,0
774635,22
774635,5
774635,1
774751,0
774785,0
774809,0
774809,1
774827,0
774896,1
774896,0
774905,1
774905,0
774905,5
774966,1
774966,3
774966,6
774966,31
774981,0
774981,1
774981,3
774981,4
775050,0
775050,2
775056,1
775056,5
775056,0
775059,0
775059,4
775059,13
775150,0
775245,1
775302,0
775302,1
775306,1
775330,7
775330,186
775330,0
775370,1
775370,0
775511,1
775511,5
775511,0
775527,0
775591,5
775596,0
775633,4
775660,1
775730,18
775730,62
775864,0
775875,0
775875,1
775976,0
775976,1
776308,7
776308,186
776308,5
776308,0
776322,7
776322,186
776473,0
776473,16
776473,14
776478,20
776478,12
776478,1
776478,0
776485,1
776485,5
776503,1
776503,5
776503,0
776566,0
776566,16
776603,0
776603,7
776603,186
776603,5
776731,1
776733,0
776733,1
776733,4
776733,3
776792,3
776792,1
776792,6
776792,31
776937,0
776937,1
776937,14
776937,4
776957,7
776957,186
776989,4
777100,1
777184,1
777184,4
777184,6
777184,2
777442,12
777554,8
777634,3
777634,1
777634,0
777634,2
777773,1
777773,0
777811,1
777811,5
777811,2
777948,1
777948,4
777948,3
777948,0
777948,27
777948,17
777948,2
777967,0
777983,1
777983,0
777983,3
778083,1
778083,8
778106,3
778106,1
778148,1
778148,5
778467,0
778467,5
778467,1
778497,1
778546,1
778556,0
778556,24
778556,4
778556,1
778574,8
778574,0
778673,1
778673,0
778689,4
778725,0
778804,0
778804,8
778839,0
778839,1
778847,11
778847,1
778847,0
778847,2
778847,8
778961,1
779033,0
779033,2
779035,0
779052,1
779052,0
779241,0
779287,8
779287,0
779342,14
779407,25
779407,10
779407,9
779434,1
779540,10
779540,0
779540,7
779540,186
779557,1
779557,0
779557,5
779601,0
779601,1
779601,3
779617,1
779617,0
779617,12
779781,0
779781,2
779781,1
779781,6
779785,4
779785,3
779785,1
779798,0
779798,1
779913,1
779913,0
779969,1
779969,6
780046,0
780046,16
780046,1
780060,1
780060,0
780324,23
780324,0
780324,22
780327,0
780453,22
780453,0
780547,0
780617,1
780638,1
780707,0
780707,18
780707,62
780707,8
780765,0
780777,1
780777,0
780980,9
780984,1
780984,3
780984,26
781019,1
781019,0
781213,0
781442,1
781442,0
781451,0
781458,1
781458,5
781458,2
781458,0
781574,0
781689,0
781729,0
781763,4
781763,14
781763,13
781763,6
781763,26
781763,9
781763,8
781855,4
781855,3
781855,1
781855,32
781855,0
781872,1
781872,0
781956,30
781956,144
781956,17
781956,4
781963,0
782034,1
782034,5
782034,13
782034,0
782038,7
782038,186
782118,0
782118,10
782118,11
782132,5
782132,1
782165,0
782178,1
782178,4
782178,14
782181,0
782255,1
782255,14
782256,0
782256,1
782318,4
782318,0
782318,1
782318,2
782318,18
782318,62
782318,8
782336,1
782336,5
782336,0
782422,5
782422,15
782422,0
782422,1
782474,1
782474,4
782474,3
782474,0
782479,1
782479,4
782479,3
782479,0
782479,2
782604,1
782646,0
782706,0
782706,5
782706,1
782751,0
782751,1
782751,12
782751,20
782770,1
782770,0
782770,2
782770,18
782770,62
782929,1
782929,5
782929,0
782980,7
782980,186
782980,0
783006,0
783006,9
783124,1
783124,0
783124,2
783144,0
783155,0
783155,1
783203,0
783207,3
783207,1
783209,1
783209,5
783209,0
783259,0
783259,1
783259,5
783259,27
783368,26
783368,1
783368,5
783368,3
783450,1
783450,0
783466,1
783466,0
783516,5
783516,1
783516,0
783544,26
783544,1
783544,0
783544,2
783575,2
783575,4
783575,19
783575,20
783575,27
783588,1
783644,1
783665,8
783665,0
783665,1
783665,4
783665,3
783665,2
783841,0
783841,4
783841,1
783841,3
783928,0
783928,1
783928,8
784104,0
784116,1
784116,2
784147,8
784164,5
784164,1
784224,1
784224,0
784239,1
784353,5
784353,1
784445,0
784445,20
784486,0
784486,16
784486,22
784486,20
784486,12
784507,1
784507,5
784507,0
784569,1
784599,0
784599,1
784599,5
784599,26
784668,0
784668,1
784827,0
784827,1
784827,5
784840,1
784840,4
784840,13
784840,3
784840,0
784930,0
784983,0
784983,1
784983,4
784991,0
785050,16
785050,0
785330,12
785411,1
785411,0
785414,4
785414,3
785414,1
785414,0
785414,2
785414,6
785637,0
785637,2
785637,1
785827,0
785995,1
785995,0
786013,0
786013,10
786013,9
786216,1
786321,1
786321,0
786487,1
786487,5
786487,0
786551,1
786551,4
786551,3
786551,18
786551,62
786564,22
786564,1
786564,5
786564,4
786564,31
786564,0
786564,2
786597,0
786597,1
786597,9
786629,1
786741,1
786741,5
786895,0
786965,1
786965,5
786965,15
787093,22
787127,0
787127,2
787190,0
787190,1
787293,1
787293,0
787901,0
787901,1
787901,3
787952,0
787952,16
788135,1
788135,0
788217,0
788217,8
788234,1
788234,0
788291,0
788291,1
788387,0
788387,1
788390,1
788390,5
788390,0
788425,0
788425,7
788425,186
788425,6
788425,1
788536,0
788547,0
788560,1
788560,0
788687,1
788687,5
788687,9
788789,1
788938,3
788938,1
788938,0
788968,4
788968,0
788968,2
789100,1
789100,4
789100,0
789149,7
789149,186
789149,1
789149,0
789211,4
789211,9
789211,13
789211,7
789211,186
789211,1
789296,7
789296,186
789296,1
789296,5
789296,0
789377,0
789377,1
789407,4
789407,19
789407,0
789407,8
789407,18
789407,62
789407,17
789407,9
789407,25
789447,5
789447,1
789526,1
789526,0
789526,7
789526,186
789526,5
789526,21
789526,31
789545,1
789545,5
789545,0
789557,0
789557,25
789575,0
789575,5
789575,1
789575,26
789575,9
789575,3
789575,10
789575,15
789575,4
789575,6
789575,7
789575,186
789751,1
789763,1
789763,0
789763,18
789763,62
789801,5
789801,0
789838,13
789838,0
789838,18
789838,62
789964,8
789964,1
789964,0
789964,24
790045,0
790045,5
790045,1
790115,1
790115,3
790115,0
790115,2
790115,18
790115,62
790125,26
790141,1
790141,8
790141,3
790218,0
790232,0
790264,0
790264,1
790341,1
790341,0
790381,7
790381,186
790381,5
790479,5
790479,7
790479,186
790479,0
790479,2
790479,22
790479,13
790479,4
790479,1
790623,1
790623,0
790625,0
790625,7
790625,186
790800,0
790800,1
790800,22
790944,1
790944,0
790950,1
790950,8
790999,1
791037,35
791195,7
791195,186
791195,1
791195,5
791197,0
791204,13
791204,1
791204,5
791204,4
791204,0
791235,0
791241,7
791241,186
791269,7
791269,186
791269,5
791269,0
791270,1
791328,1
791328,0
791371,12
791371,1
791371,9
791377,1
791439,0
791439,1
791493,8
791493,0
791493,1
791511,1
791514,1
791514,5
791514,0
791514,4
791626,1
791626,5
791626,0
791939,1
791939,4
791939,3
791939,0
792043,0
792124,0
792124,33
792124,4
792124,1
792164,0
792164,1
792164,5
792202,0
792241,0
792241,1
792241,5
792290,1
792437,0
792508,1
792708,0
792708,1
792722,7
792722,186
792722,5
792722,1
792725,1
792725,0
792737,1
792737,3
792754,14
792848,1
792848,5
792848,13
792848,0
792999,30
792999,144
792999,3
792999,1
792999,28
793164,1
793164,9
793219,0
793364,0
793364,25
793364,1
793393,7
793393,186
793393,5
793393,1
793393,3
793393,4
793393,0
793455,1
793593,0
793625,7
793625,186
793625,5
793625,0
793854,5
793854,0
793854,1
793854,3
793854,4
793854,13
793877,0
793877,1
793880,1
793880,5
793880,29
793956,1
793956,12
794071,4
794071,1
794090,5
794150,1
794150,5
794150,0
794226,3
794226,12
794255,0
794255,1
794255,5
794377,0
794532,0
794532,1
794539,0
794539,2
794539,3
794539,4
794539,1
794539,12
794655,0
794718,2
794862,0
794945,1
794945,5
794945,0
795025,1
795044,5
795044,31
795044,1
795113,22
795113,1
795113,0
795117,0
795117,1
795186,0
795211,1
795350,0
795350,7
795350,186
795350,1
795353,1
795472,1
795542,0
795570,0
795570,1
795659,14
795659,0
795674,1
795674,5
795674,0
795835,0
795878,1
795931,1
795931,0
795986,0
795994,2
795994,1
795994,5
795994,7
795994,186
796091,1
796091,8
796114,1
796114,5
796114,0
796199,0
796199,16
796274,1
796274,0
796281,8
796281,0
796281,1
796403,0
796403,1
796403,5
796403,22
796403,9
796458,7
796458,186
796538,0
796605,0
796704,0
796704,1
796704,19
796731,0
796899,0
796899,1
796899,3
796918,0
796987,7
796987,186
796987,5
797037,0
797037,16
797037,1
797037,3
797037,5
797037,4
797096,18
797096,62
797096,1
797162,16
797162,0
797162,1
797162,20
797193,0
797193,4
797193,1
797193,6
797196,0
797196,1
797196,5
797206,5
797206,1
797206,0
797247,1
797247,0
797334,1
797334,5
797334,7
797334,186
797334,0
797371,0
797378,5
797378,0
797378,1
797440,8
797556,5
797556,22
797620,0
797620,5
797620,1
797687,0
797687,1
797693,7
797693,186
797739,1
797739,2
797777,1
797796,1
797796,18
797796,62
797796,17
797929,0
797929,3
798099,1
798099,7
798099,186
798099,5
798099,15
798099,0
798158,1
798281,0
798281,1
798317,1
798317,0
798321,1
798321,8
798434,0
798495,0
798495,1
798495,3
798605,0
798605,20
798605,1
798605,5
798682,0
798682,1
798682,18
798682,62
798699,1
798699,5
798808,0
798808,1
798863,1
798863,0
798867,0
798901,1
798901,5
798901,13
798901,0
798918,1
798918,0
798932,4
798932,25
798932,0
798932,1
798932,5
798947,1
799013,0
799153,0
799167,0
799167,1
799167,5
799228,3
799428,1
799428,8
799503,5
799503,9
799574,0
799599,0
799662,0
799662,1
799689,0
799689,1
799689,5
799689,9
799723,0
799803,0
799927,1
799927,5
799927,0
799927,2
799958,0
799958,1
799966,5
799966,1
799966,7
799966,186
800064,1
800064,5
800064,4
800064,0
800172,1
800172,4
800172,6
800172,2
800172,18
800172,62
800250,5
800250,1
800250,0
800386,7
800386,186
800386,5
800386,1
800483,1
800483,0
800483,7
800483,186
800483,5
800483,15
800494,0
800494,1
800512,2
800648,1
800648,0
800648,9
800659,0
800659,1
800659,5
800659,26
800858,1
800861,1
800861,3
800861,0
800945,0
800950,0
800950,1
800986,5
800986,1
800986,0
801020,0
801055,0
801055,1
801182,0
801182,1
801220,0
801220,1
801222,0
801243,0
801243,1
801277,3
801333,7
801333,186
801343,1
801343,13
801343,15
801436,4
801436,18
801436,62
801491,1
801491,0
801572,0
801572,16
801572,20
801572,1
801623,0
801623,1
801749,8
801749,1
801749,5
801749,0
801826,1
801826,5
801826,26
801886,0
801976,8
801976,1
801976,25
802126,1
802126,0
802188,5
802188,1
802194,1
802194,0
802197,0
802197,1
802275,0
802275,1
802275,5
802421,13
802421,1
802421,5
802461,0
802861,1
803098,1
803098,5
803100,0
803100,1
803157,3
803157,8
803157,1
803200,0
803200,5
803200,1
803200,7
803200,186
803205,5
803274,0
803289,0
803289,1
803309,1
803309,5
803317,1
803317,0
803317,2
803317,5
803317,3
803381,1
803381,4
803381,3
803407,5
803407,1
803604,0
803604,16
803677,3
803677,1
803677,4
803677,2
803677,18
803677,62
803715,0
803715,1
803715,20
803740,1
803740,0
803740,25
803740,31
803740,5
803740,15
803740,7
803740,186
803744,1
803783,0
803783,1
803783,14
803783,4
803911,0
803965,0
803975,1
803975,0
804045,0
804112,1
804112,0
804379,4
804379,0
804379,16
804457,2
804457,4
804457,3
804559,1
804559,5
804628,0
804698,0
804698,2
804698,1
804758,1
804758,0
804780,0
804780,1
804780,5
804780,19
804780,4
804780,20
804853,1
804853,7
804853,186
804982,1
805186,16
805186,0
805186,1
805186,9
805203,0
805203,1
805203,3
805203,16
805384,10
805411,0
805411,1
805411,5
805430,0
805430,1
805447,1
805447,0
805487,2
805487,28
805487,4
805487,3
805487,7
805487,186
805487,5
805583,0
805612,1
805612,4
805720,0
805720,1
805720,5
805761,0
805761,21
805778,1
805778,8
805778,4
805778,5
805778,7
805778,186
805778,15
805904,8
805904,2
806010,0
806018,5
806018,1
806042,0
806078,0
806078,5
806078,7
806078,186
806078,1
806172,0
806172,1
806172,4
806172,3
806172,27
806182,5
806182,1
806182,0
806182,4
806194,1
806210,0
806210,1
806279,1
806279,4
806279,5
806279,0
806279,2
806421,1
806421,4
806421,0
806421,12
806502,0
806562,26
806579,22
806579,0
806579,16
807049,0
807049,5
807049,1
807049,7
807049,186
807049,2
807053,7
807053,186
807111,3
807111,0
807126,1
807126,5
807141,1
807141,0
807230,1
807230,0
807269,1
807269,0
807269,2
807269,18
807269,62
807363,0
807406,0
807406,1
807406,5
807560,26
807652,0
807723,42
807723,14
807723,0
807725,0
807725,22
807731,1
807731,3
807731,0
807750,1
807750,5
807750,13
807750,0
807779,10
807779,11
807779,9
807859,0
807970,0
807970,1
807970,9
807970,12
808052,0
808052,1
808052,5
808098,0
808098,1
808134,1
808134,0
808134,5
808175,0
808175,8
808350,8
808391,3
808391,12
808391,1
808391,30
808391,144
808439,1
808439,7
808439,186
808439,0
808439,5
808509,1
808534,0
808554,1
808554,3
808554,2
808554,0
808557,0
808557,1
808557,4
808578,0
808578,1
808650,0
808654,8
808695,8
808695,1
808864,7
808864,186
808886,0
808886,1
808886,3
808886,2
808903,1
808903,0
808903,6
808979,1
808979,0
809046,8
809079,27
809228,8
809238,1
809238,26
809238,22
809238,0
809281,0
809301,14
809435,0
809477,1
809477,41
809477,0
809605,0
809708,0
809708,6
809708,4
809708,2
809708,18
809708,62
809855,0
809855,16
809921,0
809921,7
809921,186
810085,0
810085,1
810100,1
810100,5
810227,1
810227,0
810267,0
810267,1
810270,1
810361,1
810361,0
810361,4
810528,1
810561,0
810561,1
810589,1
810706,1
810706,0
810706,5
810706,7
810706,186
810915,1
810915,3
810915,4
810915,5
810915,0
811075,0
811075,1
811135,12
811135,1
811135,3
811192,1
811213,1
811213,0
811213,2
811243,0
811243,13
811245,0
811245,14
811245,1
811298,0
811298,1
811318,1
811318,5
811318,3
811392,1
811392,0
811413,26
811453,0
811453,1
811453,13
811712,1
811712,4
811720,8
811720,0
811720,1
811720,5
811788,0
811901,0
811904,1
811904,4
811904,3
811904,39
811904,0
811959,0
812071,1
812071,4
812075,25
812075,4
812075,26
812075,1
812075,5
812075,15
812075,7
812075,186
812075,0
812098,5
812098,1
812120,0
812203,5
812203,1
812376,1
812376,0
812391,0
812391,1
812391,9
812391,6
812398,0
812603,1
812603,0
812670,0
812670,1
812703,4
812707,0
812707,1
812776,1
812806,1
812849,8
812901,0
812901,1
812950,1
812950,5
812950,3
812950,4
812950,26
813036,4
813036,2
813036,1
813040,0
813193,0
813193,5
813193,1
813193,8
813339,0
813339,1
813356,1
813356,0
813356,2
813356,18
813356,62
813366,1
813366,2
813366,18
813366,62
813604,0
813604,5
813604,1
813720,8
813822,4
813822,0
813948,1
814226,14
814226,0
814283,1
814283,0
814338,1
814338,0
814419,0
814419,1
814419,9
814419,18
814419,62
814419,28
814426,4
814426,1
814426,0
814426,18
814426,62
814562,0
814562,1
814562,22
814950,1
814996,26
814996,1
815074,9
815074,17
815080,13
815080,1
815080,17
815126,22
815132,1
815132,0
815132,16
815132,26
815171,4
815171,43
815171,22
815171,1
815171,5
815171,0
815174,2
815174,4
815176,0
815220,1
815220,0
815227,1
815231,0
815258,1
815258,5
815258,4
815303,0
815303,1
815313,0
815313,1
815313,5
815313,22
815313,9
815337,0
815337,1
815337,12
815401,3
815401,2
815401,1
815401,4
815441,0
815441,5
815441,1
815528,22
815764,4
815764,14
815764,1
815764,0
815924,0
815924,1
816084,0
816084,5
816084,4
816084,1
816087,26
816087,14
816087,1
816087,12
816124,0
816124,1
816124,8
816124,4
816255,0
816255,1
816255,20
816278,1
816278,0
816304,7
816304,186
816404,0
816404,1
816525,0
816525,4
816614,0
816769,0
816917,0
816956,0
816956,1
816956,5
817115,1
817115,0
817118,1
817118,5
817118,0
817118,8
817124,0
817124,1
817124,5
817175,0
817175,1
817357,0
817486,0
817633,0
817687,0
817687,1
817792,1
817792,5
817792,3
817792,0
817792,18
817792,62
817823,16
817928,1
817928,5
817928,0
818045,0
818045,1
818045,4
818068,1
818102,1
818102,6
818102,31
818149,0
818153,1
818153,0
818226,0
818226,1
818226,2
818349,0
818453,5
818453,1
818453,0
818460,8
818505,1
818532,0
818540,1
818540,0
818606,1
818606,0
818731,1
818731,0
818731,22
818777,7
818777,186
818777,5
818938,0
818977,1
818977,5
819048,0
819048,1
819048,9
819058,0
819134,1
819134,5
819134,4
819134,0
819239,4
819239,13
819239,1
819239,5
819239,0
819251,0
819251,1
819251,5
819441,1
819508,0
819508,1
819513,23
819513,0
819581,1
819581,0
819678,0
819678,1
819678,22
819717,0
819717,1
819764,0
819764,7
819764,186
819799,0
819799,1
819799,3
819799,4
819799,2
819970,7
819970,186
819970,0
819970,1
819974,1
819974,0
820086,2
820157,0
820194,0
820194,5
820194,1
820232,1
820232,5
820232,0
820322,0
820365,0
820365,2
820365,1
820365,3
820365,18
820365,62
820370,5
820370,1
820370,0
820395,1
820395,5
820395,0
820413,1
820413,4
820451,0
820451,1
820696,0
820696,1
820868,0
820868,1
820913,0
821081,0
821192,1
821192,5
821192,2
821192,18
821192,62
821252,0
821252,1
821252,5
821459,1
821459,5
821459,3
821549,1
821549,15
821549,26
821549,5
821608,1
821608,3
821608,0
821608,2
821608,18
821608,62
821631,1
821874,5
821874,1
821874,0
821874,4
821874,13
821912,1
821912,5
821912,0
821937,5
821937,1
821937,0
822097,2
822097,8
822139,0
822206,0
822206,9
822206,7
822206,186
822268,1
822268,4
822268,2
822268,3
822268,24
822268,0
822293,5
822293,1
822293,12
822293,0
822293,2
822345,1
822345,0
822407,1
822486,5
822486,1
822486,0
822486,23
822673,0
822718,1
822718,0
822718,18
822718,62
822802,26
822852,8
822856,1
822856,5
822856,3
822871,3
822964,1
822964,0
823093,1
823093,14
823093,12
823101,1
823101,0
823130,7
823130,186
823130,1
823130,4
823130,31
823130,0
823130,5
823130,3
823130,14
823130,52
823268,0
823268,1
823279,0
823279,1
823279,5
823297,0
823297,1
823297,29
823305,1
823305,0
823431,5
823431,1
823431,26
823431,4
823431,9
823505,1
823505,5
823525,5
823555,1
823555,5
823555,15
823555,29
823598,0
823598,23
823598,1
823598,31
823598,4
823598,9
823705,0
823705,2
823705,18
823705,62
823705,1
823705,5
823772,0
823772,6
823835,15
823835,1
823983,1
823983,4
823983,0
823992,0
823992,1
823992,8
824083,0
824083,1
824086,2
824086,1
824086,5
824086,0
824094,4
824094,1
824112,25
824112,0
824132,7
824132,186
824132,1
824132,5
824308,1
824308,13
824363,0
824363,1
824390,0
824390,2
824390,1
824434,0
824434,1
824434,29
824434,5
824449,1
824465,1
824465,24
824465,9
824465,0
824465,26
824465,13
824465,4
824639,1
824662,17
824662,1
824662,6
824662,12
824697,1
824697,5
824697,3
824697,2
824702,30
824702,144
824702,12
825103,0
825103,7
825103,186
825193,1
825193,0
825281,1
825281,5
825281,0
825281,15
825281,7
825281,186
825303,5
825303,1
825303,3
825303,0
825303,2
825465,1
825465,5
825465,0
825465,2
825504,0
825504,5
825504,1
825554,1
825555,0
825555,1
825699,0
825713,4
825713,27
825865,0
825943,5
825943,4
825943,3
825943,1
825943,14
826270,0
826402,1
826613,0
826613,1
826613,5
826644,0
826644,18
826644,62
826710,5
826802,1
826802,0
826802,9
826802,10
826811,0
826811,1
826831,1
826831,5
826831,13
826831,4
826831,0
826950,0
826964,1
826964,5
826964,0
826993,8
826993,0
826993,1
827101,1
827101,5
827101,4
827136,1
827301,0
827301,5
827301,1
827329,0
827329,5
827329,1
827329,14
827362,14
827362,26
827362,13
827480,1
827480,13
827480,15
827590,7
827590,186
827590,0
827687,0
827723,4
827723,1
827801,0
827801,1
827821,0
827821,7
827821,186
827821,5
827821,1
827964,0
827969,0
828062,4
828062,3
828062,1
828062,0
828062,2
828265,1
828265,12
828274,1
828274,0
828274,35
828436,5
828436,1
828473,0
828473,1
828473,5
828473,4
828473,3
828473,26
828637,9
828637,4
828637,17
828678,0
828793,0
828838,1
828859,1
828859,3
828859,4
828863,4
828863,13
828863,1
828925,5
829064,0
829064,21
829064,1
829121,1
829121,0
829142,0
829142,1
829287,1
829394,0
829394,1
829475,7
829475,186
829475,1
829475,5
829475,16
829475,10
829475,0
829581,0
829617,4
829617,1
829617,0
829724,0
829772,3
829818,20
829818,8
829894,0
829894,5
829928,1
830011,1
830011,0
830011,7
830011,186
830067,0
830067,1
830067,5
830154,1
830154,4
830154,9
830154,12
830154,0
830154,2
830192,1
830192,0
830255,8
830255,5
830255,1
830255,0
830255,2
830447,0
830447,4
830447,9
830447,1
830562,1
830562,5
830586,0
830586,2
830586,1
830626,0
830761,1
830775,26
830830,9
830830,10
830830,11
830861,0
830861,1
830914,0
830996,0
830996,1
830996,5
831005,0
831426,0
831426,33
831426,9
831428,1
831428,18
831428,62
831428,9
831432,6
831432,1
831432,0
831457,0
831457,1
831457,5
831457,8
831491,1
831621,1
831621,5
831621,0
831655,0
831694,0
831801,1
831801,3
831801,0
831801,2
831801,18
831801,62
831918,1
831918,4
831918,3
831918,13
831918,0
831997,0
831997,16
831997,2
831997,18
831997,62
831997,1
831997,5
832008,1
832008,25
832008,0
832273,0
832277,4
832370,0
832370,1
832370,4
832374,0
832374,7
832374,186
832537,0
832537,7
832537,186
832545,1
832572,0
832572,2
832572,1
832572,4
832572,13
832572,3
832590,1
832590,5
832749,22
832833,0
832908,1
832908,5
832908,0
832925,0
832934,1
833037,1
833037,4
833037,3
833142,1
833148,6
833148,0
833148,1
833149,0
833149,1
833294,0
833294,1
833294,3
833294,4
833314,0
833314,1
833483,5
833483,1
833483,0
833483,8
833522,1
833522,4
833522,14
833522,12
833536,1
833536,4
833541,0
833541,1
833541,5
833546,4
833546,2
833546,0
833546,26
833561,5
833561,0
833573,4
833573,1
833573,0
833662,0
833662,1
833662,5
833662,9
833662,4
833662,3
833679,0
833731,0
833731,1
833731,5
833778,0
833787,1
833787,5
833787,0
833796,1
833796,0
833839,1
833839,0
833868,8
833868,0
833868,1
833868,5
833868,4
833868,25
833868,9
833868,35
833868,34
833868,19
833868,37
833904,4
833904,1
833904,0
833961,1
833961,0
833972,7
833972,186
833972,0
834015,1
834015,0
834037,4
834037,1
834037,30
834037,144
834037,0
834069,0
834170,0
834170,5
834170,1
834221,0
834365,1
834365,4
834365,0
834560,1
834584,1
834584,0
834584,14
834623,1
834623,5
834623,0
834628,1
834629,0
834746,0
834746,1
834757,1
834778,0
834778,1
834828,0
834832,8
834832,1
834832,0
834868,0
834868,4
834868,1
834868,8
834869,0
835185,0
835195,5
835195,1
835195,7
835195,186
835195,0
835238,0
835336,1
835407,4
835492,1
835492,4
835492,8
835492,0
835492,2
835499,5
835601,0
835601,1
835601,20
835601,18
835601,62
835618,0
835644,10
835644,1
835644,22
835647,1
835647,0
835687,0
835687,6
835687,1
835687,3
835753,1
835753,0
835753,22
835843,1
835843,6
835932,9
835932,0
835932,1
835932,6
835932,3
835960,5
835960,0
835960,1
836063,1
836357,0
836357,1
836386,1
836386,5
836386,0
836480,1
836480,0
836480,3
836480,8
836574,0
836574,1
836616,0
836616,5
836616,1
836703,7
836703,186
836703,5
836703,1
836758,1
836758,5
836798,1
836798,4
836798,0
836798,7
836798,186
836798,5
836798,21
836803,0
836931,0
836932,1
836932,5
836989,17
836989,18
836989,62
836998,1
836998,5
837001,7
837001,186
837001,5
837001,1
837001,0
837011,0
837039,0
837105,0
837105,23
837179,0
837179,22
837179,1
837328,7
837328,186
837328,1
837328,0
837381,2
837417,0
837417,7
837417,186
837429,1
837429,5
837951,3
837951,1
838043,1
838043,5
838043,0
838070,1
838070,3
838081,1
838081,5
838081,0
838204,0
838204,1
838204,5
838248,0
838303,5
838303,8
838350,1
838617,0
838632,0
838716,1
838716,0
838716,2
838738,0
838738,1
838870,1
838896,1
838896,4
838896,2
839007,2
839007,0
839007,1
839007,4
839007,3
839009,8
839009,1
839009,4
839087,26
839104,0
839104,4
839104,1
839138,1
839138,7
839138,186
839154,0
839262,0
839284,1
839284,26
839367,18
839367,62
839367,14
839367,9
839367,1
839371,1
839371,5
839513,0
839513,22
839513,1
839717,0
839741,0
839748,22
839867,0
839899,1
839899,6
839899,0
839899,24
839899,27
839925,1
839986,15
839986,1
839986,5
840007,1
840024,0
840130,1
840130,0
840210,8
840213,1
840213,0
840514,0
840514,2
840540,0
840540,7
840540,186
840540,1
840540,5
840605,8
840608,1
840608,3
840609,1
840609,0
840609,14
840646,1
840646,3
840752,0
840774,0
840774,1
840774,3
840883,1
840883,0
841079,1
841087,1
841088,0
841140,1
841140,4
841140,0
841151,1
841151,9
841200,7
841200,186
841200,1
841200,0
841280,5
841280,1
841280,0
841280,4
841359,5
841359,1
841359,0
841736,1
841825,8
841825,5
841825,4
841825,9
841825,13
841825,7
841825,186
841853,5
841853,0
841853,1
841853,7
841853,186
841983,0
842112,1
842112,3
842250,1
842250,0
842308,2
842308,4
842308,3
842308,1
842320,0
842320,1
842340,22
842480,0
842504,0
842504,20
842603,0
842603,1
842603,5
842758,4
842810,5
842810,1
842870,0
842870,1
842870,5
842927,1
843093,5
843093,1
843093,16
843093,14
843260,0
843356,2
843356,4
843356,13
843356,1
843431,9
843431,17
843431,4
843561,0
843561,1
843561,5
843596,0
843596,1
843618,0
843618,1
843629,1
843637,1
843637,14
843637,0
843658,0
843658,1
843658,5
843771,0
843771,1
843771,5
843812,3
843812,0
843912,4
843912,1
843912,3
843912,0
843915,0
843915,1
843946,0
843946,5
843946,8
843978,1
844083,5
844083,1
844083,0
844088,0
844092,0
844092,1
844092,9
844096,0
844096,1
844141,0
844207,8
844248,1
844248,4
844248,13
844264,1
844264,5
844264,0
844346,0
844346,2
844346,1
844346,5
844346,3
844346,4
844432,1
844432,4
844432,33
844459,0
844480,1
844480,0
844507,0
844507,7
844507,186
844770,7
844770,186
844770,0
844770,4
844770,1
844898,0
844941,32
844944,0
845091,4
845101,1
845101,0
845106,5
845106,1
845106,29
845106,0
845116,1
845116,0
845143,1
845242,0
845242,22
845408,1
845408,0
845635,1
845635,9
845635,0
845635,5
845697,1
845697,5
845697,13
845697,0
845792,0
845792,1
845825,1
845849,0
845874,0
846032,1
846039,1
846039,0
846039,2
846083,1
846083,5
846083,7
846083,186
846126,1
846129,0
846156,0
846156,1
846156,5
846190,5
846190,0
846190,1
846190,3
846190,4
846190,13
846245,0
846245,1
846299,0
846340,2
846340,0
846572,0
846572,2
846572,18
846572,62
846572,3
846572,4
846572,7
846572,186
846582,1
846582,0
846618,0
846637,32
846808,0
846813,2
846813,18
846813,62
846813,3
846813,1
846813,4
846815,0
846815,1
846825,0
846825,1
846825,2
846887,4
846887,1
846887,6
846932,0
847062,0
847087,1
847087,0
847087,9
847087,10
847087,25
847087,22
847087,18
847087,62
847185,4
847185,1
847185,0
847196,0
847226,13
847226,1
847337,5
847337,1
847337,7
847337,186
847486,0
847571,0
847577,0
847577,1
847577,5
847585,26
847585,0
847619,0
847705,0
847866,0
847866,1
847893,1
847893,5
847893,3
847893,13
847893,12
847963,0
847963,5
847963,1
848089,1
848089,0
848089,8
848089,5
848126,1
848534,5
848534,1
848534,0
848590,1
848667,1
848683,0
848683,1
848903,6
848919,0
848919,3
848971,0
849001,0
849019,7
849019,186
849019,1
849019,5
849019,15
849594,1
849594,0
849594,7
849594,186
849594,5
849653,0
849653,1
849686,0
849686,1
849686,4
849686,3
849715,0
849733,1
849733,0
849733,22
849769,0
849769,1
849769,5
849782,1
849782,5
849782,7
849782,186
849782,0
849790,0
849819,1
849819,5
849819,0
849825,1
849965,1
849965,5
849965,0
849992,0
849992,1
849992,5
850145,0
850145,2
850145,12
850145,1
850220,1
850220,0
850222,0
850222,1
850507,0
850561,1
850561,0
850583,0
850583,1
850608,0
850608,5
850608,1
850641,5
850641,1
850641,0
850679,0
850679,1
850679,5
850681,0
850812,3
850812,1
850812,2
850853,0
850854,0
850947,1
850952,1
850952,0
850989,0
850989,4
850989,6
851038,5
851038,1
851134,0
851165,1
851180,1
851275,0
851275,1
851275,5
851275,15
851298,17
851298,1
851298,8
851298,4
851327,1
851327,0
851327,31
851360,0
851360,1
851364,0
851397,16
851397,5
851397,1
851491,0
851609,0
851609,1
851609,6
851641,0
851641,7
851641,186
851641,1
851684,7
851684,186
851684,0
851684,46
851738,0
851741,9
851741,0
851821,0
851821,1
851862,1
851862,0
851862,2
851862,4
851862,3
851940,1
851944,0
851960,1
851960,0
852037,5
852037,1
852037,15
852037,0
852037,2
852145,0
852145,2
852196,0
852215,0
852260,0
852260,1
852260,5
852340,1
852340,0
852535,0
852685,1
852685,5
852685,0
852701,0
852759,1
852759,18
852759,62
852759,26
852801,0
852801,5
852801,1
852801,7
852801,186
852839,41
852839,1
852839,4
852848,1
852848,5
852849,1
852849,5
852849,4
852849,0
852849,2
852928,1
852928,0
852936,5
853027,3
853027,0
853027,18
853027,62
853063,17
853063,1
853063,0
853089,0
853089,18
853089,62
853089,4
853089,1
853089,3
853237,1
853237,5
853252,0
853252,5
853252,1
853260,18
853260,62
853260,9
853426,1
853426,0
853426,3
853429,0
853429,1
853429,5
853429,4
853437,1
853437,5
853437,0
853701,0
853701,5
853701,1
853741,7
853741,186
853741,1
853904,20
853904,0
854007,4
854007,1
854099,0
854291,16
854317,0
854344,0
854344,1
854370,1
854370,0
854370,12
854412,0
854412,1
854412,5
854412,26
854449,0
854479,3
854479,4
854590,0
854936,8
855122,0
855122,16
855122,1
855156,0
855156,1
855156,5
855468,1
855470,1
855470,12
855478,0
855578,1
855581,0
855633,1
855633,3
855633,0
855749,0
855749,1
855749,7
855749,186
855749,5
855761,5
855761,1
855761,0
855761,4
855812,16
855812,0
855817,1
855817,0
855817,9
855817,18
855817,62
855879,5
855879,1
855888,0
855888,1
855888,8
855930,26
855930,15
855930,1
856046,8
856140,1
856140,4
856259,5
856259,1
856259,0
856356,1
856356,0
856454,8
856454,0
856454,1
856454,3
856632,0
856632,5
856632,1
856632,7
856632,186
856670,3
856670,0
856670,1
856670,8
856670,2
856670,18
856670,62
856681,1
856681,0
856681,6
856736,1
856736,0
856800,0
856800,5
856800,1
856800,7
856800,186
856894,0
856894,1
856894,5
857008,0
857141,1
857141,0
857141,13
857145,0
857178,0
857197,1
857197,0
857307,0
857360,0
857546,4
857546,13
857546,1
857546,5
857559,1
857559,5
857559,7
857559,186
857559,0
857655,0
857655,1
857662,0
857662,1
857662,5
857726,7
857726,186
857758,5
857758,1
857758,0
857839,35
857839,11
857982,9
857982,30
857982,144
857982,1
857982,41
857982,8
858029,5
858029,1
858029,7
858029,186
858096,1
858119,0
858119,1
858119,5
858126,5
858126,7
858126,186
858212,7
858212,186
858212,1
858212,5
858259,1
858259,0
858436,8
858436,5
858436,0
858436,2
858743,8
858743,1
858743,3
858743,4
859036,0
859036,1
859141,1
859141,0
859141,6
859141,2
859141,18
859141,62
859164,1
859164,9
859224,9
859224,0
859303,0
859303,7
859303,186
859367,0
859367,1
859450,1
859508,1
859531,0
859531,1
859548,1
859548,0
859674,1
859674,0
859733,0
859833,5
859833,1
859848,1
859848,0
859998,1
859998,5
860006,1
860006,4
860006,3
860019,8
860019,0
860147,5
860147,0
860169,5
860169,1
860240,0
860247,1
860313,8
860313,0
860422,0
860422,7
860422,186
860458,0
860458,1
860490,5
860490,1
860570,5
860570,1
860570,0
860594,0
860615,1
860615,0
860664,0
860677,0
860705,7
860705,186
860705,1
860705,4
860705,3
860705,26
860705,5
860760,0
860760,4
860760,1
860760,3
860786,5
860786,1
860786,13
860911,0
860933,3
861051,0
861051,1
861115,8
861282,0
861295,14
861295,13
861380,1
861380,12
861417,5
861417,1
861417,0
861509,7
861509,186
861509,0
861545,0
861545,1
861545,4
861552,0
861705,1
861705,6
861705,9
861906,1
861906,0
861961,1
861961,5
862095,1
862095,4
862095,3
862145,16
862145,0
862152,5
862152,1
862152,13
862152,9
862152,8
862181,0
862330,0
862471,1
862471,0
862471,6
862492,1
862492,5
862492,7
862492,186
862516,9
862516,12
862517,0
862517,1
862517,26
862517,8
862636,0
862636,1
862636,22
862885,0
862885,1
862913,0
862913,1
862913,5
862913,4
862913,13
862920,0
862920,1
862985,1
862985,0
863016,0
863208,0
863208,20
863208,1
863294,1
863552,7
863552,186
863552,5
863552,1
863733,0
863758,0
863758,1
863773,0
863773,1
863773,14
863773,20
863773,12
863829,15
863829,1
863960,0
863996,0
864001,0
864001,1
864116,0
864116,14
864166,7
864166,186
864166,21
864166,22
864373,1
864373,4
864431,1
864431,9
864500,0
864500,1
864565,0
864641,1
864641,5
864641,15
864641,0
864751,0
864751,1
864751,5
864824,1
864824,0
864827,0
864827,22
864850,0
864850,1
864850,5
864889,4
864889,3
864889,33
864889,19
864889,8
864959,8
864959,1
864959,5
864959,0
864967,1
864967,5
864967,0
865030,0
865030,5
865030,1
865047,3
865047,0
865047,28
865047,18
865047,62
865365,1
865365,5
865476,8
865476,0
865484,1
865484,13
865646,5
865646,1
865655,1
865655,4
865655,3
865655,0
865774,0
865781,1
865781,0
865957,8
865962,7
865962,186
866012,0
866012,5
866012,1
866040,0
866040,5
866040,1
866106,1
866106,0
866165,5
866165,1
866165,7
866165,186
866165,0
866292,7
866292,186
866409,0
866409,1
866409,5
866437,0
866437,5
866455,5
866455,1
866455,0
866513,22
866513,0
866516,1
866516,5
866516,15
866516,0
866569,0
866586,0
866586,1
866600,0
866600,25
866621,16
866621,0
866621,23
866621,8
866640,0
866672,1
866672,5
866773,1
866773,0
866787,1
867100,0
867100,16
867435,1
867435,5
867641,1
867641,0
867641,7
867641,186
867641,5
867695,1
867695,26
867695,13
867695,4
867695,0
867701,0
867734,0
867734,9
867734,7
867734,186
867758,10
867758,11
867758,9
867830,1
867830,0
867830,28
867850,5
867850,7
867850,186
867875,3
867875,4
867875,28
867875,18
867875,62
867904,21
867904,0
867904,1
867904,25
867904,14
867941,0
867941,1
867941,4
867941,3
867941,2
867999,0
867999,8
868040,0
868040,1
868109,26
868122,0
868165,0
868165,15
868165,5
868165,1
868165,14
868165,13
868417,5
868417,1
868472,0
868474,6
868515,1
868535,0
868535,1
868592,0
868592,1
868633,1
868633,0
869000,8
869000,30
869000,144
869000,13
869000,12
869000,1
869000,20
869000,0
869000,6
869053,1
869053,5
869053,2
869053,0
869053,18
869053,62
869168,5
869168,7
869168,186
869168,0
869220,1
869220,0
869220,2
869220,24
869263,1
869263,29
869317,1
869317,3
869354,0
869355,0
869396,2
869396,4
869396,5
869411,1
869588,0
869588,1
869603,5
869687,0
869687,1
869725,1
869725,0
869725,5
869778,0
869778,1
869942,0
869942,1
870084,0
870084,2
870084,1
870099,1
870108,1
870108,30
870108,144
870108,9
870108,5
870165,1
870201,1
870201,0
870220,1
870316,0
870316,7
870316,186
870316,1
870316,5
870334,0
870334,1
870334,5
870364,0
870364,16
870364,4
870364,14
870364,7
870364,186
870451,0
870453,1
870472,29
870472,5
870472,1
870508,0
870508,1
870591,8
870699,2
870747,0
870952,0
870952,5
870952,1
870952,7
870952,186
871238,1
871309,1
871309,3
871309,11
871309,10
871352,0
871352,9
871352,1
871377,4
871633,0
871771,1
871771,5
871771,0
871799,10
871799,9
871884,1
871884,0
871934,1
871970,0
871970,1
871970,5
871971,0
871971,1
871971,5
872036,16
872036,0
872036,22
872080,1
872080,0
872097,1
872097,5
872097,14
872097,9
872097,11
872097,0
872117,0
872117,17
872117,9
872119,4
872119,1
872119,2
872119,3
872119,6
872187,0
872187,1
872272,7
872272,186
872299,0
872337,1
872337,4
872367,0
872367,1
872379,1
872379,0
872386,1
872609,1
872609,0
872615,0
872705,0
872705,26
872705,1
872722,13
872740,0
872747,0
872747,1
872901,4
872967,0
872989,1
872989,5
872989,12
872989,29
873010,1
873010,5
873023,0
873069,0
873069,1
873069,27
873116,0
873125,1
873138,1
873138,0
873148,1
873148,0
873148,6
873148,12
873161,0
873242,1
873378,1
873430,1
873430,3
873430,0
873430,5
873573,0
873573,22
873573,5
873573,1
873584,0
873584,22
873624,0
873624,1
873624,2
873624,18
873624,62
873665,1
873699,0
873712,0
873712,22
873771,18
873771,62
873908,0
873908,1
873908,3
873908,5
873988,1
873988,4
873988,13
874156,0
874193,1
874193,0
874193,4
874193,6
874348,0
874348,1
874364,0
874364,6
874394,1
874394,3
874394,5
874394,0
874497,0
874497,1
874497,5
874505,4
874505,1
874505,0
874533,5
874533,7
874533,186
874535,0
874553,0
874556,0
874556,1
874556,5
874565,1
874662,1
874702,1
874702,0
874805,1
874829,1
874829,0
874901,1
874901,0
874987,1
875011,26
875456,1
875456,5
875633,0
875633,1
875716,1
875741,7
875741,186
875759,1
875759,0
875854,0
875854,21
876037,0
876037,1
876039,1
876039,0
876114,1
876114,9
876114,18
876114,62
876123,0
876123,1
876205,2
876205,4
876207,1
876207,0
876220,1
876371,0
876383,0
876383,1
876445,11
876548,1
876548,0
876548,8
876564,0
876600,1
876600,0
876600,26
876668,1
876668,0
876668,16
876766,1
876766,0
876814,17
876814,0
876814,2
876860,0
876866,5
876866,0
876866,1
876945,0
877003,0
877003,20
877003,1
877021,0
877021,1
877083,1
877083,18
877083,62
877176,0
877176,1
877210,0
877210,1
877210,2
877372,0
877372,1
877372,5
877392,1
877392,0
877392,5
877392,29
877392,2
877392,18
877392,62
877452,0
877548,3
877548,1
877548,0
877548,5
877548,4
877562,1
877562,25
877747,8
877759,2
877759,1
877759,0
877759,4
877768,8
877919,1
877919,0
877919,8
877946,1
877946,3
878034,1
878034,0
878060,0
878063,0
878128,0
878128,1
878128,5
878128,4
878128,14
878134,8
878134,1
878297,0
878297,1
878360,1
878360,18
878360,62
878426,14
878426,1
878454,1
878454,0
878454,2
878454,4
878513,1
878522,7
878522,186
878522,5
878522,1
878547,20
878583,8
878583,0
878583,1
878583,4
878583,23
878698,0
878698,1
878698,8
878698,9
878742,1
878742,0
878976,0
878976,22
878976,14
879070,3
879083,0
879106,7
879106,186
879106,1
879106,0
879259,1
879259,0
879259,2
879259,3
879406,0
879418,0
879424,0
879476,0
879476,1
879476,5
879512,0
879530,4
879530,1
879530,5
879530,3
879530,13
879530,18
879530,62
879557,1
879557,5
879557,0
879601,0
879601,1
879601,15
879601,5
879601,13
879601,28
879601,6
879628,6
879740,1
879740,0
879776,0
879776,4
879776,2
879780,1
879845,7
879845,186
879845,5
879845,1
879845,22
879845,0
879884,1
879892,5
879892,0
879922,0
880033,0
880033,1
880066,4
880066,1
880066,0
880130,7
880130,186
880130,1
880130,0
880130,5
880130,14
880130,25
880130,4
880136,0
880136,1
880215,0
880228,0
880228,1
880237,0
880255,1
880431,0
880431,1
880435,1
880435,0
880435,4
880435,3
880573,1
880573,0
880573,20
880634,0
880634,1
880675,8
880713,0
880713,1
880837,1
880837,0
880848,3
880848,1
881009,1
881050,1
881050,4
881050,9
881050,0
881050,31
881050,25
881444,6
881444,4
881444,0
881444,2
881444,1
881466,1
881466,0
881499,0
881499,1
881499,5
881734,0
881762,1
881786,1
881786,5
881786,7
881786,186
881786,0
881863,0
881863,1
881863,5
881872,1
881872,5
881872,0
881990,1
881990,4
881990,3
881990,5
881990,0
881990,2
882126,4
882126,2
882126,0
882126,1
882217,0
882217,4
882224,7
882224,186
882224,15
882224,1
882224,5
882224,26
882304,1
882304,0
882581,7
882581,186
882581,5
882581,0
882666,0
882694,0
882702,4
882702,9
882702,1
882712,1
882712,0
882825,8
882977,0
882977,1
882993,22
882993,0
883048,1
883095,0
883174,4
883174,6
883174,1
883174,31
883193,5
883193,1
883193,15
883346,1
883375,0
883495,0
883604,26
883604,1
883663,18
883663,62
883745,10
883745,11
883745,9
883799,0
883799,9
883829,1
883829,0
883882,1
883895,0
883906,1
883906,0
883906,5
883906,9
884133,0
884133,1
884133,5
884138,1
884151,1
884151,5
884151,0
884151,2
884277,0
884419,0
884419,18
884419,62
884419,1
884419,3
884419,12
884506,2
884506,18
884506,62
884639,0
884639,1
884639,14
884725,0
884725,5
884725,1
884732,1
884732,0
884913,1
884997,0
884997,1
885016,0
885088,1
885154,1
885154,4
885154,8
885166,18
885166,62
885166,1
885181,37
885181,1
885181,0
885181,5
885181,7
885181,186
885199,0
885199,2
885205,1
885271,1
885271,5
885271,4
885300,3
885300,4
885300,0
885300,1
885396,1
885449,0
885449,5
885449,1
885580,5
885580,1
885580,7
885580,186
885580,0
885580,8
885599,0
885599,1
885602,1
885602,3
885614,4
885702,0
885702,1
885783,0
885800,7
885800,186
885800,6
885800,1
886024,7
886024,186
886024,1
886024,4
886024,31
886024,0
886024,5
886024,3
886024,14
886024,52
886117,5
886117,1
886136,1
886136,5
886136,8
886143,1
886151,1
886216,0
886216,1
886216,4
886221,0
886221,1
886237,0
886245,1
886261,7
886261,186
886516,1
886539,1
886539,39
886603,4
886603,3
886609,1
886609,0
886733,1
886787,3
886787,4
886813,0
886813,7
886813,186
886813,5
886825,5
886825,1
887119,4
887119,0
887119,9
887119,10
887119,11
887132,32
887156,7
887156,186
887156,0
887163,15
887163,1
887163,5
887163,0
887168,26
887243,14
887243,0
887257,1
887257,0
887257,7
887257,186
887257,5
887257,14
887366,8
887366,1
887366,5
887366,0
887515,0
887515,1
887515,5
887534,0
887534,1
887578,0
887586,1
887586,0
887882,1
887882,8
888023,10
888023,0
888023,1
888023,9
888023,2
888023,7
888023,186
888023,5
888023,4
888096,1
888177,0
888177,1
888177,4
888258,5
888258,1
888258,0
888258,7
888258,186
888259,7
888259,186
888301,5
888327,0
888327,1
888380,1
888380,0
888432,0
888432,4
888512,0
888524,0
888524,5
888524,1
888524,7
888524,186
888529,1
888529,5
888529,7
888529,186
888532,1
888532,5
888533,0
888533,1
888538,1
888538,9
888583,0
888583,8
888750,20
888779,26
888779,1
888779,5
888779,0
888791,0
888791,1
888918,0
889014,1
889014,0
889014,10
889014,11
889014,9
889014,2
889126,0
889167,0
889167,26
889270,9
889270,4
889270,1
889270,6
889320,0
889320,1
889408,5
889408,1
889408,0
889505,1
889505,30
889505,144
889630,4
889642,0
889647,0
889647,24
889688,1
889819,1
889819,10
889819,11
889849,1
889849,0
889883,4
889883,1
889883,0
889883,28
889883,18
889883,62
889927,5
889927,8
889968,0
889968,1
890008,1
890008,5
890008,0
890024,1
890067,4
890067,0
890217,1
890217,0
890260,0
890396,0
890454,1
890454,0
890484,1
890484,0
890484,4
890490,0
890491,18
890491,62
890491,1
890491,4
890491,0
890491,2
890565,0
890578,5
890578,0
890584,0
890670,0
890875,0
890875,7
890875,186
890875,5
890875,1
890909,1
890960,1
890960,5
891180,0
891200,1
891200,15
891200,14
891222,1
891222,5
891222,0
891222,3
891421,5
891421,7
891421,186
891426,1
891426,4
891426,3
891426,8
891545,0
891545,5
891545,7
891545,186
891728,5
891728,3
891728,1
891728,15
891728,29
891935,7
891935,186
891935,0
891935,22
892013,0
892013,5
892013,1
892078,8
892219,0
892572,4
892572,9
892572,1
892572,2
892669,0
892669,1
892669,5
892695,5
892695,1
892695,0
892697,1
892697,4
892697,5
892810,0
892891,1
892891,0
892907,0
892914,0
892914,1
892914,13
892935,0
893047,0
893047,1
893047,8
893332,0
893332,2
893332,4
893332,3
893356,1
893356,0
893441,1
893441,15
893493,1
893499,1
893499,0
893512,1
893512,5
893512,3
893512,4
893512,2
893635,1
893635,0
893735,18
893735,62
893735,4
893821,0
893821,5
893821,1
893868,0
893868,1
893928,6
893928,16
893928,0
893960,1
893960,0
894043,12
894043,1
894076,22
894153,0
894336,0
894362,8
894406,5
894406,1
894406,0
894407,1
894422,0
894422,7
894422,186
894422,1
894422,5
894422,22
894461,8
894461,1
894461,5
894461,0
894493,1
894493,0
894493,5
894494,14
894494,0
894494,1
894523,0
894523,16
894620,1
894620,0
894783,32
894785,1
894812,37
894821,0
894821,1
894821,5
894822,0
894980,1
894980,5
895035,0
895082,0
895082,1
895149,0
895185,7
895185,186
895185,1
895185,5
895185,0
895191,7
895191,186
895297,9
895297,1
895297,4
895297,31
895297,0
895332,0
895332,1
895370,0
895370,1
895370,18
895370,62
895370,9
895543,0
895587,0
895587,2
895587,18
895587,62
895587,1
895892,0
895892,1
895892,5
895935,1
895935,4
895935,13
895981,0
895981,1
895981,5
896001,0
896001,1
896001,6
896097,5
896097,26
896125,0
896229,1
896229,0
896291,0
896291,1
896298,1
896299,0
896299,1
896381,1
896381,5
896381,3
896381,0
896388,0
896388,7
896388,186
896388,5
896388,1
896417,1
896417,5
896417,0
896483,0
896483,1
896483,5
896533,1
896533,5
896533,0
896590,8
896590,4
896590,9
896590,0
896651,3
896651,2
896749,15
896749,1
896816,0
896816,1
896816,5
896855,18
896855,62
896855,0
896855,3
896931,0
896931,4
896931,1
897025,1
897025,5
897025,0
897052,3
897068,1
897068,10
897068,11
897080,0
897081,8
897096,5
897096,1
897096,0
897096,7
897096,186
897195,0
897195,1
897241,20
897241,12
897241,1
897344,0
897344,1
897437,8
897437,1
897437,5
897437,0
897625,9
897625,1
897625,10
897625,11
897636,0
897636,1
897926,1
897926,0
898016,0
898027,0
898040,4
898040,1
898040,3
898040,0
898082,5
898082,1
898082,15
898082,4
898082,13
898233,0
898275,0
898275,1
898382,7
898382,186
898407,0
898407,5
898407,1
898416,32
898416,5
898416,15
898416,1
898513,0
898513,16
898637,1
898656,16
898656,1
898720,0
898720,1
898720,8
898741,0
898848,0
898848,32
898891,14
898891,25
899074,1
899074,5
899080,1
899080,5
899190,30
899190,144
899369,1
899374,1
899374,0
899377,0
899377,6
899377,1
899457,1
899457,0
899546,1
899546,0
899578,1
899578,4
899701,0
899701,1
899727,8
899727,0
899727,1
899727,14
899877,1
899877,4
899877,5
899877,23
899877,9
899929,0
899997,0
899997,1
900034,0
900034,5
900034,1
900170,0
900170,1
900294,0
900294,1
900294,5
900334,1
900334,9
900334,7
900334,186
900334,18
900334,62
900334,29
900338,0
900338,1
900338,5
900377,0
900488,1
900620,0
900621,0
900621,5
900621,1
900621,4
900711,0
900711,1
900711,20
900711,27
900734,0
900734,1
900807,0
900813,1
900839,1
900886,0
900935,1
900952,1
901015,0
901026,0
901026,1
901026,5
901133,5
901198,4
901198,13
901198,1
901198,26
901198,5
901198,9
901562,0
901562,1
901562,5
901564,0
901564,1
901568,1
901568,5
901568,0
901659,0
901659,1
901659,22
901659,15
902096,7
902096,186
902096,1
902096,0
902115,1
902115,3
902115,4
902115,25
902115,0
902136,0
902378,0
902378,22
902419,0
902419,1
902438,0
902438,1
902438,5
902438,7
902438,186
902438,15
902523,8
902549,0
902549,4
902579,4
902579,0
902579,1
902624,8
902660,0
902764,1
902764,0
902806,0
902806,1
902806,5
902848,0
902848,5
902870,4
902955,0
903146,1
903146,4
903146,5
903146,15
903146,0
903164,8
903174,0
903259,1
903259,5
903259,2
903259,0
903365,5
903365,1
903370,0
903438,1
903438,0
903438,4
903438,16
903636,1
903636,0
903636,28
903686,0
903686,2
903772,0
903772,1
903772,5
903796,0
903885,1
903885,0
903974,0
903974,1
903974,4
903995,1
904450,0
904450,22
904575,2
904575,1
904625,0
904625,1
904625,5
904632,1
904632,0
904639,1
904639,5
904639,0
904745,4
904745,3
904745,1
904745,0
904745,2
904807,0
904807,1
904807,14
904927,1
904963,1
904977,26
904977,8
904977,1
905023,4
905023,1
905023,3
905023,0
905243,8
905243,3
905243,1
905243,4
905243,40
905425,1
905510,14
905510,0
905533,5
905533,1
905533,0
905728,6
905768,1
905768,0
905768,7
905768,186
905782,7
905782,186
905786,1
905928,1
905928,4
905928,3
906162,1
906162,5
906162,0
906205,1
906205,0
906289,1
906289,5
906301,1
906396,0
906396,3
906396,1
906447,1
906447,0
906484,0
906512,1
906512,0
906547,1
906547,4
906547,0
906660,1
906660,0
906793,1
906793,5
906858,0
906868,0
906938,1
906938,12
907126,1
907126,5
907126,15
907165,0
907254,1
907288,0
907326,1
907362,1
907362,0
907362,7
907362,186
907438,0
907438,2
907438,1
907631,0
907631,22
907729,0
907729,23
907807,1
907807,5
907807,0
907814,0
907928,1
907928,0
907933,1
907933,0
907933,3
907933,5
907933,2
907933,18
907933,62
908114,1
908114,5
908147,0
908219,0
908219,1
908219,5
908236,0
908236,1
908422,0
908511,7
908511,186
908511,5
908511,1
908542,1
908542,5
908542,0
908623,0
908623,1
908660,6
908660,1
908660,4
908666,0
908666,25
908666,31
908666,1
908691,1
908691,5
908819,1
908841,1
908841,0
908841,2
908908,7
908908,186
908908,0
908908,5
908925,0
908925,1
908961,0
908961,7
908961,186
908961,1
908961,5
908989,1
909000,5
909061,2
909061,1
909061,5
909061,7
909061,186
909061,3
909212,1
909212,5
909276,22
909515,1
909515,0
909930,1
909991,7
909991,186
909991,5
909991,0
910058,0
910061,26
910061,13
910061,4
910061,9
910152,0
910152,1
910152,5
910152,13
910152,46
910174,1
910174,4
910178,1
910178,13
910318,5
910318,4
910318,22
910318,8
910389,1
910446,3
910446,1
910446,0
910446,12
910553,4
910553,0
910574,1
910574,0
910610,1
910610,9
910610,4
910610,30
910610,144
910610,0
910823,8
910823,1
910823,5
910823,0
910827,1
910827,0
911048,1
911048,0
911048,4
911165,7
911165,186
911165,5
911211,0
911211,1
911217,1
911217,5
911217,0
911257,0
911257,6
911348,0
911656,5
911725,0
911725,1
911749,0
911749,4
911749,5
911764,1
911764,5
911764,3
911764,29
911764,7
911764,186
911764,15
912093,0
912179,1
912179,4
912179,5
912221,8
912224,0
912263,0
912268,1
912268,0
912294,1
912468,0
912468,16
912468,1
912552,2
912552,4
912552,14
912552,1
912552,0
912606,0
912606,1
912606,5
912657,1
912657,0
912657,2
912753,14
912753,0
912753,1
912847,0
912847,1
912865,0
912865,1
912886,30
912886,144
912886,0
912899,0
912964,0
913077,1
913077,5
913161,0
913303,0
913303,1
913303,5
913303,29
913303,26
913303,13
913334,0
913334,1
913335,1
913335,5
913335,7
913335,186
913335,0
913335,15
913371,5
913371,7
913371,186
913371,0
913503,0
913503,1
913503,5
913503,7
913503,186
913503,22
913631,1
913631,4
913631,9
913631,17
913715,0
913781,1
913781,5
913781,3
913781,0
913835,4
913835,9
913975,0
914097,1
914097,5
914097,15
914097,0
914174,0
914198,0
914198,4
914198,6
914291,5
914291,31
914291,1
914291,7
914291,186
914291,4
914291,13
914291,14
914344,1
914396,32
914446,0
914503,4
914503,13
914503,1
914503,5
914583,0
914711,1
914730,3
914730,4
914730,0
914730,6
914750,0
914759,4
914759,1
914862,0
914862,1
914931,26
915139,0
915139,1
915139,3
915266,25
915266,5
915266,1
915266,4
915266,3
915379,1
915402,1
915402,3
915402,0
915592,1
915592,0
915592,2
915704,7
915704,186
915704,1
915711,14
915711,0
915711,1
915850,0
915850,1
915858,1
915858,0
915885,0
915885,2
915885,1
915968,0
916020,0
916020,2
916285,0
916397,1
916397,3
916397,4
916403,0
916403,1
916403,4
916403,9
916459,0
916482,1
916482,0
916489,0
916489,7
916489,186
916489,1
916489,5
916691,1
916691,0
916740,0
916740,7
916740,186
916740,1
916810,1
916810,2
916810,0
916834,0
916834,1
916834,9
916834,7
916834,186
916869,1
916869,4
916869,3
916948,7
916948,186
916948,1
916948,5
916949,4
916949,3
916949,1
916949,2
916949,0
916949,24
916949,6
916952,0
916953,1
916953,0
916995,0
917247,0
917247,2
917247,1
917247,4
917247,3
917322,0
917458,0
917537,1
917537,5
917537,0
917564,3
917573,5
917573,1
917573,0
917573,2
917606,1
917606,0
917640,1
917640,5
917640,0
917691,0
917691,14
917691,4
917691,1
917691,9
917712,1
917827,0
917827,7
917827,186
917837,0
917837,1
917848,0
917848,1
917848,5
917887,1
917919,0
918010,1
918010,0
918055,0
918055,1
918361,0
918361,16
918365,5
918365,0
918365,1
918365,3
918365,4
918365,13
918375,0
918400,0
918400,1
918438,1
918438,16
918438,5
918438,3
918508,1
918508,0
918508,12
918590,1
918590,5
918590,0
918590,8
918840,0
918840,14
918840,18
918840,62
918889,1
918941,0
918941,1
918941,5
918941,26
919069,0
919113,0
919113,8
919136,1
919136,5
919136,0
919136,2
919136,18
919136,62
919136,26
919190,1
919190,0
919280,1
919280,5
919280,0
919394,0
919394,1
919394,5
919703,0
919795,5
919795,1
919795,32
919850,0
919850,1
919850,7
919850,186
919890,0
919900,0
920076,1
920076,4
920092,0
920092,16
920092,20
920102,8
920102,0
920155,0
920211,0
920211,1
920236,0
920236,21
920267,8
920281,0
920287,1
920287,7
920287,186
920417,1
920417,4
920417,3
920417,0
920487,5
920487,0
920487,1
920487,3
920487,4
920487,13
920729,39
920729,3
920844,0
921106,0
921109,22
921109,1
921158,1
921158,5
921158,4
921158,0
921183,0
921183,1
921183,5
921295,0
921295,1
921295,3
921295,2
921295,7
921295,186
921296,1
921304,0
921304,5
921382,0
921399,1
921436,0
921436,5
921436,1
921514,0
921515,22
921515,0
921585,1
921585,31
921585,0
921585,4
921585,7
921585,186
921585,5
921660,5
921660,1
921660,15
921806,1
921806,0
921986,1
921986,0
921986,8
922163,1
922163,5
922251,1
922307,1
922307,6
922307,5
922307,0
922307,7
922307,186
922387,0
922453,1
922453,5
922461,0
922551,4
922551,1
922551,3
922551,8
922551,0
922644,0
922644,7
922644,186
922644,1
922644,5
922736,0
922848,2
922848,1
922848,0
922985,0
922987,1
923135,1
923135,5
923135,0
923209,8
923232,0
923232,1
923354,0
923481,26
923481,1
923481,4
923481,0
923481,7
923481,186
923498,8
923533,0
923533,1
923587,0
923587,1
923599,0
923599,1
923694,1
923694,2
923740,0
923740,1
923758,0
923758,7
923758,186
923758,5
923758,1
923792,0
923873,18
923873,62
923873,4
923873,1
923873,5
923873,3
923873,13
923881,25
923881,1
923881,9
923881,0
923881,29
923888,0
923888,1
923888,7
923888,186
923971,1
923971,0
923996,0
923996,7
923996,186
923996,1
923996,5
923996,22
924030,0
924206,1
924206,5
924206,0
924243,5
924243,1
924243,0
924335,1
924476,7
924476,186
924476,0
924476,5
924476,1
924522,0
924522,20
924522,21
924522,14
924522,8
924570,1
924570,0
924635,0
924635,1
924645,1
924666,1
924666,0
924749,0
924749,4
924749,2
924800,1
924800,14
924800,8
924835,5
924835,15
924835,0
924835,2
924835,18
924835,62
924853,7
924853,186
924853,8
924975,13
924975,1
925121,0
925121,1
925178,1
925178,4
925178,3
925178,0
925178,2
925178,18
925178,62
925320,0
925361,1
925361,0
925397,1
925397,0
925397,6
925598,0
925598,8
925598,10
925657,1
926134,1
926134,0
926149,5
926149,1
926149,4
926324,0
926483,0
926483,5
926522,0
926522,25
926522,4
926522,1
926522,2
926528,3
926528,4
926528,2
926528,0
926528,1
926540,0
926540,1
926540,4
926571,0
926571,1
926571,4
926571,5
926571,6
926954,1
926954,0
926985,0
927071,0
927110,5
927110,0
927123,0
927176,0
927176,5
927176,7
927176,186
927176,1
927219,1
927219,6
927219,5
927317,0
927345,0
927345,18
927345,62
927431,0
927431,16
927470,22
927485,1
927485,0
927636,0
927636,1
927636,5
927654,8
927654,1
927654,0
927674,0
927674,1
927674,5
927859,0
927859,1
927953,7
927953,186
928044,0
928125,15
928125,1
928125,5
928125,0
928246,0
928246,1
928246,5
928356,1
928430,35
928430,1
928430,0
928430,8
928473,4
928473,19
928473,27
928528,5
928528,1
928528,7
928528,186
928528,15
928528,0
928573,0
928573,14
928573,22
928592,0
928592,2
928592,1
928592,4
928592,3
928617,0
928617,2
928617,1
928658,1
928658,0
928658,2
928658,18
928658,62
928664,0
928664,2
928664,1
928891,0
928961,0
928961,1
929068,0
929155,0
929155,1
929230,5
929230,1
929230,0
929248,2
929347,0
929347,3
929347,1
929468,1
929468,0
929511,0
929511,1
929519,0
929589,17
929589,18
929589,62
929589,1
929600,0
929600,1
929600,5
929602,6
929602,4
929602,1
929602,2
929605,1
929605,0
929605,5
929621,5
929621,1
929621,7
929621,186
929806,0
929806,1
929818,1
929818,0
929830,0
929881,0
929892,0
929892,3
929892,4
929892,1
929892,18
929892,62
929957,0
930008,0
930008,1
930107,7
930107,186
930174,0
930324,1
930449,1
930462,1
930462,5
930462,4
930462,0
930462,18
930462,62
930614,3
930614,2
930614,0
930614,1
930694,0
930694,1
930700,0
930718,1
930823,1
931065,1
931065,8
931109,1
931109,0
931162,1
931162,5
931162,0
931175,0
931229,26
931252,0
931273,1
931273,8
931379,0
931379,1
931379,5
931472,0
931472,5
931472,1
931472,15
931472,7
931472,186
931472,8
931630,1
931664,3
931664,4
931874,1
931874,0
931874,28
931874,5
931931,1
932009,1
932046,1
932053,5
932053,1
932053,0
932102,1
932102,20
932102,12
932145,11
932197,0
932263,8
932263,1
932263,0
932409,3
932409,0
932409,1
932409,4
932448,8
932448,1
932448,0
932585,1
932692,0
932692,6
932692,1
932822,0
932822,5
932822,1
932822,20
933129,0
933129,1
933134,0
933134,5
933134,1
933151,0
933168,5
933214,1
933214,0
933414,1
933414,4
933414,12
933414,8
933416,0
933416,16
933416,1
933518,1
933518,5
933519,8
933519,1
933519,27
933519,11
933560,0
933560,5
933560,1
933719,0
933719,7
933719,186
933719,1
933719,5
933829,1
933829,5
933829,0
933829,2
933829,18
933829,62
933840,1
933840,5
933926,2
933926,0
933926,18
933926,62
934038,0
934038,1
934055,0
934065,0
934065,5
934065,1
934065,8
934182,0
934200,1
934356,0
934356,1
934356,5
934390,0
934390,1
934390,5
934390,25
934390,31
934424,0
934424,1
934424,5
934464,16
934464,5
934464,1
934495,0
934495,1
934495,4
934495,8
934511,1
934596,1
934596,3
934596,4
934596,5
934596,29
934596,15
934616,0
934641,8
934641,19
934641,18
934641,62
934641,13
934641,6
934750,1
934891,0
935002,1
935002,5
935002,0
935004,0
935054,0
935054,5
935054,1
935054,26
935164,0
935282,1
935282,15
935300,5
935451,1
935451,14
935515,0
935582,0
935582,1
935582,5
935586,1
935586,8
935624,1
935624,0
935626,1
935626,0
935626,2
935626,5
935825,1
935825,5
935825,4
935825,3
935825,0
935831,1
935877,1
935877,2
935877,0
935877,5
935877,14
935877,3
935879,0
935993,5
935993,1
935993,0
936084,0
936101,0
936133,26
936133,0
936183,1
936224,0
936224,1
936224,3
936224,8
936224,5
936294,1
936323,1
936323,3
936323,9
936323,0
936323,6
936363,4
936431,1
936442,5
936442,0
936442,1
936512,0
936512,9
936512,5
936648,0
936648,1
936674,0
936674,14
936859,0
937020,0
937020,7
937020,186
937020,1
937104,1
937104,5
937104,4
937104,3
937104,0
937106,0
937193,18
937193,62
937193,0
937193,1
937261,3
937261,4
937261,0
937261,1
937261,5
937272,8
937276,0
937276,1
937309,1
937387,1
937387,0
937414,1
937414,0
937640,0
937664,1
937664,5
937664,13
937729,1
937729,4
937729,3
937729,39
937729,0
937747,7
937747,186
937747,5
937816,1
937816,3
937816,0
937816,2
937816,6
937914,20
937914,1
937914,16
937923,0
937923,1
937932,0
937932,1
938073,1
938073,0
938103,0
938103,1
938103,5
938181,6
938181,0
938230,1
938230,0
938377,1
938386,8
938386,4
938386,3
938386,1
938571,0
938670,1
938748,4
938863,0
938863,1
938863,5
938863,7
938863,186
938907,1
938907,5
938907,7
938907,186
938907,0
938933,1
938933,5
938933,3
938933,0
939029,16
939029,0
939098,1
939098,5
939098,3
939098,0
939138,0
939138,1
939138,5
939141,8
939277,0
939315,0
939315,1
939315,5
939315,26
939547,0
939547,1
939587,12
939619,1
939619,0
939661,0
939661,1
939661,5
939661,4
939662,0
939705,1
939705,0
939750,22
939969,5
939969,1
940036,0
940076,1
940076,5
940093,1
940109,0
940110,0
940110,2
940390,1
940390,0
940411,0
940447,0
940447,1
940447,5
940475,1
940475,5
940475,15
940479,5
940479,1
940479,0
940701,1
940701,4
940701,9
940897,1
940897,4
940897,5
940904,1
940904,0
940921,1
940921,7
940921,186
940921,5
941237,0
941237,5
941242,1
941269,0
941317,1
941329,0
941329,1
941346,0
941413,1
941496,7
941496,186
941525,8
941525,0
941591,0
941611,0
941714,5
941714,0
941714,1
941714,3
941714,4
941714,13
941733,16
941733,0
941733,23
941794,1
941875,0
941875,1
941981,8
941981,1
941981,0
941981,5
941981,7
941981,186
942004,7
942004,186
942004,0
942078,1
942078,8
942116,0
942116,1
942214,0
942214,16
942214,1
942335,0
942335,5
942335,1
942358,0
942358,5
942402,0
942430,1
942611,0
942611,1
942611,6
942611,4
942742,1
942742,0
942919,0
942919,1
943033,22
943033,5
943159,0
943187,4
943187,0
943188,1
943298,5
943298,1
943298,0
943367,0
943367,1
943367,22
943455,0
943455,6
943626,1
943701,0
943723,0
943806,0
943806,1
943813,0
943957,0
943993,0
944042,1
944042,0
944124,0
944124,1
944139,0
944139,1
944231,0
944231,1
944231,3
944231,5
944301,1
944301,3
944301,0
944312,0
944312,2
944312,1
944312,3
944312,8
944317,0
944368,5
944368,1
944368,7
944368,186
944387,1
944418,0
944418,1
944418,5
944418,7
944418,186
944418,15
944483,5
944483,1
944483,4
944485,1
944513,1
944513,3
944513,9
944513,18
944513,62
944893,8
944893,0
944893,1
944893,6
944893,23
944935,8
944935,0
944935,5
944935,1
944963,22
944963,0
945012,0
945135,0
945135,5
945135,1
945162,0
945162,1
945162,5
945255,5
945255,1
945255,7
945255,186
945323,8
945323,1
945376,26
945376,5
945376,7
945376,186
945411,1
945411,0
945468,5
945468,0
945468,7
945468,186
945468,18
945468,62
945618,7
945618,186
945618,5
945618,1
945618,0
945631,1
945668,1
945668,5
945668,0
945668,7
945668,186
945676,1
945676,0
945750,14
945750,1
945750,4
945750,0
945750,9
945764,26
945764,13
945764,14
945764,4
945764,1
945764,27
945764,19
945764,9
945764,40
945893,0
945893,1
946004,1
946004,0
946004,5
946004,3
946004,13
946004,4
946004,2
946019,1
946019,3
946019,0
946075,2
946299,0
946392,0
946530,1
946530,5
946530,0
946556,0
946556,1
946556,15
946556,10
946560,0
946560,1
946560,4
946574,13
946574,1
946574,5
946676,4
946676,19
946676,0
946736,0
946892,0
946892,6
946925,0
946925,5
946925,7
946925,186
946925,1
946943,0
946943,5
946943,1
946943,9
947130,1
947130,0
947133,0
947174,1
947174,5
947174,0
947195,1
947195,5
947295,0
947295,1
947295,5
947373,1
947391,9
947391,12
947391,6
947391,1
947391,30
947391,144
947391,25
947391,26
947391,14
947391,4
947391,31
947397,0
947439,0
947450,4
947450,10
947450,11
947520,1
947520,5
947745,0
947745,1
947745,4
947745,14
947770,5
947770,1
948070,1
948070,0
948070,5
948070,7
948070,186
948133,0
948133,1
948204,1
948253,8
948253,1
948256,1
948256,6
948256,12
948256,20
948355,0
948355,1
948371,0
948371,14
948371,1
948408,0
948408,22
948408,15
948408,4
948541,8
948611,12
948694,0
948694,1
948694,5
948718,1
948718,7
948718,186
948718,0
948718,5
948718,3
